"source_url","normalized_path","classification","target_url","expected_status","canonical","reason","source","last_crawl","implementation_layer","verified"
"https://bringasinsurance.com/2025/08/05/uvlekatelnye-igry-v-onlaynkazino-pinco-stavki-dostupny-dlya-igrokov-iz-kirgizii/","/2025/08/05/uvlekatelnye-igry-v-onlaynkazino-pinco-stavki-dostupny-dlya-igrokov-iz-kirgizii","GONE_410","","410","","Retired WordPress, commerce, or injected spam URL.","GSC: Rastreada: actualmente sin indexar","","Cloudflare WAF custom response","NO"
"https://bringasinsurance.com/2025/08/10/🎲-🚀-how-to-get-free-coins-in-lightning-link-casino-2025-easy-no-scam-💎-hziilz/feed/","/2025/08/10/🎲-🚀-how-to-get-free-coins-in-lightning-link-casino-2025-easy-no-scam-💎-hziilz/feed","GONE_410","","410","","Retired WordPress, commerce, or injected spam URL.","GSC: Rastreada: actualmente sin indexar","","Cloudflare WAF custom response","NO"
"https://bringasinsurance.com/2025/08/08/oestqe-board-kings-cheats-free-gems-generator-2024-no-verification-new-method/feed/","/2025/08/08/oestqe-board-kings-cheats-free-gems-generator-2024-no-verification-new-method/feed","GONE_410","","410","","Retired WordPress, commerce, or injected spam URL.","GSC: Rastreada: actualmente sin indexar","","Cloudflare WAF custom response","NO"
"https://bringasinsurance.com/2025/07/30/best-tricks-for-free-gems-in-brawl-stars/feed/","/2025/07/30/best-tricks-for-free-gems-in-brawl-stars/feed","GONE_410","","410","","Retired WordPress, commerce, or injected spam URL.","GSC: Rastreada: actualmente sin indexar","","Cloudflare WAF custom response","NO"
"https://bringasinsurance.com/2025/07/30/grab-how-to-play-double-down-casino-on-pc-tutorial-a1xgmli/feed/","/2025/07/30/grab-how-to-play-double-down-casino-on-pc-tutorial-a1xgmli/feed","GONE_410","","410","","Retired WordPress, commerce, or injected spam URL.","GSC: Rastreada: actualmente sin indexar","","Cloudflare WAF custom response","NO"
"https://bringasinsurance.com/2025/08/06/vivatbet-pelinkauneet-casinolla-verkkossa-suomen-pelajille/feed/","/2025/08/06/vivatbet-pelinkauneet-casinolla-verkkossa-suomen-pelajille/feed","GONE_410","","410","","Retired WordPress, commerce, or injected spam URL.","GSC: Rastreada: actualmente sin indexar","","Cloudflare WAF custom response","NO"
"https://bringasinsurance.com/2025/07/30/boost-your-brawl-stars-with-free-gems-2/feed/","/2025/07/30/boost-your-brawl-stars-with-free-gems-2/feed","GONE_410","","410","","Retired WordPress, commerce, or injected spam URL.","GSC: Rastreada: actualmente sin indexar","","Cloudflare WAF custom response","NO"
"https://bringasinsurance.com/2025/08/13/wazamba-casino-πλεονεκτήματα-και-μειονεκτήματα/feed/","/2025/08/13/wazamba-casino-πλεονεκτήματα-και-μειονεκτήματα/feed","GONE_410","","410","","Retired WordPress, commerce, or injected spam URL.","GSC: Rastreada: actualmente sin indexar","","Cloudflare WAF custom response","NO"
"https://bringasinsurance.com/2025/08/12/wazamba-casino-greece-παρουσίαση-1f52c27c/","/2025/08/12/wazamba-casino-greece-παρουσίαση-1f52c27c","GONE_410","","410","","Retired WordPress, commerce, or injected spam URL.","GSC: Rastreada: actualmente sin indexar","","Cloudflare WAF custom response","NO"
"https://bringasinsurance.com/2025/08/07/new-jfllkd-bingo-bash-cheats-boost-your-winnings-with-161qiop/feed/","/2025/08/07/new-jfllkd-bingo-bash-cheats-boost-your-winnings-with-161qiop/feed","GONE_410","","410","","Retired WordPress, commerce, or injected spam URL.","GSC: Rastreada: actualmente sin indexar","","Cloudflare WAF custom response","NO"
"https://bringasinsurance.com/motorcycle-insurance/","/motorcycle-insurance","KEEP_200","","200","https://bringasinsurance.com/motorcycle-insurance","Current indexable canonical route.","GSC: Rastreada: actualmente sin indexar","","origin/application","NO"
"https://bringasinsurance.com/seguro-auto-comercial-en-seattle-washington/","/seguro-auto-comercial-en-seattle-washington","REDIRECT_301","https://bringasinsurance.com/commercial-auto","301","","Equivalent migrated content is explicitly mapped.","GSC: Rastreada: actualmente sin indexar","","Cloudflare redirect","NO"
"https://bringasinsurance.com/2025/08/07/exclusive-double-down-casino-chips-generator-2025-cki4ywk/","/2025/08/07/exclusive-double-down-casino-chips-generator-2025-cki4ywk","GONE_410","","410","","Retired WordPress, commerce, or injected spam URL.","GSC: Rastreada: actualmente sin indexar","","Cloudflare WAF custom response","NO"
"https://bringasinsurance.com/2025/07/30/szhigm-board-kings-cheats-free-gems-generator-2024-no-verification-new-method/","/2025/07/30/szhigm-board-kings-cheats-free-gems-generator-2024-no-verification-new-method","GONE_410","","410","","Retired WordPress, commerce, or injected spam URL.","GSC: Rastreada: actualmente sin indexar","","Cloudflare WAF custom response","NO"
"https://bringasinsurance.com/motorcycle-insurance-in-seattle-washington/","/motorcycle-insurance-in-seattle-washington","REDIRECT_301","https://bringasinsurance.com/motorcycle-insurance","301","","Equivalent migrated content is explicitly mapped.","GSC: Rastreada: actualmente sin indexar","","Cloudflare redirect","NO"
"https://bringasinsurance.com/seguros-para-propietarios-de-negocios-en-seattle-washington/","/seguros-para-propietarios-de-negocios-en-seattle-washington","REDIRECT_301","https://bringasinsurance.com/bop-insurance","301","","Equivalent migrated content is explicitly mapped.","GSC: Rastreada: actualmente sin indexar","","Cloudflare redirect","NO"
"https://bringasinsurance.com/2025/07/30/8-ways-to-get-free-dice-dream-rolls-links-2025-ultimate-method-el6xcu/","/2025/07/30/8-ways-to-get-free-dice-dream-rolls-links-2025-ultimate-method-el6xcu","GONE_410","","410","","Retired WordPress, commerce, or injected spam URL.","GSC: Rastreada: actualmente sin indexar","","Cloudflare WAF custom response","NO"
"https://bringasinsurance.com/2025/07/30/🕹️-how-to-get-free-amazon-gift-cards-easily-no-scam-just-rewards-bxtrf5-2/","/2025/07/30/🕹️-how-to-get-free-amazon-gift-cards-easily-no-scam-just-rewards-bxtrf5-2","GONE_410","","410","","Retired WordPress, commerce, or injected spam URL.","GSC: Rastreada: actualmente sin indexar","","Cloudflare WAF custom response","NO"
"https://bringasinsurance.com/2025/07/30/kiy8atxsl/","/2025/07/30/kiy8atxsl","GONE_410","","410","","Retired WordPress, commerce, or injected spam URL.","GSC: Rastreada: actualmente sin indexar","","Cloudflare WAF custom response","NO"
"https://bringasinsurance.com/?v=70013086896abd56","/","CANONICAL_ALTERNATE","","200","https://bringasinsurance.com/","Query-string duplicate of canonical route.","GSC: Rastreada: actualmente sin indexar","","React SEO canonical","NO"
"https://bringasinsurance.com/seguros-para-autos-en-seattle-washington/","/seguros-para-autos-en-seattle-washington","REDIRECT_301","https://bringasinsurance.com/auto-insurance","301","","Equivalent migrated content is explicitly mapped.","GSC: Rastreada: actualmente sin indexar","","Cloudflare redirect","NO"
"https://bringasinsurance.com/2025/08/04/experience-the-thrill-of-slots-charm-uk-play-toprated-casino-games-online-in-english-for-the-united-kingdom/","/2025/08/04/experience-the-thrill-of-slots-charm-uk-play-toprated-casino-games-online-in-english-for-the-united-kingdom","GONE_410","","410","","Retired WordPress, commerce, or injected spam URL.","GSC: Rastreada: actualmente sin indexar","","Cloudflare WAF custom response","NO"
"https://bringasinsurance.com/2025/07/30/coins-free-cash-frenzy-daily-rewards-latest-3vtm4ot/","/2025/07/30/coins-free-cash-frenzy-daily-rewards-latest-3vtm4ot","GONE_410","","410","","Retired WordPress, commerce, or injected spam URL.","GSC: Rastreada: actualmente sin indexar","","Cloudflare WAF custom response","NO"
"https://bringasinsurance.com/2025/07/30/🎲-taonga-island-quest-rake-in-free-bounty-bling-with-2025-fireafvrmk-8a98cn/","/2025/07/30/🎲-taonga-island-quest-rake-in-free-bounty-bling-with-2025-fireafvrmk-8a98cn","GONE_410","","410","","Retired WordPress, commerce, or injected spam URL.","GSC: Rastreada: actualmente sin indexar","","Cloudflare WAF custom response","NO"
"https://bringasinsurance.com/2025/07/30/v8pwr8l73/","/2025/07/30/v8pwr8l73","GONE_410","","410","","Retired WordPress, commerce, or injected spam URL.","GSC: Rastreada: actualmente sin indexar","","Cloudflare WAF custom response","NO"
"https://bringasinsurance.com/2025/07/30/🎯-taonga-farm-legends-rake-in-free-loot-diamonds-with-2025-firejbzqm0-tjnreu/","/2025/07/30/🎯-taonga-farm-legends-rake-in-free-loot-diamonds-with-2025-firejbzqm0-tjnreu","GONE_410","","410","","Retired WordPress, commerce, or injected spam URL.","GSC: Rastreada: actualmente sin indexar","","Cloudflare WAF custom response","NO"
"https://bringasinsurance.com/2025/07/30/🎲-taonga-the-island-farm-rake-in-free-bounty-bling-with-2025-fire6n1qts-s3gikm/","/2025/07/30/🎲-taonga-the-island-farm-rake-in-free-bounty-bling-with-2025-fire6n1qts-s3gikm","GONE_410","","410","","Retired WordPress, commerce, or injected spam URL.","GSC: Rastreada: actualmente sin indexar","","Cloudflare WAF custom response","NO"
"https://bringasinsurance.com/seguro-para-vehiculos-recreativos-en-seattle-washington/","/seguro-para-vehiculos-recreativos-en-seattle-washington","REDIRECT_301","https://bringasinsurance.com/rv-insurance","301","","Equivalent migrated content is explicitly mapped.","GSC: Rastreada: actualmente sin indexar","","Cloudflare redirect","NO"
"https://bringasinsurance.com/2025/07/30/🏆-🚀-how-to-get-free-coins-in-lightning-link-casino-2025-easy-no-scam-💎-hqxrns/","/2025/07/30/🏆-🚀-how-to-get-free-coins-in-lightning-link-casino-2025-easy-no-scam-💎-hqxrns","GONE_410","","410","","Retired WordPress, commerce, or injected spam URL.","GSC: Rastreada: actualmente sin indexar","","Cloudflare WAF custom response","NO"
"https://bringasinsurance.com/seguros-de-propietarios-en-seattle-washington/","/seguros-de-propietarios-en-seattle-washington","REDIRECT_301","https://bringasinsurance.com/home-insurance","301","","Equivalent migrated content is explicitly mapped.","GSC: Rastreada: actualmente sin indexar","","Cloudflare redirect","NO"
"https://bringasinsurance.com/landlord-insurance-in-seattle-washington/","/landlord-insurance-in-seattle-washington","REDIRECT_301","https://bringasinsurance.com/landlord-insurance","301","","Equivalent migrated content is explicitly mapped.","GSC: Rastreada: actualmente sin indexar","","Cloudflare redirect","NO"
"https://bringasinsurance.com/personal-umbrella-in-seattle-washington/","/personal-umbrella-in-seattle-washington","REDIRECT_301","https://bringasinsurance.com/personal-umbrella","301","","Equivalent migrated content is explicitly mapped.","GSC: Rastreada: actualmente sin indexar","","Cloudflare redirect","NO"
"https://bringasinsurance.com/2025/08/10/l2jlland7/","/2025/08/10/l2jlland7","GONE_410","","410","","Retired WordPress, commerce, or injected spam URL.","GSC: Rastreada: actualmente sin indexar","","Cloudflare WAF custom response","NO"
"https://bringasinsurance.com/commercial-property-insurance-in-seattle-washington/","/commercial-property-insurance-in-seattle-washington","REDIRECT_301","https://bringasinsurance.com/commercial-property","301","","Equivalent migrated content is explicitly mapped.","GSC: Rastreada: actualmente sin indexar","","Cloudflare redirect","NO"
"https://bringasinsurance.com/best-insurance-agents-in-houston/","/best-insurance-agents-in-houston","REDIRECT_301","https://bringasinsurance.com/about","301","","Equivalent migrated content is explicitly mapped.","GSC: Rastreada: actualmente sin indexar","","Cloudflare redirect","NO"
"https://bringasinsurance.com/2025/08/10/🏆-🚀-how-to-get-free-coins-in-lightning-link-casino-2025-easy-no-scam-💎-qlqztw/","/2025/08/10/🏆-🚀-how-to-get-free-coins-in-lightning-link-casino-2025-easy-no-scam-💎-qlqztw","GONE_410","","410","","Retired WordPress, commerce, or injected spam URL.","GSC: Rastreada: actualmente sin indexar","","Cloudflare WAF custom response","NO"
"https://bringasinsurance.com/2025/08/22/kachay-besplatno-igrovye-sloty-pinup-casino-i-naslazhdaysya-onlayn-igroy-v-kazakhstane/","/2025/08/22/kachay-besplatno-igrovye-sloty-pinup-casino-i-naslazhdaysya-onlayn-igroy-v-kazakhstane","GONE_410","","410","","Retired WordPress, commerce, or injected spam URL.","GSC: Rastreada: actualmente sin indexar","","Cloudflare WAF custom response","NO"
"https://bringasinsurance.com/?p=4240","/","CANONICAL_ALTERNATE","","200","https://bringasinsurance.com/","Query-string duplicate of canonical route.","GSC: Rastreada: actualmente sin indexar","","React SEO canonical","NO"
"https://bringasinsurance.com/2025/08/20/uvlekatelnye-onlaynigry-v-kazino-ot-sultan-games-dlya-gracias-iz-kazakhstana/","/2025/08/20/uvlekatelnye-onlaynigry-v-kazino-ot-sultan-games-dlya-gracias-iz-kazakhstana","GONE_410","","410","","Retired WordPress, commerce, or injected spam URL.","GSC: Rastreada: actualmente sin indexar","","Cloudflare WAF custom response","NO"
"https://bringasinsurance.com/?p=4238","/","CANONICAL_ALTERNATE","","200","https://bringasinsurance.com/","Query-string duplicate of canonical route.","GSC: Rastreada: actualmente sin indexar","","React SEO canonical","NO"
"https://bringasinsurance.com/mobile-home-insurance-in-seattle-washington/","/mobile-home-insurance-in-seattle-washington","REDIRECT_301","https://bringasinsurance.com/mobile-home-insurance","301","","Equivalent migrated content is explicitly mapped.","GSC: Rastreada: actualmente sin indexar","","Cloudflare redirect","NO"
"https://bringasinsurance.com/business-owners-insurance-in-seattle-washington/","/business-owners-insurance-in-seattle-washington","REDIRECT_301","https://bringasinsurance.com/bop-insurance","301","","Equivalent migrated content is explicitly mapped.","GSC: Rastreada: actualmente sin indexar","","Cloudflare redirect","NO"
"https://bringasinsurance.com/2025/08/10/wvhza2ckmr/","/2025/08/10/wvhza2ckmr","GONE_410","","410","","Retired WordPress, commerce, or injected spam URL.","GSC: Rastreada: actualmente sin indexar","","Cloudflare WAF custom response","NO"
"https://bringasinsurance.com/payments","/payments","REDIRECT_301","https://bringasinsurance.com/pay-my-bill","301","","Equivalent migrated content is explicitly mapped.","LEGACY_REDIRECTS","","Cloudflare redirect","NO"
"https://bringasinsurance.com/2025/07/30/7mhv6kkaa/","/2025/07/30/7mhv6kkaa","GONE_410","","410","","Retired WordPress, commerce, or injected spam URL.","GSC: Rastreada: actualmente sin indexar","","Cloudflare WAF custom response","NO"
"https://bringasinsurance.com/2025/07/30/boost-your-brawl-stars-with-free-gems-2/","/2025/07/30/boost-your-brawl-stars-with-free-gems-2","GONE_410","","410","","Retired WordPress, commerce, or injected spam URL.","GSC: Rastreada: actualmente sin indexar","","Cloudflare WAF custom response","NO"
"https://bringasinsurance.com/?v=99081710124270d","/","CANONICAL_ALTERNATE","","200","https://bringasinsurance.com/","Query-string duplicate of canonical route.","GSC: Rastreada: actualmente sin indexar","","React SEO canonical","NO"
"https://bringasinsurance.com/?v=287463228ec1","/","CANONICAL_ALTERNATE","","200","https://bringasinsurance.com/","Query-string duplicate of canonical route.","GSC: Rastreada: actualmente sin indexar","","React SEO canonical","NO"
"https://bringasinsurance.com/es/faq/","/es/faq","MANUAL_REVIEW","","review","","No equivalent destination proven; manual review required.","GSC: Rastreada: actualmente sin indexar","","manual","NO"
"https://bringasinsurance.com/building-insurance-in-seattle-washington/","/building-insurance-in-seattle-washington","REDIRECT_301","https://bringasinsurance.com/building-owners","301","","Equivalent migrated content is explicitly mapped.","GSC: Rastreada: actualmente sin indexar","","Cloudflare redirect","NO"
"https://bringasinsurance.com/2025/07/30/9mbbbbqh/","/2025/07/30/9mbbbbqh","GONE_410","","410","","Retired WordPress, commerce, or injected spam URL.","GSC: Rastreada: actualmente sin indexar","","Cloudflare WAF custom response","NO"
"https://bringasinsurance.com/2025/08/10/🎲-🚀-how-to-get-free-coins-in-lightning-link-casino-2025-easy-no-scam-💎-hziilz/","/2025/08/10/🎲-🚀-how-to-get-free-coins-in-lightning-link-casino-2025-easy-no-scam-💎-hziilz","GONE_410","","410","","Retired WordPress, commerce, or injected spam URL.","GSC: Rastreada: actualmente sin indexar","","Cloudflare WAF custom response","NO"
"https://bringasinsurance.com/contractors-insurance-in-seattle-washington/","/contractors-insurance-in-seattle-washington","REDIRECT_301","https://bringasinsurance.com/contractors-insurance","301","","Equivalent migrated content is explicitly mapped.","GSC: Rastreada: actualmente sin indexar","","Cloudflare redirect","NO"
"https://bringasinsurance.com/customer-quoting/","/customer-quoting","REDIRECT_301","https://bringasinsurance.com/quote","301","","Equivalent migrated content is explicitly mapped.","GSC: Rastreada: actualmente sin indexar","","Cloudflare redirect","NO"
"https://bringasinsurance.com/2025/07/30/q1obl9ss/","/2025/07/30/q1obl9ss","GONE_410","","410","","Retired WordPress, commerce, or injected spam URL.","GSC: Rastreada: actualmente sin indexar","","Cloudflare WAF custom response","NO"
"https://bringasinsurance.com/2025/08/10/7g76qtp8m/","/2025/08/10/7g76qtp8m","GONE_410","","410","","Retired WordPress, commerce, or injected spam URL.","GSC: Rastreada: actualmente sin indexar","","Cloudflare WAF custom response","NO"
"https://bringasinsurance.com/?v=28175195069e749","/","CANONICAL_ALTERNATE","","200","https://bringasinsurance.com/","Query-string duplicate of canonical route.","GSC: Rastreada: actualmente sin indexar","","React SEO canonical","NO"
"https://bringasinsurance.com/?v=6292047d3d7cb","/","CANONICAL_ALTERNATE","","200","https://bringasinsurance.com/","Query-string duplicate of canonical route.","GSC: Rastreada: actualmente sin indexar","","React SEO canonical","NO"
"https://bringasinsurance.com/2025/07/30/qbofzqohv/","/2025/07/30/qbofzqohv","GONE_410","","410","","Retired WordPress, commerce, or injected spam URL.","GSC: Rastreada: actualmente sin indexar","","Cloudflare WAF custom response","NO"
"https://bringasinsurance.com/2025/08/07/bonus-gift-chips-to-another-account-how-to-axq05lz/","/2025/08/07/bonus-gift-chips-to-another-account-how-to-axq05lz","GONE_410","","410","","Retired WordPress, commerce, or injected spam URL.","GSC: Rastreada: actualmente sin indexar","","Cloudflare WAF custom response","NO"
"https://bringasinsurance.com/2025/07/30/5edfgnbk/","/2025/07/30/5edfgnbk","GONE_410","","410","","Retired WordPress, commerce, or injected spam URL.","GSC: Rastreada: actualmente sin indexar","","Cloudflare WAF custom response","NO"
"https://bringasinsurance.com/car-insurance-in-seattle-washington/","/car-insurance-in-seattle-washington","REDIRECT_301","https://bringasinsurance.com/auto-insurance","301","","Equivalent migrated content is explicitly mapped.","GSC: Rastreada: actualmente sin indexar","","Cloudflare redirect","NO"
"https://bringasinsurance.com/2025/08/08/🏆-🚀-how-to-get-free-coins-in-lightning-link-casino-2025-easy-no-scam-💎-aauhre/","/2025/08/08/🏆-🚀-how-to-get-free-coins-in-lightning-link-casino-2025-easy-no-scam-💎-aauhre","GONE_410","","410","","Retired WordPress, commerce, or injected spam URL.","GSC: Rastreada: actualmente sin indexar","","Cloudflare WAF custom response","NO"
"https://bringasinsurance.com/restaurant-insurance/","/restaurant-insurance","KEEP_200","","200","https://bringasinsurance.com/restaurant-insurance","Current indexable canonical route.","GSC: Rastreada: actualmente sin indexar","","origin/application","NO"
"https://bringasinsurance.com/es/seguros-para-restaurantes-en-seattle-washington/","/es/seguros-para-restaurantes-en-seattle-washington","REDIRECT_301","https://bringasinsurance.com/restaurant-insurance","301","","Equivalent migrated content is explicitly mapped.","GSC: Rastreada: actualmente sin indexar","","Cloudflare redirect","NO"
"https://bringasinsurance.com/es/seguros-para-propiedad-comercial-en-seattle-washington/","/es/seguros-para-propiedad-comercial-en-seattle-washington","REDIRECT_301","https://bringasinsurance.com/commercial-property","301","","Equivalent migrated content is explicitly mapped.","GSC: Rastreada: actualmente sin indexar","","Cloudflare redirect","NO"
"https://bringasinsurance.com/2025/07/30/🎯-taonga-island-quest-snag-fast-free-loot-diamonds-this-2025-szn2q78d4-yd2jdk/","/2025/07/30/🎯-taonga-island-quest-snag-fast-free-loot-diamonds-this-2025-szn2q78d4-yd2jdk","GONE_410","","410","","Retired WordPress, commerce, or injected spam URL.","GSC: Rastreada: actualmente sin indexar","","Cloudflare WAF custom response","NO"
"https://bringasinsurance.com/2025/08/08/claim-how-to-play-double-down-casino-on-pc-guide-7r9jgrv/","/2025/08/08/claim-how-to-play-double-down-casino-on-pc-guide-7r9jgrv","GONE_410","","410","","Retired WordPress, commerce, or injected spam URL.","GSC: Rastreada: actualmente sin indexar","","Cloudflare WAF custom response","NO"
"https://bringasinsurance.com/2025/08/08/prime-free-chips-codes-awh50sb/","/2025/08/08/prime-free-chips-codes-awh50sb","GONE_410","","410","","Retired WordPress, commerce, or injected spam URL.","GSC: Rastreada: actualmente sin indexar","","Cloudflare WAF custom response","NO"
"https://bringasinsurance.com/seguros-para-propiedad-comercial-en-seattle-washington/","/seguros-para-propiedad-comercial-en-seattle-washington","REDIRECT_301","https://bringasinsurance.com/commercial-property","301","","Equivalent migrated content is explicitly mapped.","GSC: Rastreada: actualmente sin indexar","","Cloudflare redirect","NO"
"https://bringasinsurance.com/2025/07/30/claim-fdtsqd-solitaire-grand-harvest-free-coins-levvvel-rsijll2/","/2025/07/30/claim-fdtsqd-solitaire-grand-harvest-free-coins-levvvel-rsijll2","GONE_410","","410","","Retired WordPress, commerce, or injected spam URL.","GSC: Rastreada: actualmente sin indexar","","Cloudflare WAF custom response","NO"
"https://bringasinsurance.com/2025/08/10/odn1s8rsz/","/2025/08/10/odn1s8rsz","GONE_410","","410","","Retired WordPress, commerce, or injected spam URL.","GSC: Rastreada: actualmente sin indexar","","Cloudflare WAF custom response","NO"
"https://bringasinsurance.com/2025/08/08/inicia-sesion-en-1win-casino-juega-al-casino-en-linea-en-espanol-para-argentina/","/2025/08/08/inicia-sesion-en-1win-casino-juega-al-casino-en-linea-en-espanol-para-argentina","GONE_410","","410","","Retired WordPress, commerce, or injected spam URL.","GSC: Rastreada: actualmente sin indexar","","Cloudflare WAF custom response","NO"
"https://bringasinsurance.com/life-insurance-in-seattle-washington/","/life-insurance-in-seattle-washington","REDIRECT_301","https://bringasinsurance.com/life-insurance","301","","Equivalent migrated content is explicitly mapped.","GSC: Rastreada: actualmente sin indexar","","Cloudflare redirect","NO"
"https://bringasinsurance.com/?lang=es","/","CANONICAL_ALTERNATE","","200","https://bringasinsurance.com/","Query-string duplicate of canonical route.","GSC: Rastreada: actualmente sin indexar","","React SEO canonical","NO"
"https://bringasinsurance.com/fianzas-para-seguros-en-seattle-washington/","/fianzas-para-seguros-en-seattle-washington","REDIRECT_301","https://bringasinsurance.com/bonds-surety","301","","Equivalent migrated content is explicitly mapped.","GSC: Rastreada: actualmente sin indexar","","Cloudflare redirect","NO"
"https://bringasinsurance.com/2025/08/07/new-bytjza-bingo-bash-cheats-boost-your-winnings-with-obur438/","/2025/08/07/new-bytjza-bingo-bash-cheats-boost-your-winnings-with-obur438","GONE_410","","410","","Retired WordPress, commerce, or injected spam URL.","GSC: Rastreada: actualmente sin indexar","","Cloudflare WAF custom response","NO"
"https://bringasinsurance.com/2025/08/08/vvipvip-lqoaya-unlock-unlimited-resources-with-the-best-co-9lf8xit/","/2025/08/08/vvipvip-lqoaya-unlock-unlimited-resources-with-the-best-co-9lf8xit","GONE_410","","410","","Retired WordPress, commerce, or injected spam URL.","GSC: Rastreada: actualmente sin indexar","","Cloudflare WAF custom response","NO"
"https://bringasinsurance.com/2025/08/07/free-where-to-find-free-cash-frenzy-coins-legit-rsmfzfa/","/2025/08/07/free-where-to-find-free-cash-frenzy-coins-legit-rsmfzfa","GONE_410","","410","","Retired WordPress, commerce, or injected spam URL.","GSC: Rastreada: actualmente sin indexar","","Cloudflare WAF custom response","NO"
"https://bringasinsurance.com/2025/08/10/new-sckumu-bingo-bash-cheats-boost-your-winnings-with-xncxgw7/","/2025/08/10/new-sckumu-bingo-bash-cheats-boost-your-winnings-with-xncxgw7","GONE_410","","410","","Retired WordPress, commerce, or injected spam URL.","GSC: Rastreada: actualmente sin indexar","","Cloudflare WAF custom response","NO"
"https://bringasinsurance.com/2025/08/07/vvipbonus-ihibka-unlock-unlimited-resources-with-the-best-co-15nbbb7/","/2025/08/07/vvipbonus-ihibka-unlock-unlimited-resources-with-the-best-co-15nbbb7","GONE_410","","410","","Retired WordPress, commerce, or injected spam URL.","GSC: Rastreada: actualmente sin indexar","","Cloudflare WAF custom response","NO"
"https://bringasinsurance.com/vvipbonus-ihibka-unlock-unlimited-resources-with-the-best-co-15nbbb7","/vvipbonus-ihibka-unlock-unlimited-resources-with-the-best-co-15nbbb7","GONE_410","","410","","Retired WordPress, commerce, or injected spam URL.","GSC: Rastreada: actualmente sin indexar","","Cloudflare WAF custom response","NO"
"https://bringasinsurance.com/2025/08/07/new-jfllkd-bingo-bash-cheats-boost-your-winnings-with-161qiop/","/2025/08/07/new-jfllkd-bingo-bash-cheats-boost-your-winnings-with-161qiop","GONE_410","","410","","Retired WordPress, commerce, or injected spam URL.","GSC: Rastreada: actualmente sin indexar","","Cloudflare WAF custom response","NO"
"https://bringasinsurance.com/2025/08/10/ilckbfqu7/","/2025/08/10/ilckbfqu7","GONE_410","","410","","Retired WordPress, commerce, or injected spam URL.","GSC: Rastreada: actualmente sin indexar","","Cloudflare WAF custom response","NO"
"https://bringasinsurance.com/2025/08/08/top-how-many-robux-from-50-roblox-card-9v26vof/","/2025/08/08/top-how-many-robux-from-50-roblox-card-9v26vof","GONE_410","","410","","Retired WordPress, commerce, or injected spam URL.","GSC: Rastreada: actualmente sin indexar","","Cloudflare WAF custom response","NO"
"https://bringasinsurance.com/2025/08/08/oestqe-board-kings-cheats-free-gems-generator-2024-no-verification-new-method/","/2025/08/08/oestqe-board-kings-cheats-free-gems-generator-2024-no-verification-new-method","GONE_410","","410","","Retired WordPress, commerce, or injected spam URL.","GSC: Rastreada: actualmente sin indexar","","Cloudflare WAF custom response","NO"
"https://bringasinsurance.com/2025/08/07/🎲-🚀-how-to-get-free-coins-in-lightning-link-casino-2025-easy-no-scam-💎-ubfrzc/","/2025/08/07/🎲-🚀-how-to-get-free-coins-in-lightning-link-casino-2025-easy-no-scam-💎-ubfrzc","GONE_410","","410","","Retired WordPress, commerce, or injected spam URL.","GSC: Rastreada: actualmente sin indexar","","Cloudflare WAF custom response","NO"
"https://bringasinsurance.com/2025/08/08/mega-esioqi-bingo-bash-cheats-boost-your-winnings-with-xfqn2cf/","/2025/08/08/mega-esioqi-bingo-bash-cheats-boost-your-winnings-with-xfqn2cf","GONE_410","","410","","Retired WordPress, commerce, or injected spam URL.","GSC: Rastreada: actualmente sin indexar","","Cloudflare WAF custom response","NO"
"https://bringasinsurance.com/boat-insurance-in-seattle-washington/","/boat-insurance-in-seattle-washington","REDIRECT_301","https://bringasinsurance.com/boat-insurance","301","","Equivalent migrated content is explicitly mapped.","GSC: Rastreada: actualmente sin indexar","","Cloudflare redirect","NO"
"https://bringasinsurance.com/contacto/?lang=es","/contacto","REDIRECT_301","https://bringasinsurance.com/contact","301","","Equivalent migrated content is explicitly mapped.","GSC: Rastreada: actualmente sin indexar","","Cloudflare redirect","NO"
"https://bringasinsurance.com/es/contacto/?lang=es","/es/contacto","REDIRECT_301","https://bringasinsurance.com/contact","301","","Equivalent migrated content is explicitly mapped.","GSC: Rastreada: actualmente sin indexar","","Cloudflare redirect","NO"
"https://bringasinsurance.com/seguros-para-restaurantes-en-seattle-washington/","/seguros-para-restaurantes-en-seattle-washington","REDIRECT_301","https://bringasinsurance.com/restaurant-insurance","301","","Equivalent migrated content is explicitly mapped.","GSC: Rastreada: actualmente sin indexar","","Cloudflare redirect","NO"
"https://bringasinsurance.com/seguros-para-inquilinos-en-seattle-washington/","/seguros-para-inquilinos-en-seattle-washington","REDIRECT_301","https://bringasinsurance.com/renters-insurance","301","","Equivalent migrated content is explicitly mapped.","GSC: Rastreada: actualmente sin indexar","","Cloudflare redirect","NO"
"https://bringasinsurance.com/recreational-vehicle-insurance/","/recreational-vehicle-insurance","REDIRECT_301","https://bringasinsurance.com/rv-insurance","301","","Equivalent migrated content is explicitly mapped.","GSC: Rastreada: actualmente sin indexar","","Cloudflare redirect","NO"
"https://bringasinsurance.com/2025/08/10/45zo8f8wl/","/2025/08/10/45zo8f8wl","GONE_410","","410","","Retired WordPress, commerce, or injected spam URL.","GSC: Rastreada: actualmente sin indexar","","Cloudflare WAF custom response","NO"
"https://bringasinsurance.com/2025/08/07/new-double-down-casino-chips-not-working-fix-2025-kfxfnsm/","/2025/08/07/new-double-down-casino-chips-not-working-fix-2025-kfxfnsm","GONE_410","","410","","Retired WordPress, commerce, or injected spam URL.","GSC: Rastreada: actualmente sin indexar","","Cloudflare WAF custom response","NO"
"https://bringasinsurance.com/contact/","/contact","KEEP_200","","200","https://bringasinsurance.com/contact","Current indexable canonical route.","GSC: Rastreada: actualmente sin indexar","","origin/application","NO"
"https://bringasinsurance.com/2025/08/12/wazamba-casino-review-αναλυτικά-d3b221a3/","/2025/08/12/wazamba-casino-review-αναλυτικά-d3b221a3","GONE_410","","410","","Retired WordPress, commerce, or injected spam URL.","GSC: Rastreada: actualmente sin indexar","","Cloudflare WAF custom response","NO"
"https://bringasinsurance.com/2025/08/12/wazamba-mobile-app-download-c98855a6/","/2025/08/12/wazamba-mobile-app-download-c98855a6","GONE_410","","410","","Retired WordPress, commerce, or injected spam URL.","GSC: Rastreada: actualmente sin indexar","","Cloudflare WAF custom response","NO"
"https://bringasinsurance.com/agentes/?lang=es","/agentes","REDIRECT_301","https://bringasinsurance.com/about","301","","Equivalent migrated content is explicitly mapped.","GSC: Rastreada: actualmente sin indexar","","Cloudflare redirect","NO"
"https://bringasinsurance.com/2025/07/30/epic-claim-double-down-casino-chips-no-verification-fz3ipjx/","/2025/07/30/epic-claim-double-down-casino-chips-no-verification-fz3ipjx","GONE_410","","410","","Retired WordPress, commerce, or injected spam URL.","GSC: Rastreada: actualmente sin indexar","","Cloudflare WAF custom response","NO"
"https://bringasinsurance.com/2025/08/13/wazamba-review-καζίνο-και-στοίχημα-da161232/","/2025/08/13/wazamba-review-καζίνο-και-στοίχημα-da161232","GONE_410","","410","","Retired WordPress, commerce, or injected spam URL.","GSC: Rastreada: actualmente sin indexar","","Cloudflare WAF custom response","NO"
"https://bringasinsurance.com/claim-avlhuf-100-working-gaminator-free-coins-links-bcde-uc4m9nq","/claim-avlhuf-100-working-gaminator-free-coins-links-bcde-uc4m9nq","GONE_410","","410","","Retired WordPress, commerce, or injected spam URL.","GSC: Rastreada: actualmente sin indexar","","Cloudflare WAF custom response","NO"
"https://bringasinsurance.com/2025/07/30/claim-avlhuf-100-working-gaminator-free-coins-links-bcde-uc4m9nq/","/2025/07/30/claim-avlhuf-100-working-gaminator-free-coins-links-bcde-uc4m9nq","GONE_410","","410","","Retired WordPress, commerce, or injected spam URL.","GSC: Rastreada: actualmente sin indexar","","Cloudflare WAF custom response","NO"
"https://bringasinsurance.com/boat-insurance/","/boat-insurance","KEEP_200","","200","https://bringasinsurance.com/boat-insurance","Current indexable canonical route.","GSC: Rastreada: actualmente sin indexar","","origin/application","NO"
"https://bringasinsurance.com/commercial-auto-insurance-in-seattle-washington/","/commercial-auto-insurance-in-seattle-washington","REDIRECT_301","https://bringasinsurance.com/commercial-auto","301","","Equivalent migrated content is explicitly mapped.","GSC: Rastreada: actualmente sin indexar","","Cloudflare redirect","NO"
"https://bringasinsurance.com/es/seguros-para-autos-en-seattle-washington/","/es/seguros-para-autos-en-seattle-washington","REDIRECT_301","https://bringasinsurance.com/auto-insurance","301","","Equivalent migrated content is explicitly mapped.","GSC: Rastreada: actualmente sin indexar","","Cloudflare redirect","NO"
"https://bringasinsurance.com/2025/08/07/mega-ways-to-claim-chips-easily-igt5kqk/","/2025/08/07/mega-ways-to-claim-chips-easily-igt5kqk","GONE_410","","410","","Retired WordPress, commerce, or injected spam URL.","GSC: Rastreada: actualmente sin indexar","","Cloudflare WAF custom response","NO"
"https://bringasinsurance.com/2025/07/30/wj80woaa/","/2025/07/30/wj80woaa","GONE_410","","410","","Retired WordPress, commerce, or injected spam URL.","GSC: Rastreada: actualmente sin indexar","","Cloudflare WAF custom response","NO"
"https://bringasinsurance.com/2025/07/30/exclusive-oonyax-solitaire-grand-harvest-free-coins-levvvel-37iunsw/","/2025/07/30/exclusive-oonyax-solitaire-grand-harvest-free-coins-levvvel-37iunsw","GONE_410","","410","","Retired WordPress, commerce, or injected spam URL.","GSC: Rastreada: actualmente sin indexar","","Cloudflare WAF custom response","NO"
"https://bringasinsurance.com/2025/07/30/new-ffgsao-8-ball-pool-free-coins-the-ultimate-guide-t-mn07npn/","/2025/07/30/new-ffgsao-8-ball-pool-free-coins-the-ultimate-guide-t-mn07npn","GONE_410","","410","","Retired WordPress, commerce, or injected spam URL.","GSC: Rastreada: actualmente sin indexar","","Cloudflare WAF custom response","NO"
"https://bringasinsurance.com/new-ffgsao-8-ball-pool-free-coins-the-ultimate-guide-t-mn07npn","/new-ffgsao-8-ball-pool-free-coins-the-ultimate-guide-t-mn07npn","GONE_410","","410","","Retired WordPress, commerce, or injected spam URL.","GSC: Rastreada: actualmente sin indexar","","Cloudflare WAF custom response","NO"
"https://bringasinsurance.com/seguro-para-casas-prefabricadas/?lang=es","/seguro-para-casas-prefabricadas","REDIRECT_301","https://bringasinsurance.com/mobile-home-insurance","301","","Equivalent migrated content is explicitly mapped.","GSC: Rastreada: actualmente sin indexar","","Cloudflare redirect","NO"
"https://bringasinsurance.com/es/fianzas-para-seguros-en-seattle-washington/?lang=es","/es/fianzas-para-seguros-en-seattle-washington","REDIRECT_301","https://bringasinsurance.com/bonds-surety","301","","Equivalent migrated content is explicitly mapped.","GSC: Rastreada: actualmente sin indexar","","Cloudflare redirect","NO"
"https://bringasinsurance.com/fianzas-para-seguros-en-seattle-washington/?lang=es","/fianzas-para-seguros-en-seattle-washington","REDIRECT_301","https://bringasinsurance.com/bonds-surety","301","","Equivalent migrated content is explicitly mapped.","GSC: Rastreada: actualmente sin indexar","","Cloudflare redirect","NO"
"https://bringasinsurance.com/personal-umbrella/","/personal-umbrella","KEEP_200","","200","https://bringasinsurance.com/personal-umbrella","Current indexable canonical route.","GSC: Rastreada: actualmente sin indexar","","origin/application","NO"
"https://bringasinsurance.com/seguros-de-hogar-en-seattle-washington/","/seguros-de-hogar-en-seattle-washington","REDIRECT_301","https://bringasinsurance.com/home-insurance","301","","Equivalent migrated content is explicitly mapped.","GSC: Rastreada: actualmente sin indexar","","Cloudflare redirect","NO"
"https://bringasinsurance.com/2025/07/30/epic-how-to-play-cash-frenzy-on-pc-guide-kzqiq4t/","/2025/07/30/epic-how-to-play-cash-frenzy-on-pc-guide-kzqiq4t","GONE_410","","410","","Retired WordPress, commerce, or injected spam URL.","GSC: Rastreada: actualmente sin indexar","","Cloudflare WAF custom response","NO"
"https://bringasinsurance.com/2025/08/07/decouvrez-le-meilleur-du-casino-en-ligne-francais-sur-wbetzfr-jouez-des-maintenant/","/2025/08/07/decouvrez-le-meilleur-du-casino-en-ligne-francais-sur-wbetzfr-jouez-des-maintenant","GONE_410","","410","","Retired WordPress, commerce, or injected spam URL.","GSC: Rastreada: actualmente sin indexar","","Cloudflare WAF custom response","NO"
"https://bringasinsurance.com/2025/07/30/daily-sxjymj-solitaire-grand-harvest-free-coins-levvvel-b0bonkj/","/2025/07/30/daily-sxjymj-solitaire-grand-harvest-free-coins-levvvel-b0bonkj","GONE_410","","410","","Retired WordPress, commerce, or injected spam URL.","GSC: Rastreada: actualmente sin indexar","","Cloudflare WAF custom response","NO"
"https://bringasinsurance.com/2025/07/30/best-win-bonus-coins-in-events-how-to-lvzlbcs/","/2025/07/30/best-win-bonus-coins-in-events-how-to-lvzlbcs","GONE_410","","410","","Retired WordPress, commerce, or injected spam URL.","GSC: Rastreada: actualmente sin indexar","","Cloudflare WAF custom response","NO"
"https://bringasinsurance.com/2025/07/30/best-free-daily-bonuses-event-04m3agi/","/2025/07/30/best-free-daily-bonuses-event-04m3agi","GONE_410","","410","","Retired WordPress, commerce, or injected spam URL.","GSC: Rastreada: actualmente sin indexar","","Cloudflare WAF custom response","NO"
"https://bringasinsurance.com/2025/07/30/prime-ultimate-strategies-to-get-robux-in-2025-fwyw1o2/feed/","/2025/07/30/prime-ultimate-strategies-to-get-robux-in-2025-fwyw1o2/feed","GONE_410","","410","","Retired WordPress, commerce, or injected spam URL.","GSC: Rastreada: actualmente sin indexar","","Cloudflare WAF custom response","NO"
"https://bringasinsurance.com/2025/07/30/prime-ultimate-strategies-to-get-robux-in-2025-fwyw1o2/","/2025/07/30/prime-ultimate-strategies-to-get-robux-in-2025-fwyw1o2","GONE_410","","410","","Retired WordPress, commerce, or injected spam URL.","GSC: Rastreada: actualmente sin indexar","","Cloudflare WAF custom response","NO"
"https://bringasinsurance.com/2025/07/30/trending-gift-currency-to-friends-2025-i1u8otl/","/2025/07/30/trending-gift-currency-to-friends-2025-i1u8otl","GONE_410","","410","","Retired WordPress, commerce, or injected spam URL.","GSC: Rastreada: actualmente sin indexar","","Cloudflare WAF custom response","NO"
"https://bringasinsurance.com/2025/07/30/vvipbest-fhsezn-unlock-unlimited-resources-with-the-best-co-qbn01ge/","/2025/07/30/vvipbest-fhsezn-unlock-unlimited-resources-with-the-best-co-qbn01ge","GONE_410","","410","","Retired WordPress, commerce, or injected spam URL.","GSC: Rastreada: actualmente sin indexar","","Cloudflare WAF custom response","NO"
"https://bringasinsurance.com/2025/07/30/reward-ugbzdx-8-ball-pool-free-coins-the-ultimate-guide-t-9o1dujg/","/2025/07/30/reward-ugbzdx-8-ball-pool-free-coins-the-ultimate-guide-t-9o1dujg","GONE_410","","410","","Retired WordPress, commerce, or injected spam URL.","GSC: Rastreada: actualmente sin indexar","","Cloudflare WAF custom response","NO"
"https://bringasinsurance.com/seguros-de-responsabilidad-general-en-seattle-washington/","/seguros-de-responsabilidad-general-en-seattle-washington","REDIRECT_301","https://bringasinsurance.com/general-liability","301","","Equivalent migrated content is explicitly mapped.","GSC: Rastreada: actualmente sin indexar","","Cloudflare redirect","NO"
"https://bringasinsurance.com/2025/07/30/🎲-🚀-how-to-get-free-coins-in-lightning-link-casino-2025-easy-no-scam-💎-efgvym/","/2025/07/30/🎲-🚀-how-to-get-free-coins-in-lightning-link-casino-2025-easy-no-scam-💎-efgvym","GONE_410","","410","","Retired WordPress, commerce, or injected spam URL.","GSC: Rastreada: actualmente sin indexar","","Cloudflare WAF custom response","NO"
"https://bringasinsurance.com/2025/07/30/nkxwihjt/","/2025/07/30/nkxwihjt","GONE_410","","410","","Retired WordPress, commerce, or injected spam URL.","GSC: Rastreada: actualmente sin indexar","","Cloudflare WAF custom response","NO"
"https://bringasinsurance.com/2025/07/30/0c2xbr3lh/","/2025/07/30/0c2xbr3lh","GONE_410","","410","","Retired WordPress, commerce, or injected spam URL.","GSC: Rastreada: actualmente sin indexar","","Cloudflare WAF custom response","NO"
"https://bringasinsurance.com/2025/07/30/vvipbest-wcerby-unlock-unlimited-resources-with-the-best-co-xpm5apr/","/2025/07/30/vvipbest-wcerby-unlock-unlimited-resources-with-the-best-co-xpm5apr","GONE_410","","410","","Retired WordPress, commerce, or injected spam URL.","GSC: Rastreada: actualmente sin indexar","","Cloudflare WAF custom response","NO"
"https://bringasinsurance.com/2025/07/30/new-ultimate-solution-for-getting-free-coins-6d6m07k/","/2025/07/30/new-ultimate-solution-for-getting-free-coins-6d6m07k","GONE_410","","410","","Retired WordPress, commerce, or injected spam URL.","GSC: Rastreada: actualmente sin indexar","","Cloudflare WAF custom response","NO"
"https://bringasinsurance.com/?v=6211695456b2a3b2","/","CANONICAL_ALTERNATE","","200","https://bringasinsurance.com/","Query-string duplicate of canonical route.","GSC: Rastreada: actualmente sin indexar","","React SEO canonical","NO"
"https://bringasinsurance.com/?v=8121766100cd11a0","/","CANONICAL_ALTERNATE","","200","https://bringasinsurance.com/","Query-string duplicate of canonical route.","GSC: Rastreada: actualmente sin indexar","","React SEO canonical","NO"
"https://bringasinsurance.com/?v=832989016241a2f","/","CANONICAL_ALTERNATE","","200","https://bringasinsurance.com/","Query-string duplicate of canonical route.","GSC: Rastreada: actualmente sin indexar","","React SEO canonical","NO"
"https://bringasinsurance.com/?v=2111791330419b03","/","CANONICAL_ALTERNATE","","200","https://bringasinsurance.com/","Query-string duplicate of canonical route.","GSC: Rastreada: actualmente sin indexar","","React SEO canonical","NO"
"https://bringasinsurance.com/?v=302189225076a7e2","/","CANONICAL_ALTERNATE","","200","https://bringasinsurance.com/","Query-string duplicate of canonical route.","GSC: Rastreada: actualmente sin indexar","","React SEO canonical","NO"
"https://bringasinsurance.com/?v=80098688b49f","/","CANONICAL_ALTERNATE","","200","https://bringasinsurance.com/","Query-string duplicate of canonical route.","GSC: Rastreada: actualmente sin indexar","","React SEO canonical","NO"
"https://bringasinsurance.com/?v=291987f76467","/","CANONICAL_ALTERNATE","","200","https://bringasinsurance.com/","Query-string duplicate of canonical route.","GSC: Rastreada: actualmente sin indexar","","React SEO canonical","NO"
"https://bringasinsurance.com/2025/07/30/epic-free-gem-strategies-for-brawl-stars/","/2025/07/30/epic-free-gem-strategies-for-brawl-stars","GONE_410","","410","","Retired WordPress, commerce, or injected spam URL.","GSC: Rastreada: actualmente sin indexar","","Cloudflare WAF custom response","NO"
"https://bringasinsurance.com/es/seguros-de-propietarios-en-seattle-washington/","/es/seguros-de-propietarios-en-seattle-washington","REDIRECT_301","https://bringasinsurance.com/home-insurance","301","","Equivalent migrated content is explicitly mapped.","GSC: Rastreada: actualmente sin indexar","","Cloudflare redirect","NO"
"https://bringasinsurance.com/?v=9091917812b681ff","/","CANONICAL_ALTERNATE","","200","https://bringasinsurance.com/","Query-string duplicate of canonical route.","GSC: Rastreada: actualmente sin indexar","","React SEO canonical","NO"
"https://bringasinsurance.com/2025/08/10/🕹️-🚀-how-to-get-free-coins-in-lightning-link-casino-2025-easy-no-scam-💎-dgitnb/","/2025/08/10/🕹️-🚀-how-to-get-free-coins-in-lightning-link-casino-2025-easy-no-scam-💎-dgitnb","GONE_410","","410","","Retired WordPress, commerce, or injected spam URL.","GSC: Rastreada: actualmente sin indexar","","Cloudflare WAF custom response","NO"
"https://bringasinsurance.com/2025/07/30/trending-mzczwc-100-working-gaminator-free-coins-links-qrst-pc8zj10/","/2025/07/30/trending-mzczwc-100-working-gaminator-free-coins-links-qrst-pc8zj10","GONE_410","","410","","Retired WordPress, commerce, or injected spam URL.","GSC: Rastreada: actualmente sin indexar","","Cloudflare WAF custom response","NO"
"https://bringasinsurance.com/2025/07/30/v7rbh6vzo/","/2025/07/30/v7rbh6vzo","GONE_410","","410","","Retired WordPress, commerce, or injected spam URL.","GSC: Rastreada: actualmente sin indexar","","Cloudflare WAF custom response","NO"
"https://bringasinsurance.com/?v=9341786129c112e3","/","CANONICAL_ALTERNATE","","200","https://bringasinsurance.com/","Query-string duplicate of canonical route.","GSC: Rastreada: actualmente sin indexar","","React SEO canonical","NO"
"https://bringasinsurance.com/?v=90615135318ce5b9","/","CANONICAL_ALTERNATE","","200","https://bringasinsurance.com/","Query-string duplicate of canonical route.","GSC: Rastreada: actualmente sin indexar","","React SEO canonical","NO"
"https://bringasinsurance.com/es/seguros-para-motocicleta-en-seattle-washington/","/es/seguros-para-motocicleta-en-seattle-washington","REDIRECT_301","https://bringasinsurance.com/motorcycle-insurance","301","","Equivalent migrated content is explicitly mapped.","GSC: Rastreada: actualmente sin indexar","","Cloudflare redirect","NO"
"https://bringasinsurance.com/seguros-para-motocicleta-en-seattle-washington/","/seguros-para-motocicleta-en-seattle-washington","REDIRECT_301","https://bringasinsurance.com/motorcycle-insurance","301","","Equivalent migrated content is explicitly mapped.","GSC: Rastreada: actualmente sin indexar","","Cloudflare redirect","NO"
"https://bringasinsurance.com/?v=75911121099a5986","/","CANONICAL_ALTERNATE","","200","https://bringasinsurance.com/","Query-string duplicate of canonical route.","GSC: Rastreada: actualmente sin indexar","","React SEO canonical","NO"
"https://bringasinsurance.com/?v=87918517248132c0","/","CANONICAL_ALTERNATE","","200","https://bringasinsurance.com/","Query-string duplicate of canonical route.","GSC: Rastreada: actualmente sin indexar","","React SEO canonical","NO"
"https://bringasinsurance.com/?v=407107349898d62e","/","CANONICAL_ALTERNATE","","200","https://bringasinsurance.com/","Query-string duplicate of canonical route.","GSC: Rastreada: actualmente sin indexar","","React SEO canonical","NO"
"https://bringasinsurance.com/?v=77710933681b716f","/","CANONICAL_ALTERNATE","","200","https://bringasinsurance.com/","Query-string duplicate of canonical route.","GSC: Rastreada: actualmente sin indexar","","React SEO canonical","NO"
"https://bringasinsurance.com/2025/08/08/🎰-🚀-how-to-get-free-coins-in-lightning-link-casino-2025-easy-no-scam-💎-bsalxr/","/2025/08/08/🎰-🚀-how-to-get-free-coins-in-lightning-link-casino-2025-easy-no-scam-💎-bsalxr","GONE_410","","410","","Retired WordPress, commerce, or injected spam URL.","GSC: Rastreada: actualmente sin indexar","","Cloudflare WAF custom response","NO"
"https://bringasinsurance.com/2025/07/30/experience-avia-masters-slot-play-win-big-in-english-online-casino-for-new-zealand-players/","/2025/07/30/experience-avia-masters-slot-play-win-big-in-english-online-casino-for-new-zealand-players","GONE_410","","410","","Retired WordPress, commerce, or injected spam URL.","GSC: Rastreada: actualmente sin indexar","","Cloudflare WAF custom response","NO"
"https://bringasinsurance.com/?v=0981539030ef814c","/","CANONICAL_ALTERNATE","","200","https://bringasinsurance.com/","Query-string duplicate of canonical route.","GSC: Rastreada: actualmente sin indexar","","React SEO canonical","NO"
"https://bringasinsurance.com/?v=2701771320f80db8","/","CANONICAL_ALTERNATE","","200","https://bringasinsurance.com/","Query-string duplicate of canonical route.","GSC: Rastreada: actualmente sin indexar","","React SEO canonical","NO"
"https://bringasinsurance.com/2025/07/30/8-ways-to-get-free-dice-dream-rolls-links-2025-ultimate-method-j64vsb/","/2025/07/30/8-ways-to-get-free-dice-dream-rolls-links-2025-ultimate-method-j64vsb","GONE_410","","410","","Retired WordPress, commerce, or injected spam URL.","GSC: Rastreada: actualmente sin indexar","","Cloudflare WAF custom response","NO"
"https://bringasinsurance.com/?v=708127142992a748","/","CANONICAL_ALTERNATE","","200","https://bringasinsurance.com/","Query-string duplicate of canonical route.","GSC: Rastreada: actualmente sin indexar","","React SEO canonical","NO"
"https://bringasinsurance.com/?v=319550014ed7770","/","CANONICAL_ALTERNATE","","200","https://bringasinsurance.com/","Query-string duplicate of canonical route.","GSC: Rastreada: actualmente sin indexar","","React SEO canonical","NO"
"https://bringasinsurance.com/?v=0981986728cc5b0a","/","CANONICAL_ALTERNATE","","200","https://bringasinsurance.com/","Query-string duplicate of canonical route.","GSC: Rastreada: actualmente sin indexar","","React SEO canonical","NO"
"https://bringasinsurance.com/?v=34818014223e8f19","/","CANONICAL_ALTERNATE","","200","https://bringasinsurance.com/","Query-string duplicate of canonical route.","GSC: Rastreada: actualmente sin indexar","","React SEO canonical","NO"
"https://bringasinsurance.com/?v=5171761054ba005f","/","CANONICAL_ALTERNATE","","200","https://bringasinsurance.com/","Query-string duplicate of canonical route.","GSC: Rastreada: actualmente sin indexar","","React SEO canonical","NO"
"https://bringasinsurance.com/match-dwnglg-new-match-masters-free-gifts-1000-coins-and-bmksgfh","/match-dwnglg-new-match-masters-free-gifts-1000-coins-and-bmksgfh","GONE_410","","410","","Retired WordPress, commerce, or injected spam URL.","GSC: Rastreada: actualmente sin indexar","","Cloudflare WAF custom response","NO"
"https://bringasinsurance.com/2025/08/08/match-dwnglg-new-match-masters-free-gifts-1000-coins-and-bmksgfh/","/2025/08/08/match-dwnglg-new-match-masters-free-gifts-1000-coins-and-bmksgfh","GONE_410","","410","","Retired WordPress, commerce, or injected spam URL.","GSC: Rastreada: actualmente sin indexar","","Cloudflare WAF custom response","NO"
"https://bringasinsurance.com/2025/07/30/yrjbue-board-kings-cheats-free-gems-generator-2024-no-verification-new-method/","/2025/07/30/yrjbue-board-kings-cheats-free-gems-generator-2024-no-verification-new-method","GONE_410","","410","","Retired WordPress, commerce, or injected spam URL.","GSC: Rastreada: actualmente sin indexar","","Cloudflare WAF custom response","NO"
"https://bringasinsurance.com/?v=210878004358f95","/","CANONICAL_ALTERNATE","","200","https://bringasinsurance.com/","Query-string duplicate of canonical route.","GSC: Rastreada: actualmente sin indexar","","React SEO canonical","NO"
"https://bringasinsurance.com/2025/07/30/🎯-exactly-how-to-get-free-amazon-gift-cards-easily-no-scam-just-rewards-f99nqi/","/2025/07/30/🎯-exactly-how-to-get-free-amazon-gift-cards-easily-no-scam-just-rewards-f99nqi","GONE_410","","410","","Retired WordPress, commerce, or injected spam URL.","GSC: Rastreada: actualmente sin indexar","","Cloudflare WAF custom response","NO"
"https://bringasinsurance.com/2025/07/30/dmh0q2s9w2/feed/","/2025/07/30/dmh0q2s9w2/feed","GONE_410","","410","","Retired WordPress, commerce, or injected spam URL.","GSC: Rastreada: actualmente sin indexar","","Cloudflare WAF custom response","NO"
"https://bringasinsurance.com/2025/07/30/dmh0q2s9w2/","/2025/07/30/dmh0q2s9w2","GONE_410","","410","","Retired WordPress, commerce, or injected spam URL.","GSC: Rastreada: actualmente sin indexar","","Cloudflare WAF custom response","NO"
"https://bringasinsurance.com/2025/07/30/🎯-how-to-get-free-amazon-gift-cards-easily-no-scam-just-rewards-x7bxt7/","/2025/07/30/🎯-how-to-get-free-amazon-gift-cards-easily-no-scam-just-rewards-x7bxt7","GONE_410","","410","","Retired WordPress, commerce, or injected spam URL.","GSC: Rastreada: actualmente sin indexar","","Cloudflare WAF custom response","NO"
"https://bringasinsurance.com/es/seguro-para-vehiculos-recreativos-en-seattle-washington/","/es/seguro-para-vehiculos-recreativos-en-seattle-washington","REDIRECT_301","https://bringasinsurance.com/rv-insurance","301","","Equivalent migrated content is explicitly mapped.","GSC: Rastreada: actualmente sin indexar","","Cloudflare redirect","NO"
"https://bringasinsurance.com/seguros-para-propietarios-de-edificios-en-seattle-washington/","/seguros-para-propietarios-de-edificios-en-seattle-washington","REDIRECT_301","https://bringasinsurance.com/building-owners","301","","Equivalent migrated content is explicitly mapped.","GSC: Rastreada: actualmente sin indexar","","Cloudflare redirect","NO"
"https://bringasinsurance.com/2025/07/30/🕹️-exactly-how-to-get-free-amazon-gift-cards-easily-no-scam-just-rewards-adoq6v/","/2025/07/30/🕹️-exactly-how-to-get-free-amazon-gift-cards-easily-no-scam-just-rewards-adoq6v","GONE_410","","410","","Retired WordPress, commerce, or injected spam URL.","GSC: Rastreada: actualmente sin indexar","","Cloudflare WAF custom response","NO"
"https://bringasinsurance.com/2025/07/30/🕹️-how-to-get-free-amazon-gift-cards-easily-no-scam-just-rewards-bxtrf5/","/2025/07/30/🕹️-how-to-get-free-amazon-gift-cards-easily-no-scam-just-rewards-bxtrf5","GONE_410","","410","","Retired WordPress, commerce, or injected spam URL.","GSC: Rastreada: actualmente sin indexar","","Cloudflare WAF custom response","NO"
"https://bringasinsurance.com/2025/07/30/🎰-how-to-get-free-amazon-gift-cards-easily-no-scam-just-rewards-1yxgqm/","/2025/07/30/🎰-how-to-get-free-amazon-gift-cards-easily-no-scam-just-rewards-1yxgqm","GONE_410","","410","","Retired WordPress, commerce, or injected spam URL.","GSC: Rastreada: actualmente sin indexar","","Cloudflare WAF custom response","NO"
"https://bringasinsurance.com/2025/07/30/🎰-how-to-get-free-amazon-gift-cards-easily-no-scam-just-rewards-70susi-2/","/2025/07/30/🎰-how-to-get-free-amazon-gift-cards-easily-no-scam-just-rewards-70susi-2","GONE_410","","410","","Retired WordPress, commerce, or injected spam URL.","GSC: Rastreada: actualmente sin indexar","","Cloudflare WAF custom response","NO"
"https://bringasinsurance.com/2025/07/30/ghbdhc-board-kings-cheats-free-gems-generator-2024-no-verification-new-method/","/2025/07/30/ghbdhc-board-kings-cheats-free-gems-generator-2024-no-verification-new-method","GONE_410","","410","","Retired WordPress, commerce, or injected spam URL.","GSC: Rastreada: actualmente sin indexar","","Cloudflare WAF custom response","NO"
"https://bringasinsurance.com/2025/08/07/bahiscasino-casino-turkiyede-para-yatyrma-ve-cekme-24/","/2025/08/07/bahiscasino-casino-turkiyede-para-yatyrma-ve-cekme-24","GONE_410","","410","","Retired WordPress, commerce, or injected spam URL.","GSC: Rastreada: actualmente sin indexar","","Cloudflare WAF custom response","NO"
"https://bringasinsurance.com/2025/08/10/bq2n82ru/","/2025/08/10/bq2n82ru","GONE_410","","410","","Retired WordPress, commerce, or injected spam URL.","GSC: Rastreada: actualmente sin indexar","","Cloudflare WAF custom response","NO"
"https://bringasinsurance.com/?v=62012674905449f8","/","CANONICAL_ALTERNATE","","200","https://bringasinsurance.com/","Query-string duplicate of canonical route.","GSC: Rastreada: actualmente sin indexar","","React SEO canonical","NO"
"https://bringasinsurance.com/2025/08/11/spin-for-big-wins-at-slots-basaribet/","/2025/08/11/spin-for-big-wins-at-slots-basaribet","GONE_410","","410","","Retired WordPress, commerce, or injected spam URL.","GSC: Rastreada: actualmente sin indexar","","Cloudflare WAF custom response","NO"
"https://bringasinsurance.com/2025/07/30/2ukyelksn/","/2025/07/30/2ukyelksn","GONE_410","","410","","Retired WordPress, commerce, or injected spam URL.","GSC: Rastreada: actualmente sin indexar","","Cloudflare WAF custom response","NO"
"https://bringasinsurance.com/2025/07/30/hdbg8swq/","/2025/07/30/hdbg8swq","GONE_410","","410","","Retired WordPress, commerce, or injected spam URL.","GSC: Rastreada: actualmente sin indexar","","Cloudflare WAF custom response","NO"
"https://bringasinsurance.com/?v=8101783803d15b8a","/","CANONICAL_ALTERNATE","","200","https://bringasinsurance.com/","Query-string duplicate of canonical route.","GSC: Rastreada: actualmente sin indexar","","React SEO canonical","NO"
"https://bringasinsurance.com/2025/08/10/vcga9mghh/","/2025/08/10/vcga9mghh","GONE_410","","410","","Retired WordPress, commerce, or injected spam URL.","GSC: Rastreada: actualmente sin indexar","","Cloudflare WAF custom response","NO"
"https://bringasinsurance.com/2025/07/30/mega-mhiisz-8-ball-pool-free-coins-the-ultimate-guide-t-thy4xho/","/2025/07/30/mega-mhiisz-8-ball-pool-free-coins-the-ultimate-guide-t-thy4xho","GONE_410","","410","","Retired WordPress, commerce, or injected spam URL.","GSC: Rastreada: actualmente sin indexar","","Cloudflare WAF custom response","NO"
"https://bringasinsurance.com/2025/07/30/hot-complete-solution-for-card-activation-n3qn5us/","/2025/07/30/hot-complete-solution-for-card-activation-n3qn5us","GONE_410","","410","","Retired WordPress, commerce, or injected spam URL.","GSC: Rastreada: actualmente sin indexar","","Cloudflare WAF custom response","NO"
"https://bringasinsurance.com/2025/07/30/048jeo400f/","/2025/07/30/048jeo400f","GONE_410","","410","","Retired WordPress, commerce, or injected spam URL.","GSC: Rastreada: actualmente sin indexar","","Cloudflare WAF custom response","NO"
"https://bringasinsurance.com/?v=0471432047d1c01a","/","CANONICAL_ALTERNATE","","200","https://bringasinsurance.com/","Query-string duplicate of canonical route.","GSC: Rastreada: actualmente sin indexar","","React SEO canonical","NO"
"https://bringasinsurance.com/2025/08/04/experience-the-thrill-of-barz-casino-play-popular-casino-games-online-in-english-for-the-uk/","/2025/08/04/experience-the-thrill-of-barz-casino-play-popular-casino-games-online-in-english-for-the-uk","GONE_410","","410","","Retired WordPress, commerce, or injected spam URL.","GSC: Rastreada: actualmente sin indexar","","Cloudflare WAF custom response","NO"
"https://bringasinsurance.com/2025/07/30/🎰-taonga-island-quest-scoop-up-free-riches-jewels-in-2025-glory5uc16n-c0ro2y/","/2025/07/30/🎰-taonga-island-quest-scoop-up-free-riches-jewels-in-2025-glory5uc16n-c0ro2y","GONE_410","","410","","Retired WordPress, commerce, or injected spam URL.","GSC: Rastreada: actualmente sin indexar","","Cloudflare WAF custom response","NO"
"https://bringasinsurance.com/?v=53211192204f3eed","/","CANONICAL_ALTERNATE","","200","https://bringasinsurance.com/","Query-string duplicate of canonical route.","GSC: Rastreada: actualmente sin indexar","","React SEO canonical","NO"
"https://bringasinsurance.com/2025/08/10/k8x4hs04/","/2025/08/10/k8x4hs04","GONE_410","","410","","Retired WordPress, commerce, or injected spam URL.","GSC: Rastreada: actualmente sin indexar","","Cloudflare WAF custom response","NO"
"https://bringasinsurance.com/?v=2761375572d0f369","/","CANONICAL_ALTERNATE","","200","https://bringasinsurance.com/","Query-string duplicate of canonical route.","GSC: Rastreada: actualmente sin indexar","","React SEO canonical","NO"
"https://bringasinsurance.com/2025/07/30/xwxd0fo8/","/2025/07/30/xwxd0fo8","GONE_410","","410","","Retired WordPress, commerce, or injected spam URL.","GSC: Rastreada: actualmente sin indexar","","Cloudflare WAF custom response","NO"
"https://bringasinsurance.com/2025/07/30/rjl5f7be0k/","/2025/07/30/rjl5f7be0k","GONE_410","","410","","Retired WordPress, commerce, or injected spam URL.","GSC: Rastreada: actualmente sin indexar","","Cloudflare WAF custom response","NO"
"https://bringasinsurance.com/2025/07/30/grab-free-double-down-casino-hack-working-tmle78d/","/2025/07/30/grab-free-double-down-casino-hack-working-tmle78d","GONE_410","","410","","Retired WordPress, commerce, or injected spam URL.","GSC: Rastreada: actualmente sin indexar","","Cloudflare WAF custom response","NO"
"https://bringasinsurance.com/2025/07/30/vdzu1k7vzd/","/2025/07/30/vdzu1k7vzd","GONE_410","","410","","Retired WordPress, commerce, or injected spam URL.","GSC: Rastreada: actualmente sin indexar","","Cloudflare WAF custom response","NO"
"https://bringasinsurance.com/2025/07/30/grab-how-to-play-double-down-casino-on-pc-tutorial-a1xgmli/","/2025/07/30/grab-how-to-play-double-down-casino-on-pc-tutorial-a1xgmli","GONE_410","","410","","Retired WordPress, commerce, or injected spam URL.","GSC: Rastreada: actualmente sin indexar","","Cloudflare WAF custom response","NO"
"https://bringasinsurance.com/2025/07/30/9l9vpg6v/","/2025/07/30/9l9vpg6v","GONE_410","","410","","Retired WordPress, commerce, or injected spam URL.","GSC: Rastreada: actualmente sin indexar","","Cloudflare WAF custom response","NO"
"https://bringasinsurance.com/contacto/","/contacto","REDIRECT_301","https://bringasinsurance.com/contact","301","","Equivalent migrated content is explicitly mapped.","GSC: Rastreada: actualmente sin indexar","","Cloudflare redirect","NO"
"https://bringasinsurance.com/?v=96265598020db4c","/","CANONICAL_ALTERNATE","","200","https://bringasinsurance.com/","Query-string duplicate of canonical route.","GSC: Rastreada: actualmente sin indexar","","React SEO canonical","NO"
"https://bringasinsurance.com/2025/07/30/prime-vjkekb-new-match-masters-free-gifts-1000-coins-and-zs9n6or/","/2025/07/30/prime-vjkekb-new-match-masters-free-gifts-1000-coins-and-zs9n6or","GONE_410","","410","","Retired WordPress, commerce, or injected spam URL.","GSC: Rastreada: actualmente sin indexar","","Cloudflare WAF custom response","NO"
"https://bringasinsurance.com/2025/07/30/v3nxiwls/","/2025/07/30/v3nxiwls","GONE_410","","410","","Retired WordPress, commerce, or injected spam URL.","GSC: Rastreada: actualmente sin indexar","","Cloudflare WAF custom response","NO"
"https://bringasinsurance.com/v3nxiwls","/v3nxiwls","MANUAL_REVIEW","","review","","No equivalent destination proven; manual review required.","GSC: Rastreada: actualmente sin indexar","","manual","NO"
"https://bringasinsurance.com/category/lightning-link-casino-free-coins/feed/","/category/lightning-link-casino-free-coins/feed","GONE_410","","410","","Retired WordPress, commerce, or injected spam URL.","GSC: Rastreada: actualmente sin indexar","","Cloudflare WAF custom response","NO"
"https://bringasinsurance.com/?v=046590382b0c27e","/","CANONICAL_ALTERNATE","","200","https://bringasinsurance.com/","Query-string duplicate of canonical route.","GSC: Rastreada: actualmente sin indexar","","React SEO canonical","NO"
"https://bringasinsurance.com/2025/07/30/exclusive-top-ways-to-get-chips-in-2025-shd0m8e/","/2025/07/30/exclusive-top-ways-to-get-chips-in-2025-shd0m8e","GONE_410","","410","","Retired WordPress, commerce, or injected spam URL.","GSC: Rastreada: actualmente sin indexar","","Cloudflare WAF custom response","NO"
"https://bringasinsurance.com/?v=98962570484c764","/","CANONICAL_ALTERNATE","","200","https://bringasinsurance.com/","Query-string duplicate of canonical route.","GSC: Rastreada: actualmente sin indexar","","React SEO canonical","NO"
"https://bringasinsurance.com/?v=648746808e5cd8e","/","CANONICAL_ALTERNATE","","200","https://bringasinsurance.com/","Query-string duplicate of canonical route.","GSC: Rastreada: actualmente sin indexar","","React SEO canonical","NO"
"https://bringasinsurance.com/2025/07/30/crush-it-with-free-brawl-stars-crystals/","/2025/07/30/crush-it-with-free-brawl-stars-crystals","GONE_410","","410","","Retired WordPress, commerce, or injected spam URL.","GSC: Rastreada: actualmente sin indexar","","Cloudflare WAF custom response","NO"
"https://bringasinsurance.com/2025/07/30/jfszderkj/","/2025/07/30/jfszderkj","GONE_410","","410","","Retired WordPress, commerce, or injected spam URL.","GSC: Rastreada: actualmente sin indexar","","Cloudflare WAF custom response","NO"
"https://bringasinsurance.com/2025/08/07/doubledown-free-unlimited-chips-no-verification-nh6c88n/","/2025/08/07/doubledown-free-unlimited-chips-no-verification-nh6c88n","GONE_410","","410","","Retired WordPress, commerce, or injected spam URL.","GSC: Rastreada: actualmente sin indexar","","Cloudflare WAF custom response","NO"
"https://bringasinsurance.com/2025/08/08/🎲-🚀-how-to-get-free-coins-in-lightning-link-casino-2025-easy-no-scam-💎-abjayi/","/2025/08/08/🎲-🚀-how-to-get-free-coins-in-lightning-link-casino-2025-easy-no-scam-💎-abjayi","GONE_410","","410","","Retired WordPress, commerce, or injected spam URL.","GSC: Rastreada: actualmente sin indexar","","Cloudflare WAF custom response","NO"
"https://bringasinsurance.com/2025/07/30/top-ways-to-collect-free-brawl-stars-gems/","/2025/07/30/top-ways-to-collect-free-brawl-stars-gems","GONE_410","","410","","Retired WordPress, commerce, or injected spam URL.","GSC: Rastreada: actualmente sin indexar","","Cloudflare WAF custom response","NO"
"https://bringasinsurance.com/2025/08/13/experience-the-thrill-of-gigadats-casino-play-online-in-english-from-canada/","/2025/08/13/experience-the-thrill-of-gigadats-casino-play-online-in-english-from-canada","GONE_410","","410","","Retired WordPress, commerce, or injected spam URL.","GSC: Rastreada: actualmente sin indexar","","Cloudflare WAF custom response","NO"
"https://bringasinsurance.com/98206213192.htm","/98206213192.htm","GONE_410","","410","","Retired WordPress, commerce, or injected spam URL.","GSC: Rastreada: actualmente sin indexar","","Cloudflare WAF custom response","NO"
"https://bringasinsurance.com/2025/08/05/experience-englishspeaking-online-casinos-in-canada-play-at-gigadats-toprated-gambling-platform/","/2025/08/05/experience-englishspeaking-online-casinos-in-canada-play-at-gigadats-toprated-gambling-platform","GONE_410","","410","","Retired WordPress, commerce, or injected spam URL.","GSC: Rastreada: actualmente sin indexar","","Cloudflare WAF custom response","NO"
"https://bringasinsurance.com/w22zmd5m","/w22zmd5m","MANUAL_REVIEW","","review","","No equivalent destination proven; manual review required.","GSC: Rastreada: actualmente sin indexar","","manual","NO"
"https://bringasinsurance.com/1uk3h46o","/1uk3h46o","MANUAL_REVIEW","","review","","No equivalent destination proven; manual review required.","GSC: Rastreada: actualmente sin indexar","","manual","NO"
"https://bringasinsurance.com/g1ajkimh","/g1ajkimh","MANUAL_REVIEW","","review","","No equivalent destination proven; manual review required.","GSC: Rastreada: actualmente sin indexar","","manual","NO"
"https://bringasinsurance.com/n98xa9pm","/n98xa9pm","MANUAL_REVIEW","","review","","No equivalent destination proven; manual review required.","GSC: Rastreada: actualmente sin indexar","","manual","NO"
"https://bringasinsurance.com/vviptrending-krtors-unlock-unlimited-resources-with-the-best-co-fypw1t3","/vviptrending-krtors-unlock-unlimited-resources-with-the-best-co-fypw1t3","GONE_410","","410","","Retired WordPress, commerce, or injected spam URL.","GSC: Rastreada: actualmente sin indexar","","Cloudflare WAF custom response","NO"
"https://bringasinsurance.com/1fvhbitd","/1fvhbitd","MANUAL_REVIEW","","review","","No equivalent destination proven; manual review required.","GSC: Rastreada: actualmente sin indexar","","manual","NO"
"https://bringasinsurance.com/2025/07/30/1fvhbitd/","/2025/07/30/1fvhbitd","GONE_410","","410","","Retired WordPress, commerce, or injected spam URL.","GSC: Rastreada: actualmente sin indexar","","Cloudflare WAF custom response","NO"
"https://bringasinsurance.com/vvipbest-fhsezn-unlock-unlimited-resources-with-the-best-co-qbn01ge","/vvipbest-fhsezn-unlock-unlimited-resources-with-the-best-co-qbn01ge","GONE_410","","410","","Retired WordPress, commerce, or injected spam URL.","GSC: Rastreada: actualmente sin indexar","","Cloudflare WAF custom response","NO"
"https://bringasinsurance.com/g8i3c7nv","/g8i3c7nv","MANUAL_REVIEW","","review","","No equivalent destination proven; manual review required.","GSC: Rastreada: actualmente sin indexar","","manual","NO"
"https://bringasinsurance.com/2025/07/30/best-tricks-for-free-gems-in-brawl-stars/","/2025/07/30/best-tricks-for-free-gems-in-brawl-stars","GONE_410","","410","","Retired WordPress, commerce, or injected spam URL.","GSC: Excluida por una etiqueta noindex","","Cloudflare WAF custom response","NO"
"https://bringasinsurance.com/es/","/es","REDIRECT_301","https://bringasinsurance.com/","301","","Temporary locale redirect until approved Spanish content exists.","locale policy","","Cloudflare redirect","NO"
"https://bringasinsurance.com/seguro-para-casas-prefabricadas-en-seattle-washington/","/seguro-para-casas-prefabricadas-en-seattle-washington","REDIRECT_301","https://bringasinsurance.com/mobile-home-insurance","301","","Equivalent migrated content is explicitly mapped.","GSC: Excluida por una etiqueta noindex","","Cloudflare redirect","NO"
"https://bringasinsurance.com/2025/08/12/wazamba-casino-withdrawals-και-χρόνος-αναλήψεων-dbf379d0/","/2025/08/12/wazamba-casino-withdrawals-και-χρόνος-αναλήψεων-dbf379d0","GONE_410","","410","","Retired WordPress, commerce, or injected spam URL.","GSC: Excluida por una etiqueta noindex","","Cloudflare WAF custom response","NO"
"https://bringasinsurance.com/2025/07/30/szhigm-board-kings-cheats-free-gems-generator-2024-no-verification-new-method/feed/","/2025/07/30/szhigm-board-kings-cheats-free-gems-generator-2024-no-verification-new-method/feed","GONE_410","","410","","Retired WordPress, commerce, or injected spam URL.","GSC: Excluida por una etiqueta noindex","","Cloudflare WAF custom response","NO"
"https://bringasinsurance.com/2025/08/08/inicia-sesion-en-1win-casino-juega-al-casino-en-linea-en-espanol-para-argentina/feed/","/2025/08/08/inicia-sesion-en-1win-casino-juega-al-casino-en-linea-en-espanol-para-argentina/feed","GONE_410","","410","","Retired WordPress, commerce, or injected spam URL.","GSC: Excluida por una etiqueta noindex","","Cloudflare WAF custom response","NO"
"https://bringasinsurance.com/2025/07/30/best-win-bonus-coins-in-events-how-to-lvzlbcs/feed/","/2025/07/30/best-win-bonus-coins-in-events-how-to-lvzlbcs/feed","GONE_410","","410","","Retired WordPress, commerce, or injected spam URL.","GSC: Excluida por una etiqueta noindex","","Cloudflare WAF custom response","NO"
"https://bringasinsurance.com/category/lightning-link-casino-free-coins/","/category/lightning-link-casino-free-coins","GONE_410","","410","","Retired WordPress, commerce, or injected spam URL.","GSC: Excluida por una etiqueta noindex","","Cloudflare WAF custom response","NO"
"https://bringasinsurance.com/2025/07/30/v8pwr8l73/feed/","/2025/07/30/v8pwr8l73/feed","GONE_410","","410","","Retired WordPress, commerce, or injected spam URL.","GSC: Excluida por una etiqueta noindex","","Cloudflare WAF custom response","NO"
"https://bringasinsurance.com/2025/07/30/9mbbbbqh/feed/","/2025/07/30/9mbbbbqh/feed","GONE_410","","410","","Retired WordPress, commerce, or injected spam URL.","GSC: Excluida por una etiqueta noindex","","Cloudflare WAF custom response","NO"
"https://bringasinsurance.com/2025/08/10/🏆-🚀-how-to-get-free-coins-in-lightning-link-casino-2025-easy-no-scam-💎-qlqztw/feed/","/2025/08/10/🏆-🚀-how-to-get-free-coins-in-lightning-link-casino-2025-easy-no-scam-💎-qlqztw/feed","GONE_410","","410","","Retired WordPress, commerce, or injected spam URL.","GSC: Excluida por una etiqueta noindex","","Cloudflare WAF custom response","NO"
"https://bringasinsurance.com/2025/08/08/🏆-🚀-how-to-get-free-coins-in-lightning-link-casino-2025-easy-no-scam-💎-aauhre/feed/","/2025/08/08/🏆-🚀-how-to-get-free-coins-in-lightning-link-casino-2025-easy-no-scam-💎-aauhre/feed","GONE_410","","410","","Retired WordPress, commerce, or injected spam URL.","GSC: Excluida por una etiqueta noindex","","Cloudflare WAF custom response","NO"
"https://bringasinsurance.com/2025/07/30/epic-claim-double-down-casino-chips-no-verification-fz3ipjx/feed/","/2025/07/30/epic-claim-double-down-casino-chips-no-verification-fz3ipjx/feed","GONE_410","","410","","Retired WordPress, commerce, or injected spam URL.","GSC: Excluida por una etiqueta noindex","","Cloudflare WAF custom response","NO"
"https://bringasinsurance.com/2025/08/10/vcga9mghh/feed/","/2025/08/10/vcga9mghh/feed","GONE_410","","410","","Retired WordPress, commerce, or injected spam URL.","GSC: Excluida por una etiqueta noindex","","Cloudflare WAF custom response","NO"
"https://bringasinsurance.com/category/uncategorized/","/category/uncategorized","GONE_410","","410","","Retired WordPress, commerce, or injected spam URL.","GSC: Excluida por una etiqueta noindex","","Cloudflare WAF custom response","NO"
"https://bringasinsurance.com/2025/07/30/experience-avia-masters-slot-play-win-big-in-english-online-casino-for-new-zealand-players/feed/","/2025/07/30/experience-avia-masters-slot-play-win-big-in-english-online-casino-for-new-zealand-players/feed","GONE_410","","410","","Retired WordPress, commerce, or injected spam URL.","GSC: Excluida por una etiqueta noindex","","Cloudflare WAF custom response","NO"
"https://bringasinsurance.com/2025/07/30/🎯-how-to-get-free-amazon-gift-cards-easily-no-scam-just-rewards-x7bxt7/feed/","/2025/07/30/🎯-how-to-get-free-amazon-gift-cards-easily-no-scam-just-rewards-x7bxt7/feed","GONE_410","","410","","Retired WordPress, commerce, or injected spam URL.","GSC: Excluida por una etiqueta noindex","","Cloudflare WAF custom response","NO"
"https://bringasinsurance.com/2025/07/30/8-ways-to-get-free-dice-dream-rolls-links-2025-ultimate-method-j64vsb/feed/","/2025/07/30/8-ways-to-get-free-dice-dream-rolls-links-2025-ultimate-method-j64vsb/feed","GONE_410","","410","","Retired WordPress, commerce, or injected spam URL.","GSC: Excluida por una etiqueta noindex","","Cloudflare WAF custom response","NO"
"https://bringasinsurance.com/2025/07/30/xwxd0fo8/feed/","/2025/07/30/xwxd0fo8/feed","GONE_410","","410","","Retired WordPress, commerce, or injected spam URL.","GSC: Excluida por una etiqueta noindex","","Cloudflare WAF custom response","NO"
"https://bringasinsurance.com/2025/07/30/1uk3h46o/feed/","/2025/07/30/1uk3h46o/feed","GONE_410","","410","","Retired WordPress, commerce, or injected spam URL.","GSC: Excluida por una etiqueta noindex","","Cloudflare WAF custom response","NO"
"https://bringasinsurance.com/2025/07/30/new-steps-to-get-free-cash-frenzy-coins-legally-3eh9f8k/feed/","/2025/07/30/new-steps-to-get-free-cash-frenzy-coins-legally-3eh9f8k/feed","GONE_410","","410","","Retired WordPress, commerce, or injected spam URL.","GSC: Excluida por una etiqueta noindex","","Cloudflare WAF custom response","NO"
"https://bringasinsurance.com/2025/07/30/jfszderkj/feed/","/2025/07/30/jfszderkj/feed","GONE_410","","410","","Retired WordPress, commerce, or injected spam URL.","GSC: Excluida por una etiqueta noindex","","Cloudflare WAF custom response","NO"
"https://bringasinsurance.com/2025/07/30/crush-it-with-free-brawl-stars-crystals/feed/","/2025/07/30/crush-it-with-free-brawl-stars-crystals/feed","GONE_410","","410","","Retired WordPress, commerce, or injected spam URL.","GSC: Excluida por una etiqueta noindex","","Cloudflare WAF custom response","NO"
"https://bringasinsurance.com/2025/07/30/epic-how-to-play-cash-frenzy-on-pc-guide-kzqiq4t/feed/","/2025/07/30/epic-how-to-play-cash-frenzy-on-pc-guide-kzqiq4t/feed","GONE_410","","410","","Retired WordPress, commerce, or injected spam URL.","GSC: Excluida por una etiqueta noindex","","Cloudflare WAF custom response","NO"
"https://bringasinsurance.com/category/uncategorized/page/27/","/category/uncategorized/page/27","GONE_410","","410","","Retired WordPress, commerce, or injected spam URL.","GSC: Excluida por una etiqueta noindex","","Cloudflare WAF custom response","NO"
"https://bringasinsurance.com/category/uncategorized/page/19/","/category/uncategorized/page/19","GONE_410","","410","","Retired WordPress, commerce, or injected spam URL.","GSC: Excluida por una etiqueta noindex","","Cloudflare WAF custom response","NO"
"https://bringasinsurance.com/category/uncategorized/page/3/","/category/uncategorized/page/3","GONE_410","","410","","Retired WordPress, commerce, or injected spam URL.","GSC: Excluida por una etiqueta noindex","","Cloudflare WAF custom response","NO"
"https://bringasinsurance.com/?tid=EPD86ss00Q0J9dndxqr3gD_wZWINOybdBeO","/","CANONICAL_ALTERNATE","","200","https://bringasinsurance.com/","Query-string duplicate of canonical route.","GSC: Página alternativa con etiqueta canónica adecuada","","React SEO canonical","NO"
"https://bringasinsurance.com/?tid=EPD86ss00Q0J9dndxqr3gD_VtPvvM6aDqBr","/","CANONICAL_ALTERNATE","","200","https://bringasinsurance.com/","Query-string duplicate of canonical route.","GSC: Página alternativa con etiqueta canónica adecuada","","React SEO canonical","NO"
"https://bringasinsurance.com/?v=0096738646fe59e","/","CANONICAL_ALTERNATE","","200","https://bringasinsurance.com/","Query-string duplicate of canonical route.","GSC: Página alternativa con etiqueta canónica adecuada","","React SEO canonical","NO"
"https://bringasinsurance.com/?v=012170266474fb99","/","CANONICAL_ALTERNATE","","200","https://bringasinsurance.com/","Query-string duplicate of canonical route.","GSC: Página alternativa con etiqueta canónica adecuada","","React SEO canonical","NO"
"https://bringasinsurance.com/?v=811925920df7724","/","CANONICAL_ALTERNATE","","200","https://bringasinsurance.com/","Query-string duplicate of canonical route.","GSC: Página alternativa con etiqueta canónica adecuada","","React SEO canonical","NO"
"https://bringasinsurance.com/?v=10618775608d8855","/","CANONICAL_ALTERNATE","","200","https://bringasinsurance.com/","Query-string duplicate of canonical route.","GSC: Página alternativa con etiqueta canónica adecuada","","React SEO canonical","NO"
"https://bringasinsurance.com/?v=223725304a3bcfe","/","CANONICAL_ALTERNATE","","200","https://bringasinsurance.com/","Query-string duplicate of canonical route.","GSC: Página alternativa con etiqueta canónica adecuada","","React SEO canonical","NO"
"https://bringasinsurance.com/?v=8751851840484028","/","CANONICAL_ALTERNATE","","200","https://bringasinsurance.com/","Query-string duplicate of canonical route.","GSC: Página alternativa con etiqueta canónica adecuada","","React SEO canonical","NO"
"https://bringasinsurance.com/?v=340658432d0e460","/","CANONICAL_ALTERNATE","","200","https://bringasinsurance.com/","Query-string duplicate of canonical route.","GSC: Página alternativa con etiqueta canónica adecuada","","React SEO canonical","NO"
"https://bringasinsurance.com/?v=1733008d5444b","/","CANONICAL_ALTERNATE","","200","https://bringasinsurance.com/","Query-string duplicate of canonical route.","GSC: Página alternativa con etiqueta canónica adecuada","","React SEO canonical","NO"
"https://bringasinsurance.com/?v=6001527768e74779","/","CANONICAL_ALTERNATE","","200","https://bringasinsurance.com/","Query-string duplicate of canonical route.","GSC: Página alternativa con etiqueta canónica adecuada","","React SEO canonical","NO"
"https://bringasinsurance.com/?v=7081240922c63830","/","CANONICAL_ALTERNATE","","200","https://bringasinsurance.com/","Query-string duplicate of canonical route.","GSC: Página alternativa con etiqueta canónica adecuada","","React SEO canonical","NO"
"https://bringasinsurance.com/?v=4611799110cfd8fe","/","CANONICAL_ALTERNATE","","200","https://bringasinsurance.com/","Query-string duplicate of canonical route.","GSC: Página alternativa con etiqueta canónica adecuada","","React SEO canonical","NO"
"https://bringasinsurance.com/?v=2071417974da35c2","/","CANONICAL_ALTERNATE","","200","https://bringasinsurance.com/","Query-string duplicate of canonical route.","GSC: Página alternativa con etiqueta canónica adecuada","","React SEO canonical","NO"
"https://bringasinsurance.com/?v=0171614788c2ebf2","/","CANONICAL_ALTERNATE","","200","https://bringasinsurance.com/","Query-string duplicate of canonical route.","GSC: Página alternativa con etiqueta canónica adecuada","","React SEO canonical","NO"
"https://bringasinsurance.com/?v=9091514253c607d3","/","CANONICAL_ALTERNATE","","200","https://bringasinsurance.com/","Query-string duplicate of canonical route.","GSC: Página alternativa con etiqueta canónica adecuada","","React SEO canonical","NO"
"https://bringasinsurance.com/home-insurance/","/home-insurance","KEEP_200","","200","https://bringasinsurance.com/home-insurance","Current indexable canonical route.","GSC: Página alternativa con etiqueta canónica adecuada","","origin/application","NO"
"https://bringasinsurance.com/faq/","/faq","MANUAL_REVIEW","","review","","No equivalent destination proven; manual review required.","GSC: Página alternativa con etiqueta canónica adecuada","","manual","NO"
"https://bringasinsurance.com/pagos/?lang=es","/pagos","REDIRECT_301","https://bringasinsurance.com/pay-my-bill","301","","Equivalent migrated content is explicitly mapped.","GSC: Página alternativa con etiqueta canónica adecuada","","Cloudflare redirect","NO"
"https://bringasinsurance.com/51492160825.htm","/51492160825.htm","GONE_410","","410","","Retired WordPress, commerce, or injected spam URL.","GSC: Página alternativa con etiqueta canónica adecuada","","Cloudflare WAF custom response","NO"
"https://bringasinsurance.com/14479200808.htm","/14479200808.htm","GONE_410","","410","","Retired WordPress, commerce, or injected spam URL.","GSC: Página alternativa con etiqueta canónica adecuada","","Cloudflare WAF custom response","NO"
"https://bringasinsurance.com/51628132177.htm","/51628132177.htm","GONE_410","","410","","Retired WordPress, commerce, or injected spam URL.","GSC: Página alternativa con etiqueta canónica adecuada","","Cloudflare WAF custom response","NO"
"https://bringasinsurance.com/144793355.htm","/144793355.htm","GONE_410","","410","","Retired WordPress, commerce, or injected spam URL.","GSC: No se ha encontrado (404)","","Cloudflare WAF custom response","NO"
"https://bringasinsurance.com/508095815.htm","/508095815.htm","GONE_410","","410","","Retired WordPress, commerce, or injected spam URL.","GSC: No se ha encontrado (404)","","Cloudflare WAF custom response","NO"
"https://bringasinsurance.com/516281828.htm","/516281828.htm","GONE_410","","410","","Retired WordPress, commerce, or injected spam URL.","GSC: No se ha encontrado (404)","","Cloudflare WAF custom response","NO"
"https://bringasinsurance.com/751824644.htm","/751824644.htm","GONE_410","","410","","Retired WordPress, commerce, or injected spam URL.","GSC: No se ha encontrado (404)","","Cloudflare WAF custom response","NO"
"https://bringasinsurance.com/shopdetail/0002cbf2ffe2.html","/shopdetail/0002cbf2ffe2.html","GONE_410","","410","","Retired WordPress, commerce, or injected spam URL.","GSC: No se ha encontrado (404)","","Cloudflare WAF custom response","NO"
"https://bringasinsurance.com/83352185062.htm","/83352185062.htm","GONE_410","","410","","Retired WordPress, commerce, or injected spam URL.","GSC: No se ha encontrado (404)","","Cloudflare WAF custom response","NO"
"https://bringasinsurance.com/shopdetail/0002ccda2233.html","/shopdetail/0002ccda2233.html","GONE_410","","410","","Retired WordPress, commerce, or injected spam URL.","GSC: No se ha encontrado (404)","","Cloudflare WAF custom response","NO"
"https://bringasinsurance.com/privacy/","/privacy","REDIRECT_301","https://bringasinsurance.com/","301","","Equivalent migrated content is explicitly mapped.","GSC: No se ha encontrado (404)","","Cloudflare redirect","NO"
"https://bringasinsurance.com/shopdetail/0002caf8b4a6.html","/shopdetail/0002caf8b4a6.html","GONE_410","","410","","Retired WordPress, commerce, or injected spam URL.","GSC: No se ha encontrado (404)","","Cloudflare WAF custom response","NO"
"https://bringasinsurance.com/shopdetail/0002cc0cc28b.html","/shopdetail/0002cc0cc28b.html","GONE_410","","410","","Retired WordPress, commerce, or injected spam URL.","GSC: No se ha encontrado (404)","","Cloudflare WAF custom response","NO"
"https://bringasinsurance.com/shopdetail/0002cc54cec2.html","/shopdetail/0002cc54cec2.html","GONE_410","","410","","Retired WordPress, commerce, or injected spam URL.","GSC: No se ha encontrado (404)","","Cloudflare WAF custom response","NO"
"https://bringasinsurance.com/shop/cart/cart.aspx","/shop/cart/cart.aspx","GONE_410","","410","","Retired WordPress, commerce, or injected spam URL.","GSC: No se ha encontrado (404)","","Cloudflare WAF custom response","NO"
"https://bringasinsurance.com/shopdetail/0002cb385ae9.html","/shopdetail/0002cb385ae9.html","GONE_410","","410","","Retired WordPress, commerce, or injected spam URL.","GSC: No se ha encontrado (404)","","Cloudflare WAF custom response","NO"
"https://bringasinsurance.com/seguros-de-vida-en-seattle-washington/","/seguros-de-vida-en-seattle-washington","REDIRECT_301","https://bringasinsurance.com/life-insurance","301","","Equivalent migrated content is explicitly mapped.","GSC: Soft 404","","Cloudflare redirect","NO"
"https://bringasinsurance.com/agentes-de-seguros-en-seattle-washington/","/agentes-de-seguros-en-seattle-washington","REDIRECT_301","https://bringasinsurance.com/about","301","","Equivalent migrated content is explicitly mapped.","GSC: Soft 404","","Cloudflare redirect","NO"
"https://bringasinsurance.com/2025/07/30/8-ways-to-get-free-dice-dream-rolls-links-2025-ultimate-method-6rifd1/","/2025/07/30/8-ways-to-get-free-dice-dream-rolls-links-2025-ultimate-method-6rifd1","GONE_410","","410","","Retired WordPress, commerce, or injected spam URL.","GSC: Soft 404","","Cloudflare WAF custom response","NO"
"https://bringasinsurance.com/2025/07/30/win-best-strategies-to-get-coins-in-2025-qk1vqij/","/2025/07/30/win-best-strategies-to-get-coins-in-2025-qk1vqij","GONE_410","","410","","Retired WordPress, commerce, or injected spam URL.","GSC: Soft 404","","Cloudflare WAF custom response","NO"
"https://bringasinsurance.com/restaurant-insurance-in-seattle-washington/","/restaurant-insurance-in-seattle-washington","REDIRECT_301","https://bringasinsurance.com/restaurant-insurance","301","","Equivalent migrated content is explicitly mapped.","GSC: Soft 404","","Cloudflare redirect","NO"
"https://bringasinsurance.com/2025/08/10/prime-bkluvn-bingo-bash-cheats-boost-your-winnings-with-869tip0/","/2025/08/10/prime-bkluvn-bingo-bash-cheats-boost-your-winnings-with-869tip0","GONE_410","","410","","Retired WordPress, commerce, or injected spam URL.","GSC: Soft 404","","Cloudflare WAF custom response","NO"
"https://bringasinsurance.com/renters-insurance-in-seattle-washington/","/renters-insurance-in-seattle-washington","REDIRECT_301","https://bringasinsurance.com/renters-insurance","301","","Equivalent migrated content is explicitly mapped.","GSC: Soft 404","","Cloudflare redirect","NO"
"https://bringasinsurance.com/2025/07/30/6lq72700/","/2025/07/30/6lq72700","GONE_410","","410","","Retired WordPress, commerce, or injected spam URL.","GSC: Soft 404","","Cloudflare WAF custom response","NO"
"https://bringasinsurance.com/general-insurance-in-seattle-washington/","/general-insurance-in-seattle-washington","REDIRECT_301","https://bringasinsurance.com/general-liability","301","","Equivalent migrated content is explicitly mapped.","GSC: Soft 404","","Cloudflare redirect","NO"
"https://bringasinsurance.com/2025/08/07/vvipmega-joqzvn-unlock-unlimited-resources-with-the-best-co-ffhfhl7/","/2025/08/07/vvipmega-joqzvn-unlock-unlimited-resources-with-the-best-co-ffhfhl7","GONE_410","","410","","Retired WordPress, commerce, or injected spam URL.","GSC: Soft 404","","Cloudflare WAF custom response","NO"
"https://bringasinsurance.com/recreational-vehicle-insurance-in-seattle-washington/","/recreational-vehicle-insurance-in-seattle-washington","REDIRECT_301","https://bringasinsurance.com/rv-insurance","301","","Equivalent migrated content is explicitly mapped.","GSC: Soft 404","","Cloudflare redirect","NO"
"https://bringasinsurance.com/reward-wxvrce-8-ball-pool-free-coins-the-ultimate-guide-t-9osqrwe","/reward-wxvrce-8-ball-pool-free-coins-the-ultimate-guide-t-9osqrwe","GONE_410","","410","","Retired WordPress, commerce, or injected spam URL.","GSC: Soft 404","","Cloudflare WAF custom response","NO"
"https://bringasinsurance.com/2025/08/11/picture-your-mise-minimum-winamax-on-top-read-this-and-make-it-so/","/2025/08/11/picture-your-mise-minimum-winamax-on-top-read-this-and-make-it-so","GONE_410","","410","","Retired WordPress, commerce, or injected spam URL.","GSC: Soft 404","","Cloudflare WAF custom response","NO"
"https://bringasinsurance.com/2025/08/10/🏆-🚀-how-to-get-free-coins-in-lightning-link-casino-2025-easy-no-scam-💎-mhuqfo/","/2025/08/10/🏆-🚀-how-to-get-free-coins-in-lightning-link-casino-2025-easy-no-scam-💎-mhuqfo","GONE_410","","410","","Retired WordPress, commerce, or injected spam URL.","GSC: Soft 404","","Cloudflare WAF custom response","NO"
"https://bringasinsurance.com/mega-esioqi-bingo-bash-cheats-boost-your-winnings-with-xfqn2cf","/mega-esioqi-bingo-bash-cheats-boost-your-winnings-with-xfqn2cf","GONE_410","","410","","Retired WordPress, commerce, or injected spam URL.","GSC: Soft 404","","Cloudflare WAF custom response","NO"
"https://bringasinsurance.com/category/casinowazamba/","/category/casinowazamba","GONE_410","","410","","Retired WordPress, commerce, or injected spam URL.","GSC: Soft 404","","Cloudflare WAF custom response","NO"
"https://bringasinsurance.com/2025/08/10/🎯-🚀-how-to-get-free-coins-in-lightning-link-casino-2025-easy-no-scam-💎-naiaeo/","/2025/08/10/🎯-🚀-how-to-get-free-coins-in-lightning-link-casino-2025-easy-no-scam-💎-naiaeo","GONE_410","","410","","Retired WordPress, commerce, or injected spam URL.","GSC: Soft 404","","Cloudflare WAF custom response","NO"
"https://bringasinsurance.com/2025/08/04/experience-the-thrill-of-slots-charm-uk-play-toprated-casino-games-online-in-english-for-the-united-kingdom/feed/","/2025/08/04/experience-the-thrill-of-slots-charm-uk-play-toprated-casino-games-online-in-english-for-the-united-kingdom/feed","GONE_410","","410","","Retired WordPress, commerce, or injected spam URL.","GSC: Soft 404","","Cloudflare WAF custom response","NO"
"https://bringasinsurance.com/2025/07/30/🎯-taonga-island-quest-snag-fast-free-loot-diamonds-this-2025-szn2q78d4-yd2jdk/feed/","/2025/07/30/🎯-taonga-island-quest-snag-fast-free-loot-diamonds-this-2025-szn2q78d4-yd2jdk/feed","GONE_410","","410","","Retired WordPress, commerce, or injected spam URL.","GSC: Soft 404","","Cloudflare WAF custom response","NO"
"https://bringasinsurance.com/2025/08/08/mega-esioqi-bingo-bash-cheats-boost-your-winnings-with-xfqn2cf/feed/","/2025/08/08/mega-esioqi-bingo-bash-cheats-boost-your-winnings-with-xfqn2cf/feed","GONE_410","","410","","Retired WordPress, commerce, or injected spam URL.","GSC: Soft 404","","Cloudflare WAF custom response","NO"
"https://bringasinsurance.com/2025/08/08/top-how-many-robux-from-50-roblox-card-9v26vof/feed/","/2025/08/08/top-how-many-robux-from-50-roblox-card-9v26vof/feed","GONE_410","","410","","Retired WordPress, commerce, or injected spam URL.","GSC: Soft 404","","Cloudflare WAF custom response","NO"
"https://bringasinsurance.com/2025/07/30/🕹️-how-to-get-free-amazon-gift-cards-easily-no-scam-just-rewards-bxtrf5-2/feed/","/2025/07/30/🕹️-how-to-get-free-amazon-gift-cards-easily-no-scam-just-rewards-bxtrf5-2/feed","GONE_410","","410","","Retired WordPress, commerce, or injected spam URL.","GSC: Soft 404","","Cloudflare WAF custom response","NO"
"https://bringasinsurance.com/2025/08/10/odn1s8rsz/feed/","/2025/08/10/odn1s8rsz/feed","GONE_410","","410","","Retired WordPress, commerce, or injected spam URL.","GSC: Soft 404","","Cloudflare WAF custom response","NO"
"https://bringasinsurance.com/2025/07/30/8-ways-to-get-free-dice-dream-rolls-links-2025-ultimate-method-el6xcu/feed/","/2025/07/30/8-ways-to-get-free-dice-dream-rolls-links-2025-ultimate-method-el6xcu/feed","GONE_410","","410","","Retired WordPress, commerce, or injected spam URL.","GSC: Soft 404","","Cloudflare WAF custom response","NO"
"https://bringasinsurance.com/vvipprime-znlkwi-unlock-unlimited-resources-with-the-best-co-xq0j6zu","/vvipprime-znlkwi-unlock-unlimited-resources-with-the-best-co-xq0j6zu","GONE_410","","410","","Retired WordPress, commerce, or injected spam URL.","GSC: Soft 404","","Cloudflare WAF custom response","NO"
"https://bringasinsurance.com/new-bytjza-bingo-bash-cheats-boost-your-winnings-with-obur438","/new-bytjza-bingo-bash-cheats-boost-your-winnings-with-obur438","GONE_410","","410","","Retired WordPress, commerce, or injected spam URL.","GSC: Soft 404","","Cloudflare WAF custom response","NO"
"https://bringasinsurance.com/payments/","/payments","REDIRECT_301","https://bringasinsurance.com/pay-my-bill","301","","Equivalent migrated content is explicitly mapped.","GSC: Soft 404","","Cloudflare redirect","NO"
"https://bringasinsurance.com/2025/08/10/wvhza2ckmr/feed/","/2025/08/10/wvhza2ckmr/feed","GONE_410","","410","","Retired WordPress, commerce, or injected spam URL.","GSC: Soft 404","","Cloudflare WAF custom response","NO"
"https://bringasinsurance.com/","/","KEEP_200","","200","https://bringasinsurance.com/","Current indexable canonical route.","VALID_ROUTES","","origin/application","NO"
"https://bringasinsurance.com/about","/about","KEEP_200","","200","https://bringasinsurance.com/about","Current indexable canonical route.","VALID_ROUTES","","origin/application","NO"
"https://bringasinsurance.com/quote","/quote","KEEP_200","","200","https://bringasinsurance.com/quote","Current indexable canonical route.","VALID_ROUTES","","origin/application","NO"
"https://bringasinsurance.com/contact","/contact","KEEP_200","","200","https://bringasinsurance.com/contact","Current indexable canonical route.","VALID_ROUTES","","origin/application","NO"
"https://bringasinsurance.com/auto-insurance","/auto-insurance","KEEP_200","","200","https://bringasinsurance.com/auto-insurance","Current indexable canonical route.","VALID_ROUTES","","origin/application","NO"
"https://bringasinsurance.com/home-insurance","/home-insurance","KEEP_200","","200","https://bringasinsurance.com/home-insurance","Current indexable canonical route.","VALID_ROUTES","","origin/application","NO"
"https://bringasinsurance.com/life-insurance","/life-insurance","KEEP_200","","200","https://bringasinsurance.com/life-insurance","Current indexable canonical route.","VALID_ROUTES","","origin/application","NO"
"https://bringasinsurance.com/boat-insurance","/boat-insurance","KEEP_200","","200","https://bringasinsurance.com/boat-insurance","Current indexable canonical route.","VALID_ROUTES","","origin/application","NO"
"https://bringasinsurance.com/motorcycle-insurance","/motorcycle-insurance","KEEP_200","","200","https://bringasinsurance.com/motorcycle-insurance","Current indexable canonical route.","VALID_ROUTES","","origin/application","NO"
"https://bringasinsurance.com/rv-insurance","/rv-insurance","KEEP_200","","200","https://bringasinsurance.com/rv-insurance","Current indexable canonical route.","VALID_ROUTES","","origin/application","NO"
"https://bringasinsurance.com/renters-insurance","/renters-insurance","KEEP_200","","200","https://bringasinsurance.com/renters-insurance","Current indexable canonical route.","VALID_ROUTES","","origin/application","NO"
"https://bringasinsurance.com/landlord-insurance","/landlord-insurance","KEEP_200","","200","https://bringasinsurance.com/landlord-insurance","Current indexable canonical route.","VALID_ROUTES","","origin/application","NO"
"https://bringasinsurance.com/mobile-home-insurance","/mobile-home-insurance","KEEP_200","","200","https://bringasinsurance.com/mobile-home-insurance","Current indexable canonical route.","VALID_ROUTES","","origin/application","NO"
"https://bringasinsurance.com/personal-umbrella","/personal-umbrella","KEEP_200","","200","https://bringasinsurance.com/personal-umbrella","Current indexable canonical route.","VALID_ROUTES","","origin/application","NO"
"https://bringasinsurance.com/general-liability","/general-liability","KEEP_200","","200","https://bringasinsurance.com/general-liability","Current indexable canonical route.","VALID_ROUTES","","origin/application","NO"
"https://bringasinsurance.com/bop-insurance","/bop-insurance","KEEP_200","","200","https://bringasinsurance.com/bop-insurance","Current indexable canonical route.","VALID_ROUTES","","origin/application","NO"
"https://bringasinsurance.com/commercial-auto","/commercial-auto","KEEP_200","","200","https://bringasinsurance.com/commercial-auto","Current indexable canonical route.","VALID_ROUTES","","origin/application","NO"
"https://bringasinsurance.com/commercial-property","/commercial-property","KEEP_200","","200","https://bringasinsurance.com/commercial-property","Current indexable canonical route.","VALID_ROUTES","","origin/application","NO"
"https://bringasinsurance.com/contractors-insurance","/contractors-insurance","KEEP_200","","200","https://bringasinsurance.com/contractors-insurance","Current indexable canonical route.","VALID_ROUTES","","origin/application","NO"
"https://bringasinsurance.com/restaurant-insurance","/restaurant-insurance","KEEP_200","","200","https://bringasinsurance.com/restaurant-insurance","Current indexable canonical route.","VALID_ROUTES","","origin/application","NO"
"https://bringasinsurance.com/building-owners","/building-owners","KEEP_200","","200","https://bringasinsurance.com/building-owners","Current indexable canonical route.","VALID_ROUTES","","origin/application","NO"
"https://bringasinsurance.com/bonds-surety","/bonds-surety","KEEP_200","","200","https://bringasinsurance.com/bonds-surety","Current indexable canonical route.","VALID_ROUTES","","origin/application","NO"
"https://bringasinsurance.com/pay-my-bill","/pay-my-bill","KEEP_200","","200","https://bringasinsurance.com/pay-my-bill","Current indexable canonical route.","VALID_ROUTES","","origin/application","NO"
"https://bringasinsurance.com/client-center","/client-center","KEEP_200","","200","https://bringasinsurance.com/client-center","Current indexable canonical route.","VALID_ROUTES","","origin/application","NO"
"https://bringasinsurance.com/carriers","/carriers","KEEP_200","","200","https://bringasinsurance.com/carriers","Current indexable canonical route.","VALID_ROUTES","","origin/application","NO"
"https://bringasinsurance.com/sr22-insurance","/sr22-insurance","KEEP_200","","200","https://bringasinsurance.com/sr22-insurance","Current indexable canonical route.","VALID_ROUTES","","origin/application","NO"
"https://bringasinsurance.com/seguros-para-autos-en-seattle-washington","/seguros-para-autos-en-seattle-washington","REDIRECT_301","https://bringasinsurance.com/auto-insurance","301","","Equivalent migrated content is explicitly mapped.","LEGACY_REDIRECTS","","Cloudflare redirect","NO"
"https://bringasinsurance.com/car-insurance-in-seattle-washington","/car-insurance-in-seattle-washington","REDIRECT_301","https://bringasinsurance.com/auto-insurance","301","","Equivalent migrated content is explicitly mapped.","LEGACY_REDIRECTS","","Cloudflare redirect","NO"
"https://bringasinsurance.com/auto-insurance-in-seattle-washington","/auto-insurance-in-seattle-washington","REDIRECT_301","https://bringasinsurance.com/auto-insurance","301","","Equivalent migrated content is explicitly mapped.","LEGACY_REDIRECTS","","Cloudflare redirect","NO"
"https://bringasinsurance.com/seguros-de-hogar-en-seattle-washington","/seguros-de-hogar-en-seattle-washington","REDIRECT_301","https://bringasinsurance.com/home-insurance","301","","Equivalent migrated content is explicitly mapped.","LEGACY_REDIRECTS","","Cloudflare redirect","NO"
"https://bringasinsurance.com/seguros-de-propietarios-en-seattle-washington","/seguros-de-propietarios-en-seattle-washington","REDIRECT_301","https://bringasinsurance.com/home-insurance","301","","Equivalent migrated content is explicitly mapped.","LEGACY_REDIRECTS","","Cloudflare redirect","NO"
"https://bringasinsurance.com/home-insurance-in-seattle-washington","/home-insurance-in-seattle-washington","REDIRECT_301","https://bringasinsurance.com/home-insurance","301","","Equivalent migrated content is explicitly mapped.","LEGACY_REDIRECTS","","Cloudflare redirect","NO"
"https://bringasinsurance.com/homeowners-insurance-in-seattle-washington","/homeowners-insurance-in-seattle-washington","REDIRECT_301","https://bringasinsurance.com/home-insurance","301","","Equivalent migrated content is explicitly mapped.","LEGACY_REDIRECTS","","Cloudflare redirect","NO"
"https://bringasinsurance.com/seguro-para-casas-prefabricadas","/seguro-para-casas-prefabricadas","REDIRECT_301","https://bringasinsurance.com/mobile-home-insurance","301","","Equivalent migrated content is explicitly mapped.","LEGACY_REDIRECTS","","Cloudflare redirect","NO"
"https://bringasinsurance.com/seguro-para-casas-prefabricadas-en-seattle-washington","/seguro-para-casas-prefabricadas-en-seattle-washington","REDIRECT_301","https://bringasinsurance.com/mobile-home-insurance","301","","Equivalent migrated content is explicitly mapped.","LEGACY_REDIRECTS","","Cloudflare redirect","NO"
"https://bringasinsurance.com/mobile-home-insurance-in-seattle-washington","/mobile-home-insurance-in-seattle-washington","REDIRECT_301","https://bringasinsurance.com/mobile-home-insurance","301","","Equivalent migrated content is explicitly mapped.","LEGACY_REDIRECTS","","Cloudflare redirect","NO"
"https://bringasinsurance.com/landlord-insurance-in-seattle-washington","/landlord-insurance-in-seattle-washington","REDIRECT_301","https://bringasinsurance.com/landlord-insurance","301","","Equivalent migrated content is explicitly mapped.","LEGACY_REDIRECTS","","Cloudflare redirect","NO"
"https://bringasinsurance.com/seguros-para-arrendadores-en-seattle-washington","/seguros-para-arrendadores-en-seattle-washington","REDIRECT_301","https://bringasinsurance.com/landlord-insurance","301","","Equivalent migrated content is explicitly mapped.","LEGACY_REDIRECTS","","Cloudflare redirect","NO"
"https://bringasinsurance.com/renters-insurance-in-seattle-washington","/renters-insurance-in-seattle-washington","REDIRECT_301","https://bringasinsurance.com/renters-insurance","301","","Equivalent migrated content is explicitly mapped.","LEGACY_REDIRECTS","","Cloudflare redirect","NO"
"https://bringasinsurance.com/seguros-para-inquilinos-en-seattle-washington","/seguros-para-inquilinos-en-seattle-washington","REDIRECT_301","https://bringasinsurance.com/renters-insurance","301","","Equivalent migrated content is explicitly mapped.","LEGACY_REDIRECTS","","Cloudflare redirect","NO"
"https://bringasinsurance.com/seguros-de-vida-en-seattle-washington","/seguros-de-vida-en-seattle-washington","REDIRECT_301","https://bringasinsurance.com/life-insurance","301","","Equivalent migrated content is explicitly mapped.","LEGACY_REDIRECTS","","Cloudflare redirect","NO"
"https://bringasinsurance.com/life-insurance-in-seattle-washington","/life-insurance-in-seattle-washington","REDIRECT_301","https://bringasinsurance.com/life-insurance","301","","Equivalent migrated content is explicitly mapped.","LEGACY_REDIRECTS","","Cloudflare redirect","NO"
"https://bringasinsurance.com/motorcycle-insurance-in-seattle-washington","/motorcycle-insurance-in-seattle-washington","REDIRECT_301","https://bringasinsurance.com/motorcycle-insurance","301","","Equivalent migrated content is explicitly mapped.","LEGACY_REDIRECTS","","Cloudflare redirect","NO"
"https://bringasinsurance.com/seguros-para-motocicleta-en-seattle-washington","/seguros-para-motocicleta-en-seattle-washington","REDIRECT_301","https://bringasinsurance.com/motorcycle-insurance","301","","Equivalent migrated content is explicitly mapped.","LEGACY_REDIRECTS","","Cloudflare redirect","NO"
"https://bringasinsurance.com/boat-insurance-in-seattle-washington","/boat-insurance-in-seattle-washington","REDIRECT_301","https://bringasinsurance.com/boat-insurance","301","","Equivalent migrated content is explicitly mapped.","LEGACY_REDIRECTS","","Cloudflare redirect","NO"
"https://bringasinsurance.com/seguros-para-botes-en-seattle-washington","/seguros-para-botes-en-seattle-washington","REDIRECT_301","https://bringasinsurance.com/boat-insurance","301","","Equivalent migrated content is explicitly mapped.","LEGACY_REDIRECTS","","Cloudflare redirect","NO"
"https://bringasinsurance.com/recreational-vehicle-insurance","/recreational-vehicle-insurance","REDIRECT_301","https://bringasinsurance.com/rv-insurance","301","","Equivalent migrated content is explicitly mapped.","LEGACY_REDIRECTS","","Cloudflare redirect","NO"
"https://bringasinsurance.com/recreational-vehicle-insurance-in-seattle-washington","/recreational-vehicle-insurance-in-seattle-washington","REDIRECT_301","https://bringasinsurance.com/rv-insurance","301","","Equivalent migrated content is explicitly mapped.","LEGACY_REDIRECTS","","Cloudflare redirect","NO"
"https://bringasinsurance.com/seguro-para-vehiculos-recreativos-en-seattle-washington","/seguro-para-vehiculos-recreativos-en-seattle-washington","REDIRECT_301","https://bringasinsurance.com/rv-insurance","301","","Equivalent migrated content is explicitly mapped.","LEGACY_REDIRECTS","","Cloudflare redirect","NO"
"https://bringasinsurance.com/personal-umbrella-in-seattle-washington","/personal-umbrella-in-seattle-washington","REDIRECT_301","https://bringasinsurance.com/personal-umbrella","301","","Equivalent migrated content is explicitly mapped.","LEGACY_REDIRECTS","","Cloudflare redirect","NO"
"https://bringasinsurance.com/paraguas-personal-en-seattle-washington","/paraguas-personal-en-seattle-washington","REDIRECT_301","https://bringasinsurance.com/personal-umbrella","301","","Equivalent migrated content is explicitly mapped.","LEGACY_REDIRECTS","","Cloudflare redirect","NO"
"https://bringasinsurance.com/commercial-property-insurance-in-seattle-washington","/commercial-property-insurance-in-seattle-washington","REDIRECT_301","https://bringasinsurance.com/commercial-property","301","","Equivalent migrated content is explicitly mapped.","LEGACY_REDIRECTS","","Cloudflare redirect","NO"
"https://bringasinsurance.com/seguros-para-propiedad-comercial-en-seattle-washington","/seguros-para-propiedad-comercial-en-seattle-washington","REDIRECT_301","https://bringasinsurance.com/commercial-property","301","","Equivalent migrated content is explicitly mapped.","LEGACY_REDIRECTS","","Cloudflare redirect","NO"
"https://bringasinsurance.com/commercial-auto-insurance-in-seattle-washington","/commercial-auto-insurance-in-seattle-washington","REDIRECT_301","https://bringasinsurance.com/commercial-auto","301","","Equivalent migrated content is explicitly mapped.","LEGACY_REDIRECTS","","Cloudflare redirect","NO"
"https://bringasinsurance.com/seguro-auto-comercial-en-seattle-washington","/seguro-auto-comercial-en-seattle-washington","REDIRECT_301","https://bringasinsurance.com/commercial-auto","301","","Equivalent migrated content is explicitly mapped.","LEGACY_REDIRECTS","","Cloudflare redirect","NO"
"https://bringasinsurance.com/business-owners-insurance-in-seattle-washington","/business-owners-insurance-in-seattle-washington","REDIRECT_301","https://bringasinsurance.com/bop-insurance","301","","Equivalent migrated content is explicitly mapped.","LEGACY_REDIRECTS","","Cloudflare redirect","NO"
"https://bringasinsurance.com/seguros-para-propietarios-de-negocios-en-seattle-washington","/seguros-para-propietarios-de-negocios-en-seattle-washington","REDIRECT_301","https://bringasinsurance.com/bop-insurance","301","","Equivalent migrated content is explicitly mapped.","LEGACY_REDIRECTS","","Cloudflare redirect","NO"
"https://bringasinsurance.com/building-insurance-in-seattle-washington","/building-insurance-in-seattle-washington","REDIRECT_301","https://bringasinsurance.com/building-owners","301","","Equivalent migrated content is explicitly mapped.","LEGACY_REDIRECTS","","Cloudflare redirect","NO"
"https://bringasinsurance.com/seguros-para-propietarios-de-edificios-en-seattle-washington","/seguros-para-propietarios-de-edificios-en-seattle-washington","REDIRECT_301","https://bringasinsurance.com/building-owners","301","","Equivalent migrated content is explicitly mapped.","LEGACY_REDIRECTS","","Cloudflare redirect","NO"
"https://bringasinsurance.com/general-insurance-in-seattle-washington","/general-insurance-in-seattle-washington","REDIRECT_301","https://bringasinsurance.com/general-liability","301","","Equivalent migrated content is explicitly mapped.","LEGACY_REDIRECTS","","Cloudflare redirect","NO"
"https://bringasinsurance.com/general-liability-insurance-in-seattle-washington","/general-liability-insurance-in-seattle-washington","REDIRECT_301","https://bringasinsurance.com/general-liability","301","","Equivalent migrated content is explicitly mapped.","LEGACY_REDIRECTS","","Cloudflare redirect","NO"
"https://bringasinsurance.com/seguros-de-responsabilidad-general-en-seattle-washington","/seguros-de-responsabilidad-general-en-seattle-washington","REDIRECT_301","https://bringasinsurance.com/general-liability","301","","Equivalent migrated content is explicitly mapped.","LEGACY_REDIRECTS","","Cloudflare redirect","NO"
"https://bringasinsurance.com/restaurant-insurance-in-seattle-washington","/restaurant-insurance-in-seattle-washington","REDIRECT_301","https://bringasinsurance.com/restaurant-insurance","301","","Equivalent migrated content is explicitly mapped.","LEGACY_REDIRECTS","","Cloudflare redirect","NO"
"https://bringasinsurance.com/seguros-para-restaurantes-en-seattle-washington","/seguros-para-restaurantes-en-seattle-washington","REDIRECT_301","https://bringasinsurance.com/restaurant-insurance","301","","Equivalent migrated content is explicitly mapped.","LEGACY_REDIRECTS","","Cloudflare redirect","NO"
"https://bringasinsurance.com/contractors-insurance-in-seattle-washington","/contractors-insurance-in-seattle-washington","REDIRECT_301","https://bringasinsurance.com/contractors-insurance","301","","Equivalent migrated content is explicitly mapped.","LEGACY_REDIRECTS","","Cloudflare redirect","NO"
"https://bringasinsurance.com/seguros-para-contratistas-en-seattle-washington","/seguros-para-contratistas-en-seattle-washington","REDIRECT_301","https://bringasinsurance.com/contractors-insurance","301","","Equivalent migrated content is explicitly mapped.","LEGACY_REDIRECTS","","Cloudflare redirect","NO"
"https://bringasinsurance.com/fianzas-para-seguros-en-seattle-washington","/fianzas-para-seguros-en-seattle-washington","REDIRECT_301","https://bringasinsurance.com/bonds-surety","301","","Equivalent migrated content is explicitly mapped.","LEGACY_REDIRECTS","","Cloudflare redirect","NO"
"https://bringasinsurance.com/agentes-de-seguros-en-seattle-washington","/agentes-de-seguros-en-seattle-washington","REDIRECT_301","https://bringasinsurance.com/about","301","","Equivalent migrated content is explicitly mapped.","LEGACY_REDIRECTS","","Cloudflare redirect","NO"
"https://bringasinsurance.com/agentes","/agentes","REDIRECT_301","https://bringasinsurance.com/about","301","","Equivalent migrated content is explicitly mapped.","LEGACY_REDIRECTS","","Cloudflare redirect","NO"
"https://bringasinsurance.com/best-insurance-agents-in-houston","/best-insurance-agents-in-houston","REDIRECT_301","https://bringasinsurance.com/about","301","","Equivalent migrated content is explicitly mapped.","LEGACY_REDIRECTS","","Cloudflare redirect","NO"
"https://bringasinsurance.com/contacto","/contacto","REDIRECT_301","https://bringasinsurance.com/contact","301","","Equivalent migrated content is explicitly mapped.","LEGACY_REDIRECTS","","Cloudflare redirect","NO"
"https://bringasinsurance.com/pagos","/pagos","REDIRECT_301","https://bringasinsurance.com/pay-my-bill","301","","Equivalent migrated content is explicitly mapped.","LEGACY_REDIRECTS","","Cloudflare redirect","NO"
"https://bringasinsurance.com/customer-quoting","/customer-quoting","REDIRECT_301","https://bringasinsurance.com/quote","301","","Equivalent migrated content is explicitly mapped.","LEGACY_REDIRECTS","","Cloudflare redirect","NO"
"https://bringasinsurance.com/cotizacion","/cotizacion","REDIRECT_301","https://bringasinsurance.com/quote","301","","Equivalent migrated content is explicitly mapped.","LEGACY_REDIRECTS","","Cloudflare redirect","NO"
"https://bringasinsurance.com/privacy","/privacy","REDIRECT_301","https://bringasinsurance.com/","301","","Equivalent migrated content is explicitly mapped.","LEGACY_REDIRECTS","","Cloudflare redirect","NO"
"https://bringasinsurance.com/privacidad","/privacidad","REDIRECT_301","https://bringasinsurance.com/","301","","Equivalent migrated content is explicitly mapped.","LEGACY_REDIRECTS","","Cloudflare redirect","NO"
"https://bringasinsurance.com/random-nonexistent-url-12345/","/random-nonexistent-url-12345","NOT_FOUND_404","","404","","Acceptance-test URL with no matching resource or redirect.","acceptance matrix","","Cloudflare terminal 404","NO"
