"URL","Categoría GSC","Debe indexarse","HTTP actual","HTTP final","Destino actual","Canonical","Meta robots","X-Robots-Tag","En sitemap","Enlaces internos","Clasificación","Acción recomendada","Archivo responsable","Nivel de riesgo","Requiere revisión manual","Observaciones"
"https://bringasinsurance.com/2025/08/05/uvlekatelnye-igry-v-onlaynkazino-pinco-stavki-dostupny-dlya-igrokov-iz-kirgizii/","Rastreada: actualmente sin indexar","No","200","200","","No declarada en HTML inicial; SEO client-side solo al renderizar","noindex, nofollow (NotFound.tsx al renderizar)","No observado","No","No","URL spam, hackeada o generada por error","No redirigir a la home; bloquear/eliminar en hosting y devolver 410 cuando se confirme que no existe reemplazo. El 200 actual es un soft 404/fallback SPA.","src/pages/NotFound.tsx + hosting fallback","Alto","No","Verificado HTTP 200; cuerpo coincide con index.html inicial y no con un 404 de servidor."
"https://bringasinsurance.com/2025/08/10/🎲-🚀-how-to-get-free-coins-in-lightning-link-casino-2025-easy-no-scam-💎-hziilz/feed/","Rastreada: actualmente sin indexar","No","200","200","","No declarada en HTML inicial; SEO client-side solo al renderizar","noindex, nofollow (NotFound.tsx al renderizar)","No observado","No","No","URL spam, hackeada o generada por error","No redirigir a la home; bloquear/eliminar en hosting y devolver 410 cuando se confirme que no existe reemplazo. El 200 actual es un soft 404/fallback SPA.","src/pages/NotFound.tsx + hosting fallback","Alto","No","Verificado HTTP 200; cuerpo coincide con index.html inicial y no con un 404 de servidor."
"https://bringasinsurance.com/2025/08/08/oestqe-board-kings-cheats-free-gems-generator-2024-no-verification-new-method/feed/","Rastreada: actualmente sin indexar","No","200","200","","No declarada en HTML inicial; SEO client-side solo al renderizar","noindex, nofollow (NotFound.tsx al renderizar)","No observado","No","No","URL spam, hackeada o generada por error","No redirigir a la home; bloquear/eliminar en hosting y devolver 410 cuando se confirme que no existe reemplazo. El 200 actual es un soft 404/fallback SPA.","src/pages/NotFound.tsx + hosting fallback","Alto","No","Verificado HTTP 200; cuerpo coincide con index.html inicial y no con un 404 de servidor."
"https://bringasinsurance.com/2025/07/30/best-tricks-for-free-gems-in-brawl-stars/feed/","Rastreada: actualmente sin indexar","No","200","200","","No declarada en HTML inicial; SEO client-side solo al renderizar","noindex, nofollow (NotFound.tsx al renderizar)","No observado","No","No","URL spam, hackeada o generada por error","No redirigir a la home; bloquear/eliminar en hosting y devolver 410 cuando se confirme que no existe reemplazo. El 200 actual es un soft 404/fallback SPA.","src/pages/NotFound.tsx + hosting fallback","Alto","No","Verificado HTTP 200; cuerpo coincide con index.html inicial y no con un 404 de servidor."
"https://bringasinsurance.com/2025/07/30/grab-how-to-play-double-down-casino-on-pc-tutorial-a1xgmli/feed/","Rastreada: actualmente sin indexar","No","200","200","","No declarada en HTML inicial; SEO client-side solo al renderizar","noindex, nofollow (NotFound.tsx al renderizar)","No observado","No","No","URL spam, hackeada o generada por error","No redirigir a la home; bloquear/eliminar en hosting y devolver 410 cuando se confirme que no existe reemplazo. El 200 actual es un soft 404/fallback SPA.","src/pages/NotFound.tsx + hosting fallback","Alto","No","Verificado HTTP 200; cuerpo coincide con index.html inicial y no con un 404 de servidor."
"https://bringasinsurance.com/2025/08/06/vivatbet-pelinkauneet-casinolla-verkkossa-suomen-pelajille/feed/","Rastreada: actualmente sin indexar","No","200","200","","No declarada en HTML inicial; SEO client-side solo al renderizar","noindex, nofollow (NotFound.tsx al renderizar)","No observado","No","No","URL spam, hackeada o generada por error","No redirigir a la home; bloquear/eliminar en hosting y devolver 410 cuando se confirme que no existe reemplazo. El 200 actual es un soft 404/fallback SPA.","src/pages/NotFound.tsx + hosting fallback","Alto","No","Verificado HTTP 200; cuerpo coincide con index.html inicial y no con un 404 de servidor."
"https://bringasinsurance.com/2025/07/30/boost-your-brawl-stars-with-free-gems-2/feed/","Rastreada: actualmente sin indexar","No","200","200","","No declarada en HTML inicial; SEO client-side solo al renderizar","noindex, nofollow (NotFound.tsx al renderizar)","No observado","No","No","URL spam, hackeada o generada por error","No redirigir a la home; bloquear/eliminar en hosting y devolver 410 cuando se confirme que no existe reemplazo. El 200 actual es un soft 404/fallback SPA.","src/pages/NotFound.tsx + hosting fallback","Alto","No","Verificado HTTP 200; cuerpo coincide con index.html inicial y no con un 404 de servidor."
"https://bringasinsurance.com/2025/08/13/wazamba-casino-πλεονεκτήματα-και-μειονεκτήματα/feed/","Rastreada: actualmente sin indexar","No","200","200","","No declarada en HTML inicial; SEO client-side solo al renderizar","noindex, nofollow (NotFound.tsx al renderizar)","No observado","No","No","URL spam, hackeada o generada por error","No redirigir a la home; bloquear/eliminar en hosting y devolver 410 cuando se confirme que no existe reemplazo. El 200 actual es un soft 404/fallback SPA.","src/pages/NotFound.tsx + hosting fallback","Alto","No","Verificado HTTP 200; cuerpo coincide con index.html inicial y no con un 404 de servidor."
"https://bringasinsurance.com/2025/08/12/wazamba-casino-greece-παρουσίαση-1f52c27c/","Rastreada: actualmente sin indexar","No","200","200","","No declarada en HTML inicial; SEO client-side solo al renderizar","noindex, nofollow (NotFound.tsx al renderizar)","No observado","No","No","URL spam, hackeada o generada por error","No redirigir a la home; bloquear/eliminar en hosting y devolver 410 cuando se confirme que no existe reemplazo. El 200 actual es un soft 404/fallback SPA.","src/pages/NotFound.tsx + hosting fallback","Alto","No","Verificado HTTP 200; cuerpo coincide con index.html inicial y no con un 404 de servidor."
"https://bringasinsurance.com/2025/08/07/new-jfllkd-bingo-bash-cheats-boost-your-winnings-with-161qiop/feed/","Rastreada: actualmente sin indexar","No","200","200","","No declarada en HTML inicial; SEO client-side solo al renderizar","noindex, nofollow (NotFound.tsx al renderizar)","No observado","No","No","URL spam, hackeada o generada por error","No redirigir a la home; bloquear/eliminar en hosting y devolver 410 cuando se confirme que no existe reemplazo. El 200 actual es un soft 404/fallback SPA.","src/pages/NotFound.tsx + hosting fallback","Alto","No","Verificado HTTP 200; cuerpo coincide con index.html inicial y no con un 404 de servidor."
"https://bringasinsurance.com/motorcycle-insurance/","Rastreada: actualmente sin indexar","Sí","200","200","","https://bringasinsurance.com/motorcycle-insurance","No observado en HTML inicial; sin noindex en SEO.tsx","No observado","Sí","Sí","Página válida que debe indexarse","Mantener 200, canonical autorreferente y enlace interno.","src/App.tsx + src/components/SEO.tsx","Medio","No","Sin observaciones adicionales."
"https://bringasinsurance.com/seguro-auto-comercial-en-seattle-washington/","Rastreada: actualmente sin indexar","No verificable","200","200","","No declarada en HTML inicial; SEO client-side solo al renderizar","noindex, nofollow (NotFound.tsx al renderizar)","No observado","No","No","Problema cuyo origen está fuera del repositorio","Revisar routing/hosting, logs y configuración de despliegue. El 200 actual es un soft 404/fallback SPA.","src/pages/NotFound.tsx + hosting fallback","Alto","No","Verificado HTTP 200; cuerpo coincide con index.html inicial y no con un 404 de servidor."
"https://bringasinsurance.com/2025/08/07/exclusive-double-down-casino-chips-generator-2025-cki4ywk/","Rastreada: actualmente sin indexar","No","200","200","","No declarada en HTML inicial; SEO client-side solo al renderizar","noindex, nofollow (NotFound.tsx al renderizar)","No observado","No","No","URL spam, hackeada o generada por error","No redirigir a la home; bloquear/eliminar en hosting y devolver 410 cuando se confirme que no existe reemplazo. El 200 actual es un soft 404/fallback SPA.","src/pages/NotFound.tsx + hosting fallback","Alto","No","Verificado HTTP 200; cuerpo coincide con index.html inicial y no con un 404 de servidor."
"https://bringasinsurance.com/2025/07/30/szhigm-board-kings-cheats-free-gems-generator-2024-no-verification-new-method/","Rastreada: actualmente sin indexar","No","200","200","","No declarada en HTML inicial; SEO client-side solo al renderizar","noindex, nofollow (NotFound.tsx al renderizar)","No observado","No","No","URL spam, hackeada o generada por error","No redirigir a la home; bloquear/eliminar en hosting y devolver 410 cuando se confirme que no existe reemplazo. El 200 actual es un soft 404/fallback SPA.","src/pages/NotFound.tsx + hosting fallback","Alto","No","Verificado HTTP 200; cuerpo coincide con index.html inicial y no con un 404 de servidor."
"https://bringasinsurance.com/motorcycle-insurance-in-seattle-washington/","Rastreada: actualmente sin indexar","Sí","200","200","","https://bringasinsurance.com/motorcycle-insurance","noindex, nofollow (NotFound.tsx al renderizar)","No observado","No","No","URL movida con reemplazo equivalente","Proponer 301/308 a /motorcycle-insurance solo tras validar equivalencia comercial. El 200 actual es un soft 404/fallback SPA.","Hosting/configuración de redirects (no existe en repo)","Alto","No","Verificado HTTP 200; cuerpo coincide con index.html inicial y no con un 404 de servidor."
"https://bringasinsurance.com/seguros-para-propietarios-de-negocios-en-seattle-washington/","Rastreada: actualmente sin indexar","No verificable","200","200","","No declarada en HTML inicial; SEO client-side solo al renderizar","noindex, nofollow (NotFound.tsx al renderizar)","No observado","No","No","Problema cuyo origen está fuera del repositorio","Revisar routing/hosting, logs y configuración de despliegue. El 200 actual es un soft 404/fallback SPA.","src/pages/NotFound.tsx + hosting fallback","Alto","No","Verificado HTTP 200; cuerpo coincide con index.html inicial y no con un 404 de servidor."
"https://bringasinsurance.com/2025/07/30/8-ways-to-get-free-dice-dream-rolls-links-2025-ultimate-method-el6xcu/","Rastreada: actualmente sin indexar","No","200","200","","No declarada en HTML inicial; SEO client-side solo al renderizar","noindex, nofollow (NotFound.tsx al renderizar)","No observado","No","No","URL spam, hackeada o generada por error","No redirigir a la home; bloquear/eliminar en hosting y devolver 410 cuando se confirme que no existe reemplazo. El 200 actual es un soft 404/fallback SPA.","src/pages/NotFound.tsx + hosting fallback","Alto","No","Verificado HTTP 200; cuerpo coincide con index.html inicial y no con un 404 de servidor."
"https://bringasinsurance.com/2025/07/30/🕹️-how-to-get-free-amazon-gift-cards-easily-no-scam-just-rewards-bxtrf5-2/","Rastreada: actualmente sin indexar","No","200","200","","No declarada en HTML inicial; SEO client-side solo al renderizar","noindex, nofollow (NotFound.tsx al renderizar)","No observado","No","No","URL spam, hackeada o generada por error","No redirigir a la home; bloquear/eliminar en hosting y devolver 410 cuando se confirme que no existe reemplazo. El 200 actual es un soft 404/fallback SPA.","src/pages/NotFound.tsx + hosting fallback","Alto","No","Verificado HTTP 200; cuerpo coincide con index.html inicial y no con un 404 de servidor."
"https://bringasinsurance.com/2025/07/30/kiy8atxsl/","Rastreada: actualmente sin indexar","No","200","200","","No declarada en HTML inicial; SEO client-side solo al renderizar","noindex, nofollow (NotFound.tsx al renderizar)","No observado","No","No","URL spam, hackeada o generada por error","No redirigir a la home; bloquear/eliminar en hosting y devolver 410 cuando se confirme que no existe reemplazo. El 200 actual es un soft 404/fallback SPA.","src/pages/NotFound.tsx + hosting fallback","Alto","No","Verificado HTTP 200; cuerpo coincide con index.html inicial y no con un 404 de servidor."
"https://bringasinsurance.com/?v=70013086896abd56","Rastreada: actualmente sin indexar","Sí","200","200","","https://bringasinsurance.com/","No observado en HTML inicial; sin noindex en SEO.tsx","No observado","Sí","Sí","Página válida que debe indexarse","Mantener 200, canonical autorreferente y enlace interno.","src/App.tsx + src/components/SEO.tsx","Medio","No","URL con parámetros; evaluar señales y enlaces que los generan."
"https://bringasinsurance.com/seguros-para-autos-en-seattle-washington/","Rastreada: actualmente sin indexar","Sí","200","200","","https://bringasinsurance.com/auto-insurance","noindex, nofollow (NotFound.tsx al renderizar)","No observado","No","No","URL movida con reemplazo equivalente","Proponer 301/308 a /auto-insurance solo tras validar equivalencia comercial. El 200 actual es un soft 404/fallback SPA.","Hosting/configuración de redirects (no existe en repo)","Alto","No","Verificado HTTP 200; cuerpo coincide con index.html inicial y no con un 404 de servidor."
"https://bringasinsurance.com/2025/08/04/experience-the-thrill-of-slots-charm-uk-play-toprated-casino-games-online-in-english-for-the-united-kingdom/","Rastreada: actualmente sin indexar","No","200","200","","No declarada en HTML inicial; SEO client-side solo al renderizar","noindex, nofollow (NotFound.tsx al renderizar)","No observado","No","No","URL spam, hackeada o generada por error","No redirigir a la home; bloquear/eliminar en hosting y devolver 410 cuando se confirme que no existe reemplazo. El 200 actual es un soft 404/fallback SPA.","src/pages/NotFound.tsx + hosting fallback","Alto","No","Verificado HTTP 200; cuerpo coincide con index.html inicial y no con un 404 de servidor."
"https://bringasinsurance.com/2025/07/30/coins-free-cash-frenzy-daily-rewards-latest-3vtm4ot/","Rastreada: actualmente sin indexar","No","200","200","","No declarada en HTML inicial; SEO client-side solo al renderizar","noindex, nofollow (NotFound.tsx al renderizar)","No observado","No","No","URL spam, hackeada o generada por error","No redirigir a la home; bloquear/eliminar en hosting y devolver 410 cuando se confirme que no existe reemplazo. El 200 actual es un soft 404/fallback SPA.","src/pages/NotFound.tsx + hosting fallback","Alto","No","Verificado HTTP 200; cuerpo coincide con index.html inicial y no con un 404 de servidor."
"https://bringasinsurance.com/2025/07/30/🎲-taonga-island-quest-rake-in-free-bounty-bling-with-2025-fireafvrmk-8a98cn/","Rastreada: actualmente sin indexar","No","200","200","","No declarada en HTML inicial; SEO client-side solo al renderizar","noindex, nofollow (NotFound.tsx al renderizar)","No observado","No","No","URL spam, hackeada o generada por error","No redirigir a la home; bloquear/eliminar en hosting y devolver 410 cuando se confirme que no existe reemplazo. El 200 actual es un soft 404/fallback SPA.","src/pages/NotFound.tsx + hosting fallback","Alto","No","Verificado HTTP 200; cuerpo coincide con index.html inicial y no con un 404 de servidor."
"https://bringasinsurance.com/2025/07/30/v8pwr8l73/","Rastreada: actualmente sin indexar","No","200","200","","No declarada en HTML inicial; SEO client-side solo al renderizar","noindex, nofollow (NotFound.tsx al renderizar)","No observado","No","No","URL spam, hackeada o generada por error","No redirigir a la home; bloquear/eliminar en hosting y devolver 410 cuando se confirme que no existe reemplazo. El 200 actual es un soft 404/fallback SPA.","src/pages/NotFound.tsx + hosting fallback","Alto","No","Verificado HTTP 200; cuerpo coincide con index.html inicial y no con un 404 de servidor."
"https://bringasinsurance.com/2025/07/30/🎯-taonga-farm-legends-rake-in-free-loot-diamonds-with-2025-firejbzqm0-tjnreu/","Rastreada: actualmente sin indexar","No","200","200","","No declarada en HTML inicial; SEO client-side solo al renderizar","noindex, nofollow (NotFound.tsx al renderizar)","No observado","No","No","URL spam, hackeada o generada por error","No redirigir a la home; bloquear/eliminar en hosting y devolver 410 cuando se confirme que no existe reemplazo. El 200 actual es un soft 404/fallback SPA.","src/pages/NotFound.tsx + hosting fallback","Alto","No","Verificado HTTP 200; cuerpo coincide con index.html inicial y no con un 404 de servidor."
"https://bringasinsurance.com/2025/07/30/🎲-taonga-the-island-farm-rake-in-free-bounty-bling-with-2025-fire6n1qts-s3gikm/","Rastreada: actualmente sin indexar","No","200","200","","No declarada en HTML inicial; SEO client-side solo al renderizar","noindex, nofollow (NotFound.tsx al renderizar)","No observado","No","No","URL spam, hackeada o generada por error","No redirigir a la home; bloquear/eliminar en hosting y devolver 410 cuando se confirme que no existe reemplazo. El 200 actual es un soft 404/fallback SPA.","src/pages/NotFound.tsx + hosting fallback","Alto","No","Verificado HTTP 200; cuerpo coincide con index.html inicial y no con un 404 de servidor."
"https://bringasinsurance.com/seguro-para-vehiculos-recreativos-en-seattle-washington/","Rastreada: actualmente sin indexar","No verificable","200","200","","No declarada en HTML inicial; SEO client-side solo al renderizar","noindex, nofollow (NotFound.tsx al renderizar)","No observado","No","No","Problema cuyo origen está fuera del repositorio","Revisar routing/hosting, logs y configuración de despliegue. El 200 actual es un soft 404/fallback SPA.","src/pages/NotFound.tsx + hosting fallback","Alto","No","Verificado HTTP 200; cuerpo coincide con index.html inicial y no con un 404 de servidor."
"https://bringasinsurance.com/2025/07/30/🏆-🚀-how-to-get-free-coins-in-lightning-link-casino-2025-easy-no-scam-💎-hqxrns/","Rastreada: actualmente sin indexar","No","200","200","","No declarada en HTML inicial; SEO client-side solo al renderizar","noindex, nofollow (NotFound.tsx al renderizar)","No observado","No","No","URL spam, hackeada o generada por error","No redirigir a la home; bloquear/eliminar en hosting y devolver 410 cuando se confirme que no existe reemplazo. El 200 actual es un soft 404/fallback SPA.","src/pages/NotFound.tsx + hosting fallback","Alto","No","Verificado HTTP 200; cuerpo coincide con index.html inicial y no con un 404 de servidor."
"https://bringasinsurance.com/seguros-de-propietarios-en-seattle-washington/","Rastreada: actualmente sin indexar","No verificable","200","200","","No declarada en HTML inicial; SEO client-side solo al renderizar","noindex, nofollow (NotFound.tsx al renderizar)","No observado","No","No","Problema cuyo origen está fuera del repositorio","Revisar routing/hosting, logs y configuración de despliegue. El 200 actual es un soft 404/fallback SPA.","src/pages/NotFound.tsx + hosting fallback","Alto","No","Verificado HTTP 200; cuerpo coincide con index.html inicial y no con un 404 de servidor."
"https://bringasinsurance.com/landlord-insurance-in-seattle-washington/","Rastreada: actualmente sin indexar","No verificable","200","200","","No declarada en HTML inicial; SEO client-side solo al renderizar","noindex, nofollow (NotFound.tsx al renderizar)","No observado","No","No","Problema cuyo origen está fuera del repositorio","Revisar routing/hosting, logs y configuración de despliegue. El 200 actual es un soft 404/fallback SPA.","src/pages/NotFound.tsx + hosting fallback","Alto","No","Verificado HTTP 200; cuerpo coincide con index.html inicial y no con un 404 de servidor."
"https://bringasinsurance.com/personal-umbrella-in-seattle-washington/","Rastreada: actualmente sin indexar","Sí","200","200","","https://bringasinsurance.com/personal-umbrella","noindex, nofollow (NotFound.tsx al renderizar)","No observado","No","No","URL movida con reemplazo equivalente","Proponer 301/308 a /personal-umbrella solo tras validar equivalencia comercial. El 200 actual es un soft 404/fallback SPA.","Hosting/configuración de redirects (no existe en repo)","Alto","No","Verificado HTTP 200; cuerpo coincide con index.html inicial y no con un 404 de servidor."
"https://bringasinsurance.com/2025/08/10/l2jlland7/","Rastreada: actualmente sin indexar","No","200","200","","No declarada en HTML inicial; SEO client-side solo al renderizar","noindex, nofollow (NotFound.tsx al renderizar)","No observado","No","No","URL spam, hackeada o generada por error","No redirigir a la home; bloquear/eliminar en hosting y devolver 410 cuando se confirme que no existe reemplazo. El 200 actual es un soft 404/fallback SPA.","src/pages/NotFound.tsx + hosting fallback","Alto","No","Verificado HTTP 200; cuerpo coincide con index.html inicial y no con un 404 de servidor."
"https://bringasinsurance.com/commercial-property-insurance-in-seattle-washington/","Rastreada: actualmente sin indexar","Sí","200","200","","https://bringasinsurance.com/commercial-property","noindex, nofollow (NotFound.tsx al renderizar)","No observado","No","No","URL movida con reemplazo equivalente","Proponer 301/308 a /commercial-property solo tras validar equivalencia comercial. El 200 actual es un soft 404/fallback SPA.","Hosting/configuración de redirects (no existe en repo)","Alto","No","Verificado HTTP 200; cuerpo coincide con index.html inicial y no con un 404 de servidor."
"https://bringasinsurance.com/best-insurance-agents-in-houston/","Rastreada: actualmente sin indexar","No verificable","200","200","","No declarada en HTML inicial; SEO client-side solo al renderizar","noindex, nofollow (NotFound.tsx al renderizar)","No observado","No","No","Problema cuyo origen está fuera del repositorio","Revisar routing/hosting, logs y configuración de despliegue. El 200 actual es un soft 404/fallback SPA.","src/pages/NotFound.tsx + hosting fallback","Alto","No","Verificado HTTP 200; cuerpo coincide con index.html inicial y no con un 404 de servidor."
"https://bringasinsurance.com/2025/08/10/🏆-🚀-how-to-get-free-coins-in-lightning-link-casino-2025-easy-no-scam-💎-qlqztw/","Rastreada: actualmente sin indexar","No","200","200","","No declarada en HTML inicial; SEO client-side solo al renderizar","noindex, nofollow (NotFound.tsx al renderizar)","No observado","No","No","URL spam, hackeada o generada por error","No redirigir a la home; bloquear/eliminar en hosting y devolver 410 cuando se confirme que no existe reemplazo. El 200 actual es un soft 404/fallback SPA.","src/pages/NotFound.tsx + hosting fallback","Alto","No","Verificado HTTP 200; cuerpo coincide con index.html inicial y no con un 404 de servidor."
"https://bringasinsurance.com/2025/08/22/kachay-besplatno-igrovye-sloty-pinup-casino-i-naslazhdaysya-onlayn-igroy-v-kazakhstane/","Rastreada: actualmente sin indexar","No","200","200","","No declarada en HTML inicial; SEO client-side solo al renderizar","noindex, nofollow (NotFound.tsx al renderizar)","No observado","No","No","URL spam, hackeada o generada por error","No redirigir a la home; bloquear/eliminar en hosting y devolver 410 cuando se confirme que no existe reemplazo. El 200 actual es un soft 404/fallback SPA.","src/pages/NotFound.tsx + hosting fallback","Alto","No","Verificado HTTP 200; cuerpo coincide con index.html inicial y no con un 404 de servidor."
"https://bringasinsurance.com/?p=4240","Rastreada: actualmente sin indexar","Sí","200","200","","https://bringasinsurance.com/","No observado en HTML inicial; sin noindex en SEO.tsx","No observado","Sí","Sí","Página válida que debe indexarse","Mantener 200, canonical autorreferente y enlace interno.","src/App.tsx + src/components/SEO.tsx","Medio","No","URL con parámetros; evaluar señales y enlaces que los generan."
"https://bringasinsurance.com/2025/08/20/uvlekatelnye-onlaynigry-v-kazino-ot-sultan-games-dlya-gracias-iz-kazakhstana/","Rastreada: actualmente sin indexar","No","200","200","","No declarada en HTML inicial; SEO client-side solo al renderizar","noindex, nofollow (NotFound.tsx al renderizar)","No observado","No","No","URL spam, hackeada o generada por error","No redirigir a la home; bloquear/eliminar en hosting y devolver 410 cuando se confirme que no existe reemplazo. El 200 actual es un soft 404/fallback SPA.","src/pages/NotFound.tsx + hosting fallback","Alto","No","Verificado HTTP 200; cuerpo coincide con index.html inicial y no con un 404 de servidor."
"https://bringasinsurance.com/?p=4238","Rastreada: actualmente sin indexar","Sí","200","200","","https://bringasinsurance.com/","No observado en HTML inicial; sin noindex en SEO.tsx","No observado","Sí","Sí","Página válida que debe indexarse","Mantener 200, canonical autorreferente y enlace interno.","src/App.tsx + src/components/SEO.tsx","Medio","No","URL con parámetros; evaluar señales y enlaces que los generan."
"https://bringasinsurance.com/mobile-home-insurance-in-seattle-washington/","Rastreada: actualmente sin indexar","No verificable","200","200","","No declarada en HTML inicial; SEO client-side solo al renderizar","noindex, nofollow (NotFound.tsx al renderizar)","No observado","No","No","Problema cuyo origen está fuera del repositorio","Revisar routing/hosting, logs y configuración de despliegue. El 200 actual es un soft 404/fallback SPA.","src/pages/NotFound.tsx + hosting fallback","Alto","No","Verificado HTTP 200; cuerpo coincide con index.html inicial y no con un 404 de servidor."
"https://bringasinsurance.com/business-owners-insurance-in-seattle-washington/","Rastreada: actualmente sin indexar","Sí","200","200","","https://bringasinsurance.com/bop-insurance","noindex, nofollow (NotFound.tsx al renderizar)","No observado","No","No","URL movida con reemplazo equivalente","Proponer 301/308 a /bop-insurance solo tras validar equivalencia comercial. El 200 actual es un soft 404/fallback SPA.","Hosting/configuración de redirects (no existe en repo)","Alto","No","Verificado HTTP 200; cuerpo coincide con index.html inicial y no con un 404 de servidor."
"https://bringasinsurance.com/2025/08/10/wvhza2ckmr/","Rastreada: actualmente sin indexar","No","200","200","","No declarada en HTML inicial; SEO client-side solo al renderizar","noindex, nofollow (NotFound.tsx al renderizar)","No observado","No","No","URL spam, hackeada o generada por error","No redirigir a la home; bloquear/eliminar en hosting y devolver 410 cuando se confirme que no existe reemplazo. El 200 actual es un soft 404/fallback SPA.","src/pages/NotFound.tsx + hosting fallback","Alto","No","Verificado HTTP 200; cuerpo coincide con index.html inicial y no con un 404 de servidor."
"https://bringasinsurance.com/payments","Rastreada: actualmente sin indexar","Sí","200","200","","https://bringasinsurance.com/pay-my-bill","noindex, nofollow (NotFound.tsx al renderizar)","No observado","No","No","URL movida con reemplazo equivalente","Proponer 301/308 a /pay-my-bill solo tras validar equivalencia comercial. El 200 actual es un soft 404/fallback SPA.","Hosting/configuración de redirects (no existe en repo)","Alto","No","Verificado HTTP 200; cuerpo coincide con index.html inicial y no con un 404 de servidor."
"https://bringasinsurance.com/2025/07/30/7mhv6kkaa/","Rastreada: actualmente sin indexar","No","200","200","","No declarada en HTML inicial; SEO client-side solo al renderizar","noindex, nofollow (NotFound.tsx al renderizar)","No observado","No","No","URL spam, hackeada o generada por error","No redirigir a la home; bloquear/eliminar en hosting y devolver 410 cuando se confirme que no existe reemplazo. El 200 actual es un soft 404/fallback SPA.","src/pages/NotFound.tsx + hosting fallback","Alto","No","Verificado HTTP 200; cuerpo coincide con index.html inicial y no con un 404 de servidor."
"https://bringasinsurance.com/2025/07/30/boost-your-brawl-stars-with-free-gems-2/","Rastreada: actualmente sin indexar","No","200","200","","No declarada en HTML inicial; SEO client-side solo al renderizar","noindex, nofollow (NotFound.tsx al renderizar)","No observado","No","No","URL spam, hackeada o generada por error","No redirigir a la home; bloquear/eliminar en hosting y devolver 410 cuando se confirme que no existe reemplazo. El 200 actual es un soft 404/fallback SPA.","src/pages/NotFound.tsx + hosting fallback","Alto","No","Verificado HTTP 200; cuerpo coincide con index.html inicial y no con un 404 de servidor."
"https://bringasinsurance.com/?v=99081710124270d","Rastreada: actualmente sin indexar","Sí","200","200","","https://bringasinsurance.com/","No observado en HTML inicial; sin noindex en SEO.tsx","No observado","Sí","Sí","Página válida que debe indexarse","Mantener 200, canonical autorreferente y enlace interno.","src/App.tsx + src/components/SEO.tsx","Medio","No","URL con parámetros; evaluar señales y enlaces que los generan."
"https://bringasinsurance.com/?v=287463228ec1","Rastreada: actualmente sin indexar","Sí","200","200","","https://bringasinsurance.com/","No observado en HTML inicial; sin noindex en SEO.tsx","No observado","Sí","Sí","Página válida que debe indexarse","Mantener 200, canonical autorreferente y enlace interno.","src/App.tsx + src/components/SEO.tsx","Medio","No","URL con parámetros; evaluar señales y enlaces que los generan."
"https://bringasinsurance.com/es/faq/","Rastreada: actualmente sin indexar","Revisar","200","200","","No declarada en HTML inicial; SEO client-side solo al renderizar","noindex, nofollow (NotFound.tsx al renderizar)","No observado","No","No","Caso que requiere revisión manual","Validar si hubo versión internacional/CMS anterior antes de decidir 301, 404 o 410. El 200 actual es un soft 404/fallback SPA.","src/pages/NotFound.tsx + hosting fallback","Alto","Sí","Verificado HTTP 200; cuerpo coincide con index.html inicial y no con un 404 de servidor."
"https://bringasinsurance.com/building-insurance-in-seattle-washington/","Rastreada: actualmente sin indexar","Sí","200","200","","https://bringasinsurance.com/building-owners","noindex, nofollow (NotFound.tsx al renderizar)","No observado","No","No","URL movida con reemplazo equivalente","Proponer 301/308 a /building-owners solo tras validar equivalencia comercial. El 200 actual es un soft 404/fallback SPA.","Hosting/configuración de redirects (no existe en repo)","Alto","No","Verificado HTTP 200; cuerpo coincide con index.html inicial y no con un 404 de servidor."
"https://bringasinsurance.com/2025/07/30/9mbbbbqh/","Rastreada: actualmente sin indexar","No","200","200","","No declarada en HTML inicial; SEO client-side solo al renderizar","noindex, nofollow (NotFound.tsx al renderizar)","No observado","No","No","URL spam, hackeada o generada por error","No redirigir a la home; bloquear/eliminar en hosting y devolver 410 cuando se confirme que no existe reemplazo. El 200 actual es un soft 404/fallback SPA.","src/pages/NotFound.tsx + hosting fallback","Alto","No","Verificado HTTP 200; cuerpo coincide con index.html inicial y no con un 404 de servidor."
"https://bringasinsurance.com/2025/08/10/🎲-🚀-how-to-get-free-coins-in-lightning-link-casino-2025-easy-no-scam-💎-hziilz/","Rastreada: actualmente sin indexar","No","200","200","","No declarada en HTML inicial; SEO client-side solo al renderizar","noindex, nofollow (NotFound.tsx al renderizar)","No observado","No","No","URL spam, hackeada o generada por error","No redirigir a la home; bloquear/eliminar en hosting y devolver 410 cuando se confirme que no existe reemplazo. El 200 actual es un soft 404/fallback SPA.","src/pages/NotFound.tsx + hosting fallback","Alto","No","Verificado HTTP 200; cuerpo coincide con index.html inicial y no con un 404 de servidor."
"https://bringasinsurance.com/contractors-insurance-in-seattle-washington/","Rastreada: actualmente sin indexar","Sí","200","200","","https://bringasinsurance.com/contractors-insurance","noindex, nofollow (NotFound.tsx al renderizar)","No observado","No","No","URL movida con reemplazo equivalente","Proponer 301/308 a /contractors-insurance solo tras validar equivalencia comercial. El 200 actual es un soft 404/fallback SPA.","Hosting/configuración de redirects (no existe en repo)","Alto","No","Verificado HTTP 200; cuerpo coincide con index.html inicial y no con un 404 de servidor."
"https://bringasinsurance.com/customer-quoting/","Rastreada: actualmente sin indexar","Revisar","200","200","","No declarada en HTML inicial; SEO client-side solo al renderizar","noindex, nofollow (NotFound.tsx al renderizar)","No observado","No","No","Caso que requiere revisión manual","Validar si hubo versión internacional/CMS anterior antes de decidir 301, 404 o 410. El 200 actual es un soft 404/fallback SPA.","src/pages/NotFound.tsx + hosting fallback","Alto","Sí","Verificado HTTP 200; cuerpo coincide con index.html inicial y no con un 404 de servidor."
"https://bringasinsurance.com/2025/07/30/q1obl9ss/","Rastreada: actualmente sin indexar","No","200","200","","No declarada en HTML inicial; SEO client-side solo al renderizar","noindex, nofollow (NotFound.tsx al renderizar)","No observado","No","No","URL spam, hackeada o generada por error","No redirigir a la home; bloquear/eliminar en hosting y devolver 410 cuando se confirme que no existe reemplazo. El 200 actual es un soft 404/fallback SPA.","src/pages/NotFound.tsx + hosting fallback","Alto","No","Verificado HTTP 200; cuerpo coincide con index.html inicial y no con un 404 de servidor."
"https://bringasinsurance.com/2025/08/10/7g76qtp8m/","Rastreada: actualmente sin indexar","No","200","200","","No declarada en HTML inicial; SEO client-side solo al renderizar","noindex, nofollow (NotFound.tsx al renderizar)","No observado","No","No","URL spam, hackeada o generada por error","No redirigir a la home; bloquear/eliminar en hosting y devolver 410 cuando se confirme que no existe reemplazo. El 200 actual es un soft 404/fallback SPA.","src/pages/NotFound.tsx + hosting fallback","Alto","No","Verificado HTTP 200; cuerpo coincide con index.html inicial y no con un 404 de servidor."
"https://bringasinsurance.com/?v=28175195069e749","Rastreada: actualmente sin indexar","Sí","200","200","","https://bringasinsurance.com/","No observado en HTML inicial; sin noindex en SEO.tsx","No observado","Sí","Sí","Página válida que debe indexarse","Mantener 200, canonical autorreferente y enlace interno.","src/App.tsx + src/components/SEO.tsx","Medio","No","URL con parámetros; evaluar señales y enlaces que los generan."
"https://bringasinsurance.com/?v=6292047d3d7cb","Rastreada: actualmente sin indexar","Sí","200","200","","https://bringasinsurance.com/","No observado en HTML inicial; sin noindex en SEO.tsx","No observado","Sí","Sí","Página válida que debe indexarse","Mantener 200, canonical autorreferente y enlace interno.","src/App.tsx + src/components/SEO.tsx","Medio","No","URL con parámetros; evaluar señales y enlaces que los generan."
"https://bringasinsurance.com/2025/07/30/qbofzqohv/","Rastreada: actualmente sin indexar","No","200","200","","No declarada en HTML inicial; SEO client-side solo al renderizar","noindex, nofollow (NotFound.tsx al renderizar)","No observado","No","No","URL spam, hackeada o generada por error","No redirigir a la home; bloquear/eliminar en hosting y devolver 410 cuando se confirme que no existe reemplazo. El 200 actual es un soft 404/fallback SPA.","src/pages/NotFound.tsx + hosting fallback","Alto","No","Verificado HTTP 200; cuerpo coincide con index.html inicial y no con un 404 de servidor."
"https://bringasinsurance.com/2025/08/07/bonus-gift-chips-to-another-account-how-to-axq05lz/","Rastreada: actualmente sin indexar","No","200","200","","No declarada en HTML inicial; SEO client-side solo al renderizar","noindex, nofollow (NotFound.tsx al renderizar)","No observado","No","No","URL spam, hackeada o generada por error","No redirigir a la home; bloquear/eliminar en hosting y devolver 410 cuando se confirme que no existe reemplazo. El 200 actual es un soft 404/fallback SPA.","src/pages/NotFound.tsx + hosting fallback","Alto","No","Verificado HTTP 200; cuerpo coincide con index.html inicial y no con un 404 de servidor."
"https://bringasinsurance.com/2025/07/30/5edfgnbk/","Rastreada: actualmente sin indexar","No","200","200","","No declarada en HTML inicial; SEO client-side solo al renderizar","noindex, nofollow (NotFound.tsx al renderizar)","No observado","No","No","URL spam, hackeada o generada por error","No redirigir a la home; bloquear/eliminar en hosting y devolver 410 cuando se confirme que no existe reemplazo. El 200 actual es un soft 404/fallback SPA.","src/pages/NotFound.tsx + hosting fallback","Alto","No","Verificado HTTP 200; cuerpo coincide con index.html inicial y no con un 404 de servidor."
"https://bringasinsurance.com/car-insurance-in-seattle-washington/","Rastreada: actualmente sin indexar","Sí","200","200","","https://bringasinsurance.com/auto-insurance","noindex, nofollow (NotFound.tsx al renderizar)","No observado","No","No","URL movida con reemplazo equivalente","Proponer 301/308 a /auto-insurance solo tras validar equivalencia comercial. El 200 actual es un soft 404/fallback SPA.","Hosting/configuración de redirects (no existe en repo)","Alto","No","Verificado HTTP 200; cuerpo coincide con index.html inicial y no con un 404 de servidor."
"https://bringasinsurance.com/2025/08/08/🏆-🚀-how-to-get-free-coins-in-lightning-link-casino-2025-easy-no-scam-💎-aauhre/","Rastreada: actualmente sin indexar","No","200","200","","No declarada en HTML inicial; SEO client-side solo al renderizar","noindex, nofollow (NotFound.tsx al renderizar)","No observado","No","No","URL spam, hackeada o generada por error","No redirigir a la home; bloquear/eliminar en hosting y devolver 410 cuando se confirme que no existe reemplazo. El 200 actual es un soft 404/fallback SPA.","src/pages/NotFound.tsx + hosting fallback","Alto","No","Verificado HTTP 200; cuerpo coincide con index.html inicial y no con un 404 de servidor."
"https://bringasinsurance.com/restaurant-insurance/","Rastreada: actualmente sin indexar","Sí","200","200","","https://bringasinsurance.com/restaurant-insurance","No observado en HTML inicial; sin noindex en SEO.tsx","No observado","Sí","Sí","Página válida que debe indexarse","Mantener 200, canonical autorreferente y enlace interno.","src/App.tsx + src/components/SEO.tsx","Medio","No","Sin observaciones adicionales."
"https://bringasinsurance.com/es/seguros-para-restaurantes-en-seattle-washington/","Rastreada: actualmente sin indexar","Revisar","200","200","","No declarada en HTML inicial; SEO client-side solo al renderizar","noindex, nofollow (NotFound.tsx al renderizar)","No observado","No","No","Caso que requiere revisión manual","Validar si hubo versión internacional/CMS anterior antes de decidir 301, 404 o 410. El 200 actual es un soft 404/fallback SPA.","src/pages/NotFound.tsx + hosting fallback","Alto","Sí","Verificado HTTP 200; cuerpo coincide con index.html inicial y no con un 404 de servidor."
"https://bringasinsurance.com/es/seguros-para-propiedad-comercial-en-seattle-washington/","Rastreada: actualmente sin indexar","Revisar","200","200","","No declarada en HTML inicial; SEO client-side solo al renderizar","noindex, nofollow (NotFound.tsx al renderizar)","No observado","No","No","Caso que requiere revisión manual","Validar si hubo versión internacional/CMS anterior antes de decidir 301, 404 o 410. El 200 actual es un soft 404/fallback SPA.","src/pages/NotFound.tsx + hosting fallback","Alto","Sí","Verificado HTTP 200; cuerpo coincide con index.html inicial y no con un 404 de servidor."
"https://bringasinsurance.com/2025/07/30/🎯-taonga-island-quest-snag-fast-free-loot-diamonds-this-2025-szn2q78d4-yd2jdk/","Rastreada: actualmente sin indexar","No","200","200","","No declarada en HTML inicial; SEO client-side solo al renderizar","noindex, nofollow (NotFound.tsx al renderizar)","No observado","No","No","URL spam, hackeada o generada por error","No redirigir a la home; bloquear/eliminar en hosting y devolver 410 cuando se confirme que no existe reemplazo. El 200 actual es un soft 404/fallback SPA.","src/pages/NotFound.tsx + hosting fallback","Alto","No","Verificado HTTP 200; cuerpo coincide con index.html inicial y no con un 404 de servidor."
"https://bringasinsurance.com/2025/08/08/claim-how-to-play-double-down-casino-on-pc-guide-7r9jgrv/","Rastreada: actualmente sin indexar","No","200","200","","No declarada en HTML inicial; SEO client-side solo al renderizar","noindex, nofollow (NotFound.tsx al renderizar)","No observado","No","No","URL spam, hackeada o generada por error","No redirigir a la home; bloquear/eliminar en hosting y devolver 410 cuando se confirme que no existe reemplazo. El 200 actual es un soft 404/fallback SPA.","src/pages/NotFound.tsx + hosting fallback","Alto","No","Verificado HTTP 200; cuerpo coincide con index.html inicial y no con un 404 de servidor."
"https://bringasinsurance.com/2025/08/08/prime-free-chips-codes-awh50sb/","Rastreada: actualmente sin indexar","No","200","200","","No declarada en HTML inicial; SEO client-side solo al renderizar","noindex, nofollow (NotFound.tsx al renderizar)","No observado","No","No","URL spam, hackeada o generada por error","No redirigir a la home; bloquear/eliminar en hosting y devolver 410 cuando se confirme que no existe reemplazo. El 200 actual es un soft 404/fallback SPA.","src/pages/NotFound.tsx + hosting fallback","Alto","No","Verificado HTTP 200; cuerpo coincide con index.html inicial y no con un 404 de servidor."
"https://bringasinsurance.com/seguros-para-propiedad-comercial-en-seattle-washington/","Rastreada: actualmente sin indexar","Sí","200","200","","https://bringasinsurance.com/commercial-property","noindex, nofollow (NotFound.tsx al renderizar)","No observado","No","No","URL movida con reemplazo equivalente","Proponer 301/308 a /commercial-property solo tras validar equivalencia comercial. El 200 actual es un soft 404/fallback SPA.","Hosting/configuración de redirects (no existe en repo)","Alto","No","Verificado HTTP 200; cuerpo coincide con index.html inicial y no con un 404 de servidor."
"https://bringasinsurance.com/2025/07/30/claim-fdtsqd-solitaire-grand-harvest-free-coins-levvvel-rsijll2/","Rastreada: actualmente sin indexar","No","200","200","","No declarada en HTML inicial; SEO client-side solo al renderizar","noindex, nofollow (NotFound.tsx al renderizar)","No observado","No","No","URL spam, hackeada o generada por error","No redirigir a la home; bloquear/eliminar en hosting y devolver 410 cuando se confirme que no existe reemplazo. El 200 actual es un soft 404/fallback SPA.","src/pages/NotFound.tsx + hosting fallback","Alto","No","Verificado HTTP 200; cuerpo coincide con index.html inicial y no con un 404 de servidor."
"https://bringasinsurance.com/2025/08/10/odn1s8rsz/","Rastreada: actualmente sin indexar","No","200","200","","No declarada en HTML inicial; SEO client-side solo al renderizar","noindex, nofollow (NotFound.tsx al renderizar)","No observado","No","No","URL spam, hackeada o generada por error","No redirigir a la home; bloquear/eliminar en hosting y devolver 410 cuando se confirme que no existe reemplazo. El 200 actual es un soft 404/fallback SPA.","src/pages/NotFound.tsx + hosting fallback","Alto","No","Verificado HTTP 200; cuerpo coincide con index.html inicial y no con un 404 de servidor."
"https://bringasinsurance.com/2025/08/08/inicia-sesion-en-1win-casino-juega-al-casino-en-linea-en-espanol-para-argentina/","Rastreada: actualmente sin indexar","No","200","200","","No declarada en HTML inicial; SEO client-side solo al renderizar","noindex, nofollow (NotFound.tsx al renderizar)","No observado","No","No","URL spam, hackeada o generada por error","No redirigir a la home; bloquear/eliminar en hosting y devolver 410 cuando se confirme que no existe reemplazo. El 200 actual es un soft 404/fallback SPA.","src/pages/NotFound.tsx + hosting fallback","Alto","No","Verificado HTTP 200; cuerpo coincide con index.html inicial y no con un 404 de servidor."
"https://bringasinsurance.com/life-insurance-in-seattle-washington/","Rastreada: actualmente sin indexar","Sí","200","200","","https://bringasinsurance.com/life-insurance","noindex, nofollow (NotFound.tsx al renderizar)","No observado","No","No","URL movida con reemplazo equivalente","Proponer 301/308 a /life-insurance solo tras validar equivalencia comercial. El 200 actual es un soft 404/fallback SPA.","Hosting/configuración de redirects (no existe en repo)","Alto","No","Verificado HTTP 200; cuerpo coincide con index.html inicial y no con un 404 de servidor."
"https://bringasinsurance.com/?lang=es","Rastreada: actualmente sin indexar","Sí","200","200","","https://bringasinsurance.com/","No observado en HTML inicial; sin noindex en SEO.tsx","No observado","Sí","Sí","Página válida que debe indexarse","Mantener 200, canonical autorreferente y enlace interno.","src/App.tsx + src/components/SEO.tsx","Medio","No","URL con parámetros; evaluar señales y enlaces que los generan."
"https://bringasinsurance.com/fianzas-para-seguros-en-seattle-washington/","Rastreada: actualmente sin indexar","Sí","200","200","","https://bringasinsurance.com/bonds-surety","noindex, nofollow (NotFound.tsx al renderizar)","No observado","No","No","URL movida con reemplazo equivalente","Proponer 301/308 a /bonds-surety solo tras validar equivalencia comercial. El 200 actual es un soft 404/fallback SPA.","Hosting/configuración de redirects (no existe en repo)","Alto","No","Verificado HTTP 200; cuerpo coincide con index.html inicial y no con un 404 de servidor."
"https://bringasinsurance.com/2025/08/07/new-bytjza-bingo-bash-cheats-boost-your-winnings-with-obur438/","Rastreada: actualmente sin indexar","No","200","200","","No declarada en HTML inicial; SEO client-side solo al renderizar","noindex, nofollow (NotFound.tsx al renderizar)","No observado","No","No","URL spam, hackeada o generada por error","No redirigir a la home; bloquear/eliminar en hosting y devolver 410 cuando se confirme que no existe reemplazo. El 200 actual es un soft 404/fallback SPA.","src/pages/NotFound.tsx + hosting fallback","Alto","No","Verificado HTTP 200; cuerpo coincide con index.html inicial y no con un 404 de servidor."
"https://bringasinsurance.com/2025/08/08/vvipvip-lqoaya-unlock-unlimited-resources-with-the-best-co-9lf8xit/","Rastreada: actualmente sin indexar","No","200","200","","No declarada en HTML inicial; SEO client-side solo al renderizar","noindex, nofollow (NotFound.tsx al renderizar)","No observado","No","No","URL spam, hackeada o generada por error","No redirigir a la home; bloquear/eliminar en hosting y devolver 410 cuando se confirme que no existe reemplazo. El 200 actual es un soft 404/fallback SPA.","src/pages/NotFound.tsx + hosting fallback","Alto","No","Verificado HTTP 200; cuerpo coincide con index.html inicial y no con un 404 de servidor."
"https://bringasinsurance.com/2025/08/07/free-where-to-find-free-cash-frenzy-coins-legit-rsmfzfa/","Rastreada: actualmente sin indexar","No","200","200","","No declarada en HTML inicial; SEO client-side solo al renderizar","noindex, nofollow (NotFound.tsx al renderizar)","No observado","No","No","URL spam, hackeada o generada por error","No redirigir a la home; bloquear/eliminar en hosting y devolver 410 cuando se confirme que no existe reemplazo. El 200 actual es un soft 404/fallback SPA.","src/pages/NotFound.tsx + hosting fallback","Alto","No","Verificado HTTP 200; cuerpo coincide con index.html inicial y no con un 404 de servidor."
"https://bringasinsurance.com/2025/08/10/new-sckumu-bingo-bash-cheats-boost-your-winnings-with-xncxgw7/","Rastreada: actualmente sin indexar","No","200","200","","No declarada en HTML inicial; SEO client-side solo al renderizar","noindex, nofollow (NotFound.tsx al renderizar)","No observado","No","No","URL spam, hackeada o generada por error","No redirigir a la home; bloquear/eliminar en hosting y devolver 410 cuando se confirme que no existe reemplazo. El 200 actual es un soft 404/fallback SPA.","src/pages/NotFound.tsx + hosting fallback","Alto","No","Verificado HTTP 200; cuerpo coincide con index.html inicial y no con un 404 de servidor."
"https://bringasinsurance.com/2025/08/07/vvipbonus-ihibka-unlock-unlimited-resources-with-the-best-co-15nbbb7/","Rastreada: actualmente sin indexar","No","200","200","","No declarada en HTML inicial; SEO client-side solo al renderizar","noindex, nofollow (NotFound.tsx al renderizar)","No observado","No","No","URL spam, hackeada o generada por error","No redirigir a la home; bloquear/eliminar en hosting y devolver 410 cuando se confirme que no existe reemplazo. El 200 actual es un soft 404/fallback SPA.","src/pages/NotFound.tsx + hosting fallback","Alto","No","Verificado HTTP 200; cuerpo coincide con index.html inicial y no con un 404 de servidor."
"https://bringasinsurance.com/vvipbonus-ihibka-unlock-unlimited-resources-with-the-best-co-15nbbb7","Rastreada: actualmente sin indexar","No","200","200","","No declarada en HTML inicial; SEO client-side solo al renderizar","noindex, nofollow (NotFound.tsx al renderizar)","No observado","No","No","URL spam, hackeada o generada por error","No redirigir a la home; bloquear/eliminar en hosting y devolver 410 cuando se confirme que no existe reemplazo. El 200 actual es un soft 404/fallback SPA.","src/pages/NotFound.tsx + hosting fallback","Alto","No","Verificado HTTP 200; cuerpo coincide con index.html inicial y no con un 404 de servidor."
"https://bringasinsurance.com/2025/08/07/new-jfllkd-bingo-bash-cheats-boost-your-winnings-with-161qiop/","Rastreada: actualmente sin indexar","No","200","200","","No declarada en HTML inicial; SEO client-side solo al renderizar","noindex, nofollow (NotFound.tsx al renderizar)","No observado","No","No","URL spam, hackeada o generada por error","No redirigir a la home; bloquear/eliminar en hosting y devolver 410 cuando se confirme que no existe reemplazo. El 200 actual es un soft 404/fallback SPA.","src/pages/NotFound.tsx + hosting fallback","Alto","No","Verificado HTTP 200; cuerpo coincide con index.html inicial y no con un 404 de servidor."
"https://bringasinsurance.com/2025/08/10/ilckbfqu7/","Rastreada: actualmente sin indexar","No","200","200","","No declarada en HTML inicial; SEO client-side solo al renderizar","noindex, nofollow (NotFound.tsx al renderizar)","No observado","No","No","URL spam, hackeada o generada por error","No redirigir a la home; bloquear/eliminar en hosting y devolver 410 cuando se confirme que no existe reemplazo. El 200 actual es un soft 404/fallback SPA.","src/pages/NotFound.tsx + hosting fallback","Alto","No","Verificado HTTP 200; cuerpo coincide con index.html inicial y no con un 404 de servidor."
"https://bringasinsurance.com/2025/08/08/top-how-many-robux-from-50-roblox-card-9v26vof/","Rastreada: actualmente sin indexar","No","200","200","","No declarada en HTML inicial; SEO client-side solo al renderizar","noindex, nofollow (NotFound.tsx al renderizar)","No observado","No","No","URL spam, hackeada o generada por error","No redirigir a la home; bloquear/eliminar en hosting y devolver 410 cuando se confirme que no existe reemplazo. El 200 actual es un soft 404/fallback SPA.","src/pages/NotFound.tsx + hosting fallback","Alto","No","Verificado HTTP 200; cuerpo coincide con index.html inicial y no con un 404 de servidor."
"https://bringasinsurance.com/2025/08/08/oestqe-board-kings-cheats-free-gems-generator-2024-no-verification-new-method/","Rastreada: actualmente sin indexar","No","200","200","","No declarada en HTML inicial; SEO client-side solo al renderizar","noindex, nofollow (NotFound.tsx al renderizar)","No observado","No","No","URL spam, hackeada o generada por error","No redirigir a la home; bloquear/eliminar en hosting y devolver 410 cuando se confirme que no existe reemplazo. El 200 actual es un soft 404/fallback SPA.","src/pages/NotFound.tsx + hosting fallback","Alto","No","Verificado HTTP 200; cuerpo coincide con index.html inicial y no con un 404 de servidor."
"https://bringasinsurance.com/2025/08/07/🎲-🚀-how-to-get-free-coins-in-lightning-link-casino-2025-easy-no-scam-💎-ubfrzc/","Rastreada: actualmente sin indexar","No","200","200","","No declarada en HTML inicial; SEO client-side solo al renderizar","noindex, nofollow (NotFound.tsx al renderizar)","No observado","No","No","URL spam, hackeada o generada por error","No redirigir a la home; bloquear/eliminar en hosting y devolver 410 cuando se confirme que no existe reemplazo. El 200 actual es un soft 404/fallback SPA.","src/pages/NotFound.tsx + hosting fallback","Alto","No","Verificado HTTP 200; cuerpo coincide con index.html inicial y no con un 404 de servidor."
"https://bringasinsurance.com/2025/08/08/mega-esioqi-bingo-bash-cheats-boost-your-winnings-with-xfqn2cf/","Rastreada: actualmente sin indexar","No","200","200","","No declarada en HTML inicial; SEO client-side solo al renderizar","noindex, nofollow (NotFound.tsx al renderizar)","No observado","No","No","URL spam, hackeada o generada por error","No redirigir a la home; bloquear/eliminar en hosting y devolver 410 cuando se confirme que no existe reemplazo. El 200 actual es un soft 404/fallback SPA.","src/pages/NotFound.tsx + hosting fallback","Alto","No","Verificado HTTP 200; cuerpo coincide con index.html inicial y no con un 404 de servidor."
"https://bringasinsurance.com/boat-insurance-in-seattle-washington/","Rastreada: actualmente sin indexar","Sí","200","200","","https://bringasinsurance.com/boat-insurance","noindex, nofollow (NotFound.tsx al renderizar)","No observado","No","No","URL movida con reemplazo equivalente","Proponer 301/308 a /boat-insurance solo tras validar equivalencia comercial. El 200 actual es un soft 404/fallback SPA.","Hosting/configuración de redirects (no existe en repo)","Alto","No","Verificado HTTP 200; cuerpo coincide con index.html inicial y no con un 404 de servidor."
"https://bringasinsurance.com/contacto/?lang=es","Rastreada: actualmente sin indexar","Sí","200","200","","https://bringasinsurance.com/contact","noindex, nofollow (NotFound.tsx al renderizar)","No observado","No","No","URL movida con reemplazo equivalente","Proponer 301/308 a /contact solo tras validar equivalencia comercial. El 200 actual es un soft 404/fallback SPA.","Hosting/configuración de redirects (no existe en repo)","Alto","No","Verificado HTTP 200; cuerpo coincide con index.html inicial y no con un 404 de servidor. URL con parámetros; evaluar señales y enlaces que los generan."
"https://bringasinsurance.com/es/contacto/?lang=es","Rastreada: actualmente sin indexar","Sí","200","200","","https://bringasinsurance.com/contact","noindex, nofollow (NotFound.tsx al renderizar)","No observado","No","No","URL movida con reemplazo equivalente","Proponer 301/308 a /contact solo tras validar equivalencia comercial. El 200 actual es un soft 404/fallback SPA.","Hosting/configuración de redirects (no existe en repo)","Alto","No","Verificado HTTP 200; cuerpo coincide con index.html inicial y no con un 404 de servidor. URL con parámetros; evaluar señales y enlaces que los generan."
"https://bringasinsurance.com/seguros-para-restaurantes-en-seattle-washington/","Rastreada: actualmente sin indexar","Sí","200","200","","https://bringasinsurance.com/restaurant-insurance","noindex, nofollow (NotFound.tsx al renderizar)","No observado","No","No","URL movida con reemplazo equivalente","Proponer 301/308 a /restaurant-insurance solo tras validar equivalencia comercial. El 200 actual es un soft 404/fallback SPA.","Hosting/configuración de redirects (no existe en repo)","Alto","No","Verificado HTTP 200; cuerpo coincide con index.html inicial y no con un 404 de servidor."
"https://bringasinsurance.com/seguros-para-inquilinos-en-seattle-washington/","Rastreada: actualmente sin indexar","Sí","200","200","","https://bringasinsurance.com/renters-insurance","noindex, nofollow (NotFound.tsx al renderizar)","No observado","No","No","URL movida con reemplazo equivalente","Proponer 301/308 a /renters-insurance solo tras validar equivalencia comercial. El 200 actual es un soft 404/fallback SPA.","Hosting/configuración de redirects (no existe en repo)","Alto","No","Verificado HTTP 200; cuerpo coincide con index.html inicial y no con un 404 de servidor."
"https://bringasinsurance.com/recreational-vehicle-insurance/","Rastreada: actualmente sin indexar","Sí","200","200","","https://bringasinsurance.com/rv-insurance","noindex, nofollow (NotFound.tsx al renderizar)","No observado","No","No","URL movida con reemplazo equivalente","Proponer 301/308 a /rv-insurance solo tras validar equivalencia comercial. El 200 actual es un soft 404/fallback SPA.","Hosting/configuración de redirects (no existe en repo)","Alto","No","Verificado HTTP 200; cuerpo coincide con index.html inicial y no con un 404 de servidor."
"https://bringasinsurance.com/2025/08/10/45zo8f8wl/","Rastreada: actualmente sin indexar","No","200","200","","No declarada en HTML inicial; SEO client-side solo al renderizar","noindex, nofollow (NotFound.tsx al renderizar)","No observado","No","No","URL spam, hackeada o generada por error","No redirigir a la home; bloquear/eliminar en hosting y devolver 410 cuando se confirme que no existe reemplazo. El 200 actual es un soft 404/fallback SPA.","src/pages/NotFound.tsx + hosting fallback","Alto","No","Verificado HTTP 200; cuerpo coincide con index.html inicial y no con un 404 de servidor."
"https://bringasinsurance.com/2025/08/07/new-double-down-casino-chips-not-working-fix-2025-kfxfnsm/","Rastreada: actualmente sin indexar","No","200","200","","No declarada en HTML inicial; SEO client-side solo al renderizar","noindex, nofollow (NotFound.tsx al renderizar)","No observado","No","No","URL spam, hackeada o generada por error","No redirigir a la home; bloquear/eliminar en hosting y devolver 410 cuando se confirme que no existe reemplazo. El 200 actual es un soft 404/fallback SPA.","src/pages/NotFound.tsx + hosting fallback","Alto","No","Verificado HTTP 200; cuerpo coincide con index.html inicial y no con un 404 de servidor."
"https://bringasinsurance.com/contact/","Rastreada: actualmente sin indexar","Sí","200","200","","https://bringasinsurance.com/contact","No observado en HTML inicial; sin noindex en SEO.tsx","No observado","Sí","Sí","Página válida que debe indexarse","Mantener 200, canonical autorreferente y enlace interno.","src/App.tsx + src/components/SEO.tsx","Medio","No","Sin observaciones adicionales."
"https://bringasinsurance.com/2025/08/12/wazamba-casino-review-αναλυτικά-d3b221a3/","Rastreada: actualmente sin indexar","No","200","200","","No declarada en HTML inicial; SEO client-side solo al renderizar","noindex, nofollow (NotFound.tsx al renderizar)","No observado","No","No","URL spam, hackeada o generada por error","No redirigir a la home; bloquear/eliminar en hosting y devolver 410 cuando se confirme que no existe reemplazo. El 200 actual es un soft 404/fallback SPA.","src/pages/NotFound.tsx + hosting fallback","Alto","No","Verificado HTTP 200; cuerpo coincide con index.html inicial y no con un 404 de servidor."
"https://bringasinsurance.com/2025/08/12/wazamba-mobile-app-download-c98855a6/","Rastreada: actualmente sin indexar","No","200","200","","No declarada en HTML inicial; SEO client-side solo al renderizar","noindex, nofollow (NotFound.tsx al renderizar)","No observado","No","No","URL spam, hackeada o generada por error","No redirigir a la home; bloquear/eliminar en hosting y devolver 410 cuando se confirme que no existe reemplazo. El 200 actual es un soft 404/fallback SPA.","src/pages/NotFound.tsx + hosting fallback","Alto","No","Verificado HTTP 200; cuerpo coincide con index.html inicial y no con un 404 de servidor."
"https://bringasinsurance.com/agentes/?lang=es","Rastreada: actualmente sin indexar","Revisar","200","200","","No declarada en HTML inicial; SEO client-side solo al renderizar","noindex, nofollow (NotFound.tsx al renderizar)","No observado","No","No","Caso que requiere revisión manual","Validar si hubo versión internacional/CMS anterior antes de decidir 301, 404 o 410. El 200 actual es un soft 404/fallback SPA.","src/pages/NotFound.tsx + hosting fallback","Alto","Sí","Verificado HTTP 200; cuerpo coincide con index.html inicial y no con un 404 de servidor. URL con parámetros; evaluar señales y enlaces que los generan."
"https://bringasinsurance.com/2025/07/30/epic-claim-double-down-casino-chips-no-verification-fz3ipjx/","Rastreada: actualmente sin indexar","No","200","200","","No declarada en HTML inicial; SEO client-side solo al renderizar","noindex, nofollow (NotFound.tsx al renderizar)","No observado","No","No","URL spam, hackeada o generada por error","No redirigir a la home; bloquear/eliminar en hosting y devolver 410 cuando se confirme que no existe reemplazo. El 200 actual es un soft 404/fallback SPA.","src/pages/NotFound.tsx + hosting fallback","Alto","No","Verificado HTTP 200; cuerpo coincide con index.html inicial y no con un 404 de servidor."
"https://bringasinsurance.com/2025/08/13/wazamba-review-καζίνο-και-στοίχημα-da161232/","Rastreada: actualmente sin indexar","No","200","200","","No declarada en HTML inicial; SEO client-side solo al renderizar","noindex, nofollow (NotFound.tsx al renderizar)","No observado","No","No","URL spam, hackeada o generada por error","No redirigir a la home; bloquear/eliminar en hosting y devolver 410 cuando se confirme que no existe reemplazo. El 200 actual es un soft 404/fallback SPA.","src/pages/NotFound.tsx + hosting fallback","Alto","No","Verificado HTTP 200; cuerpo coincide con index.html inicial y no con un 404 de servidor."
"https://bringasinsurance.com/claim-avlhuf-100-working-gaminator-free-coins-links-bcde-uc4m9nq","Rastreada: actualmente sin indexar","No","200","200","","No declarada en HTML inicial; SEO client-side solo al renderizar","noindex, nofollow (NotFound.tsx al renderizar)","No observado","No","No","URL spam, hackeada o generada por error","No redirigir a la home; bloquear/eliminar en hosting y devolver 410 cuando se confirme que no existe reemplazo. El 200 actual es un soft 404/fallback SPA.","src/pages/NotFound.tsx + hosting fallback","Alto","No","Verificado HTTP 200; cuerpo coincide con index.html inicial y no con un 404 de servidor."
"https://bringasinsurance.com/2025/07/30/claim-avlhuf-100-working-gaminator-free-coins-links-bcde-uc4m9nq/","Rastreada: actualmente sin indexar","No","200","200","","No declarada en HTML inicial; SEO client-side solo al renderizar","noindex, nofollow (NotFound.tsx al renderizar)","No observado","No","No","URL spam, hackeada o generada por error","No redirigir a la home; bloquear/eliminar en hosting y devolver 410 cuando se confirme que no existe reemplazo. El 200 actual es un soft 404/fallback SPA.","src/pages/NotFound.tsx + hosting fallback","Alto","No","Verificado HTTP 200; cuerpo coincide con index.html inicial y no con un 404 de servidor."
"https://bringasinsurance.com/boat-insurance/","Rastreada: actualmente sin indexar","Sí","200","200","","https://bringasinsurance.com/boat-insurance","No observado en HTML inicial; sin noindex en SEO.tsx","No observado","Sí","Sí","Página válida que debe indexarse","Mantener 200, canonical autorreferente y enlace interno.","src/App.tsx + src/components/SEO.tsx","Medio","No","Sin observaciones adicionales."
"https://bringasinsurance.com/commercial-auto-insurance-in-seattle-washington/","Rastreada: actualmente sin indexar","Sí","200","200","","https://bringasinsurance.com/commercial-auto","noindex, nofollow (NotFound.tsx al renderizar)","No observado","No","No","URL movida con reemplazo equivalente","Proponer 301/308 a /commercial-auto solo tras validar equivalencia comercial. El 200 actual es un soft 404/fallback SPA.","Hosting/configuración de redirects (no existe en repo)","Alto","No","Verificado HTTP 200; cuerpo coincide con index.html inicial y no con un 404 de servidor."
"https://bringasinsurance.com/es/seguros-para-autos-en-seattle-washington/","Rastreada: actualmente sin indexar","Revisar","200","200","","No declarada en HTML inicial; SEO client-side solo al renderizar","noindex, nofollow (NotFound.tsx al renderizar)","No observado","No","No","Caso que requiere revisión manual","Validar si hubo versión internacional/CMS anterior antes de decidir 301, 404 o 410. El 200 actual es un soft 404/fallback SPA.","src/pages/NotFound.tsx + hosting fallback","Alto","Sí","Verificado HTTP 200; cuerpo coincide con index.html inicial y no con un 404 de servidor."
"https://bringasinsurance.com/2025/08/07/mega-ways-to-claim-chips-easily-igt5kqk/","Rastreada: actualmente sin indexar","No","200","200","","No declarada en HTML inicial; SEO client-side solo al renderizar","noindex, nofollow (NotFound.tsx al renderizar)","No observado","No","No","URL spam, hackeada o generada por error","No redirigir a la home; bloquear/eliminar en hosting y devolver 410 cuando se confirme que no existe reemplazo. El 200 actual es un soft 404/fallback SPA.","src/pages/NotFound.tsx + hosting fallback","Alto","No","Verificado HTTP 200; cuerpo coincide con index.html inicial y no con un 404 de servidor."
"https://bringasinsurance.com/2025/07/30/wj80woaa/","Rastreada: actualmente sin indexar","No","200","200","","No declarada en HTML inicial; SEO client-side solo al renderizar","noindex, nofollow (NotFound.tsx al renderizar)","No observado","No","No","URL spam, hackeada o generada por error","No redirigir a la home; bloquear/eliminar en hosting y devolver 410 cuando se confirme que no existe reemplazo. El 200 actual es un soft 404/fallback SPA.","src/pages/NotFound.tsx + hosting fallback","Alto","No","Verificado HTTP 200; cuerpo coincide con index.html inicial y no con un 404 de servidor."
"https://bringasinsurance.com/2025/07/30/exclusive-oonyax-solitaire-grand-harvest-free-coins-levvvel-37iunsw/","Rastreada: actualmente sin indexar","No","200","200","","No declarada en HTML inicial; SEO client-side solo al renderizar","noindex, nofollow (NotFound.tsx al renderizar)","No observado","No","No","URL spam, hackeada o generada por error","No redirigir a la home; bloquear/eliminar en hosting y devolver 410 cuando se confirme que no existe reemplazo. El 200 actual es un soft 404/fallback SPA.","src/pages/NotFound.tsx + hosting fallback","Alto","No","Verificado HTTP 200; cuerpo coincide con index.html inicial y no con un 404 de servidor."
"https://bringasinsurance.com/2025/07/30/new-ffgsao-8-ball-pool-free-coins-the-ultimate-guide-t-mn07npn/","Rastreada: actualmente sin indexar","No","200","200","","No declarada en HTML inicial; SEO client-side solo al renderizar","noindex, nofollow (NotFound.tsx al renderizar)","No observado","No","No","URL spam, hackeada o generada por error","No redirigir a la home; bloquear/eliminar en hosting y devolver 410 cuando se confirme que no existe reemplazo. El 200 actual es un soft 404/fallback SPA.","src/pages/NotFound.tsx + hosting fallback","Alto","No","Verificado HTTP 200; cuerpo coincide con index.html inicial y no con un 404 de servidor."
"https://bringasinsurance.com/new-ffgsao-8-ball-pool-free-coins-the-ultimate-guide-t-mn07npn","Rastreada: actualmente sin indexar","No","200","200","","No declarada en HTML inicial; SEO client-side solo al renderizar","noindex, nofollow (NotFound.tsx al renderizar)","No observado","No","No","URL spam, hackeada o generada por error","No redirigir a la home; bloquear/eliminar en hosting y devolver 410 cuando se confirme que no existe reemplazo. El 200 actual es un soft 404/fallback SPA.","src/pages/NotFound.tsx + hosting fallback","Alto","No","Verificado HTTP 200; cuerpo coincide con index.html inicial y no con un 404 de servidor."
"https://bringasinsurance.com/seguro-para-casas-prefabricadas/?lang=es","Rastreada: actualmente sin indexar","Sí","200","200","","https://bringasinsurance.com/mobile-home-insurance","noindex, nofollow (NotFound.tsx al renderizar)","No observado","No","No","URL movida con reemplazo equivalente","Proponer 301/308 a /mobile-home-insurance solo tras validar equivalencia comercial. El 200 actual es un soft 404/fallback SPA.","Hosting/configuración de redirects (no existe en repo)","Alto","No","Verificado HTTP 200; cuerpo coincide con index.html inicial y no con un 404 de servidor. URL con parámetros; evaluar señales y enlaces que los generan."
"https://bringasinsurance.com/es/fianzas-para-seguros-en-seattle-washington/?lang=es","Rastreada: actualmente sin indexar","Revisar","200","200","","No declarada en HTML inicial; SEO client-side solo al renderizar","noindex, nofollow (NotFound.tsx al renderizar)","No observado","No","No","Caso que requiere revisión manual","Validar si hubo versión internacional/CMS anterior antes de decidir 301, 404 o 410. El 200 actual es un soft 404/fallback SPA.","src/pages/NotFound.tsx + hosting fallback","Alto","Sí","Verificado HTTP 200; cuerpo coincide con index.html inicial y no con un 404 de servidor. URL con parámetros; evaluar señales y enlaces que los generan."
"https://bringasinsurance.com/fianzas-para-seguros-en-seattle-washington/?lang=es","Rastreada: actualmente sin indexar","Sí","200","200","","https://bringasinsurance.com/bonds-surety","noindex, nofollow (NotFound.tsx al renderizar)","No observado","No","No","URL movida con reemplazo equivalente","Proponer 301/308 a /bonds-surety solo tras validar equivalencia comercial. El 200 actual es un soft 404/fallback SPA.","Hosting/configuración de redirects (no existe en repo)","Alto","No","Verificado HTTP 200; cuerpo coincide con index.html inicial y no con un 404 de servidor. URL con parámetros; evaluar señales y enlaces que los generan."
"https://bringasinsurance.com/personal-umbrella/","Rastreada: actualmente sin indexar","Sí","200","200","","https://bringasinsurance.com/personal-umbrella","No observado en HTML inicial; sin noindex en SEO.tsx","No observado","Sí","Sí","Página válida que debe indexarse","Mantener 200, canonical autorreferente y enlace interno.","src/App.tsx + src/components/SEO.tsx","Medio","No","Sin observaciones adicionales."
"https://bringasinsurance.com/seguros-de-hogar-en-seattle-washington/","Rastreada: actualmente sin indexar","Sí","200","200","","https://bringasinsurance.com/home-insurance","noindex, nofollow (NotFound.tsx al renderizar)","No observado","No","No","URL movida con reemplazo equivalente","Proponer 301/308 a /home-insurance solo tras validar equivalencia comercial. El 200 actual es un soft 404/fallback SPA.","Hosting/configuración de redirects (no existe en repo)","Alto","No","Verificado HTTP 200; cuerpo coincide con index.html inicial y no con un 404 de servidor."
"https://bringasinsurance.com/2025/07/30/epic-how-to-play-cash-frenzy-on-pc-guide-kzqiq4t/","Rastreada: actualmente sin indexar","No","200","200","","No declarada en HTML inicial; SEO client-side solo al renderizar","noindex, nofollow (NotFound.tsx al renderizar)","No observado","No","No","URL spam, hackeada o generada por error","No redirigir a la home; bloquear/eliminar en hosting y devolver 410 cuando se confirme que no existe reemplazo. El 200 actual es un soft 404/fallback SPA.","src/pages/NotFound.tsx + hosting fallback","Alto","No","Verificado HTTP 200; cuerpo coincide con index.html inicial y no con un 404 de servidor."
"https://bringasinsurance.com/2025/08/07/decouvrez-le-meilleur-du-casino-en-ligne-francais-sur-wbetzfr-jouez-des-maintenant/","Rastreada: actualmente sin indexar","No","200","200","","No declarada en HTML inicial; SEO client-side solo al renderizar","noindex, nofollow (NotFound.tsx al renderizar)","No observado","No","No","URL spam, hackeada o generada por error","No redirigir a la home; bloquear/eliminar en hosting y devolver 410 cuando se confirme que no existe reemplazo. El 200 actual es un soft 404/fallback SPA.","src/pages/NotFound.tsx + hosting fallback","Alto","No","Verificado HTTP 200; cuerpo coincide con index.html inicial y no con un 404 de servidor."
"https://bringasinsurance.com/2025/07/30/daily-sxjymj-solitaire-grand-harvest-free-coins-levvvel-b0bonkj/","Rastreada: actualmente sin indexar","No","200","200","","No declarada en HTML inicial; SEO client-side solo al renderizar","noindex, nofollow (NotFound.tsx al renderizar)","No observado","No","No","URL spam, hackeada o generada por error","No redirigir a la home; bloquear/eliminar en hosting y devolver 410 cuando se confirme que no existe reemplazo. El 200 actual es un soft 404/fallback SPA.","src/pages/NotFound.tsx + hosting fallback","Alto","No","Verificado HTTP 200; cuerpo coincide con index.html inicial y no con un 404 de servidor."
"https://bringasinsurance.com/2025/07/30/best-win-bonus-coins-in-events-how-to-lvzlbcs/","Rastreada: actualmente sin indexar","No","200","200","","No declarada en HTML inicial; SEO client-side solo al renderizar","noindex, nofollow (NotFound.tsx al renderizar)","No observado","No","No","URL spam, hackeada o generada por error","No redirigir a la home; bloquear/eliminar en hosting y devolver 410 cuando se confirme que no existe reemplazo. El 200 actual es un soft 404/fallback SPA.","src/pages/NotFound.tsx + hosting fallback","Alto","No","Verificado HTTP 200; cuerpo coincide con index.html inicial y no con un 404 de servidor."
"https://bringasinsurance.com/2025/07/30/best-free-daily-bonuses-event-04m3agi/","Rastreada: actualmente sin indexar","No","200","200","","No declarada en HTML inicial; SEO client-side solo al renderizar","noindex, nofollow (NotFound.tsx al renderizar)","No observado","No","No","URL spam, hackeada o generada por error","No redirigir a la home; bloquear/eliminar en hosting y devolver 410 cuando se confirme que no existe reemplazo. El 200 actual es un soft 404/fallback SPA.","src/pages/NotFound.tsx + hosting fallback","Alto","No","Verificado HTTP 200; cuerpo coincide con index.html inicial y no con un 404 de servidor."
"https://bringasinsurance.com/2025/07/30/prime-ultimate-strategies-to-get-robux-in-2025-fwyw1o2/feed/","Rastreada: actualmente sin indexar","No","200","200","","No declarada en HTML inicial; SEO client-side solo al renderizar","noindex, nofollow (NotFound.tsx al renderizar)","No observado","No","No","URL spam, hackeada o generada por error","No redirigir a la home; bloquear/eliminar en hosting y devolver 410 cuando se confirme que no existe reemplazo. El 200 actual es un soft 404/fallback SPA.","src/pages/NotFound.tsx + hosting fallback","Alto","No","Verificado HTTP 200; cuerpo coincide con index.html inicial y no con un 404 de servidor."
"https://bringasinsurance.com/2025/07/30/prime-ultimate-strategies-to-get-robux-in-2025-fwyw1o2/","Rastreada: actualmente sin indexar","No","200","200","","No declarada en HTML inicial; SEO client-side solo al renderizar","noindex, nofollow (NotFound.tsx al renderizar)","No observado","No","No","URL spam, hackeada o generada por error","No redirigir a la home; bloquear/eliminar en hosting y devolver 410 cuando se confirme que no existe reemplazo. El 200 actual es un soft 404/fallback SPA.","src/pages/NotFound.tsx + hosting fallback","Alto","No","Verificado HTTP 200; cuerpo coincide con index.html inicial y no con un 404 de servidor."
"https://bringasinsurance.com/2025/07/30/trending-gift-currency-to-friends-2025-i1u8otl/","Rastreada: actualmente sin indexar","No","200","200","","No declarada en HTML inicial; SEO client-side solo al renderizar","noindex, nofollow (NotFound.tsx al renderizar)","No observado","No","No","URL spam, hackeada o generada por error","No redirigir a la home; bloquear/eliminar en hosting y devolver 410 cuando se confirme que no existe reemplazo. El 200 actual es un soft 404/fallback SPA.","src/pages/NotFound.tsx + hosting fallback","Alto","No","Verificado HTTP 200; cuerpo coincide con index.html inicial y no con un 404 de servidor."
"https://bringasinsurance.com/2025/07/30/vvipbest-fhsezn-unlock-unlimited-resources-with-the-best-co-qbn01ge/","Rastreada: actualmente sin indexar","No","200","200","","No declarada en HTML inicial; SEO client-side solo al renderizar","noindex, nofollow (NotFound.tsx al renderizar)","No observado","No","No","URL spam, hackeada o generada por error","No redirigir a la home; bloquear/eliminar en hosting y devolver 410 cuando se confirme que no existe reemplazo. El 200 actual es un soft 404/fallback SPA.","src/pages/NotFound.tsx + hosting fallback","Alto","No","Verificado HTTP 200; cuerpo coincide con index.html inicial y no con un 404 de servidor."
"https://bringasinsurance.com/2025/07/30/reward-ugbzdx-8-ball-pool-free-coins-the-ultimate-guide-t-9o1dujg/","Rastreada: actualmente sin indexar","No","200","200","","No declarada en HTML inicial; SEO client-side solo al renderizar","noindex, nofollow (NotFound.tsx al renderizar)","No observado","No","No","URL spam, hackeada o generada por error","No redirigir a la home; bloquear/eliminar en hosting y devolver 410 cuando se confirme que no existe reemplazo. El 200 actual es un soft 404/fallback SPA.","src/pages/NotFound.tsx + hosting fallback","Alto","No","Verificado HTTP 200; cuerpo coincide con index.html inicial y no con un 404 de servidor."
"https://bringasinsurance.com/seguros-de-responsabilidad-general-en-seattle-washington/","Rastreada: actualmente sin indexar","Sí","200","200","","https://bringasinsurance.com/general-liability","noindex, nofollow (NotFound.tsx al renderizar)","No observado","No","No","URL movida con reemplazo equivalente","Proponer 301/308 a /general-liability solo tras validar equivalencia comercial. El 200 actual es un soft 404/fallback SPA.","Hosting/configuración de redirects (no existe en repo)","Alto","No","Verificado HTTP 200; cuerpo coincide con index.html inicial y no con un 404 de servidor."
"https://bringasinsurance.com/2025/07/30/🎲-🚀-how-to-get-free-coins-in-lightning-link-casino-2025-easy-no-scam-💎-efgvym/","Rastreada: actualmente sin indexar","No","200","200","","No declarada en HTML inicial; SEO client-side solo al renderizar","noindex, nofollow (NotFound.tsx al renderizar)","No observado","No","No","URL spam, hackeada o generada por error","No redirigir a la home; bloquear/eliminar en hosting y devolver 410 cuando se confirme que no existe reemplazo. El 200 actual es un soft 404/fallback SPA.","src/pages/NotFound.tsx + hosting fallback","Alto","No","Verificado HTTP 200; cuerpo coincide con index.html inicial y no con un 404 de servidor."
"https://bringasinsurance.com/2025/07/30/nkxwihjt/","Rastreada: actualmente sin indexar","No","200","200","","No declarada en HTML inicial; SEO client-side solo al renderizar","noindex, nofollow (NotFound.tsx al renderizar)","No observado","No","No","URL spam, hackeada o generada por error","No redirigir a la home; bloquear/eliminar en hosting y devolver 410 cuando se confirme que no existe reemplazo. El 200 actual es un soft 404/fallback SPA.","src/pages/NotFound.tsx + hosting fallback","Alto","No","Verificado HTTP 200; cuerpo coincide con index.html inicial y no con un 404 de servidor."
"https://bringasinsurance.com/2025/07/30/0c2xbr3lh/","Rastreada: actualmente sin indexar","No","200","200","","No declarada en HTML inicial; SEO client-side solo al renderizar","noindex, nofollow (NotFound.tsx al renderizar)","No observado","No","No","URL spam, hackeada o generada por error","No redirigir a la home; bloquear/eliminar en hosting y devolver 410 cuando se confirme que no existe reemplazo. El 200 actual es un soft 404/fallback SPA.","src/pages/NotFound.tsx + hosting fallback","Alto","No","Verificado HTTP 200; cuerpo coincide con index.html inicial y no con un 404 de servidor."
"https://bringasinsurance.com/2025/07/30/vvipbest-wcerby-unlock-unlimited-resources-with-the-best-co-xpm5apr/","Rastreada: actualmente sin indexar","No","200","200","","No declarada en HTML inicial; SEO client-side solo al renderizar","noindex, nofollow (NotFound.tsx al renderizar)","No observado","No","No","URL spam, hackeada o generada por error","No redirigir a la home; bloquear/eliminar en hosting y devolver 410 cuando se confirme que no existe reemplazo. El 200 actual es un soft 404/fallback SPA.","src/pages/NotFound.tsx + hosting fallback","Alto","No","Verificado HTTP 200; cuerpo coincide con index.html inicial y no con un 404 de servidor."
"https://bringasinsurance.com/2025/07/30/new-ultimate-solution-for-getting-free-coins-6d6m07k/","Rastreada: actualmente sin indexar","No","200","200","","No declarada en HTML inicial; SEO client-side solo al renderizar","noindex, nofollow (NotFound.tsx al renderizar)","No observado","No","No","URL spam, hackeada o generada por error","No redirigir a la home; bloquear/eliminar en hosting y devolver 410 cuando se confirme que no existe reemplazo. El 200 actual es un soft 404/fallback SPA.","src/pages/NotFound.tsx + hosting fallback","Alto","No","Verificado HTTP 200; cuerpo coincide con index.html inicial y no con un 404 de servidor."
"https://bringasinsurance.com/?v=6211695456b2a3b2","Rastreada: actualmente sin indexar","Sí","200","200","","https://bringasinsurance.com/","No observado en HTML inicial; sin noindex en SEO.tsx","No observado","Sí","Sí","Página válida que debe indexarse","Mantener 200, canonical autorreferente y enlace interno.","src/App.tsx + src/components/SEO.tsx","Medio","No","URL con parámetros; evaluar señales y enlaces que los generan."
"https://bringasinsurance.com/?v=8121766100cd11a0","Rastreada: actualmente sin indexar","Sí","200","200","","https://bringasinsurance.com/","No observado en HTML inicial; sin noindex en SEO.tsx","No observado","Sí","Sí","Página válida que debe indexarse","Mantener 200, canonical autorreferente y enlace interno.","src/App.tsx + src/components/SEO.tsx","Medio","No","URL con parámetros; evaluar señales y enlaces que los generan."
"https://bringasinsurance.com/?v=832989016241a2f","Rastreada: actualmente sin indexar","Sí","200","200","","https://bringasinsurance.com/","No observado en HTML inicial; sin noindex en SEO.tsx","No observado","Sí","Sí","Página válida que debe indexarse","Mantener 200, canonical autorreferente y enlace interno.","src/App.tsx + src/components/SEO.tsx","Medio","No","URL con parámetros; evaluar señales y enlaces que los generan."
"https://bringasinsurance.com/?v=2111791330419b03","Rastreada: actualmente sin indexar","Sí","200","200","","https://bringasinsurance.com/","No observado en HTML inicial; sin noindex en SEO.tsx","No observado","Sí","Sí","Página válida que debe indexarse","Mantener 200, canonical autorreferente y enlace interno.","src/App.tsx + src/components/SEO.tsx","Medio","No","URL con parámetros; evaluar señales y enlaces que los generan."
"https://bringasinsurance.com/?v=302189225076a7e2","Rastreada: actualmente sin indexar","Sí","200","200","","https://bringasinsurance.com/","No observado en HTML inicial; sin noindex en SEO.tsx","No observado","Sí","Sí","Página válida que debe indexarse","Mantener 200, canonical autorreferente y enlace interno.","src/App.tsx + src/components/SEO.tsx","Medio","No","URL con parámetros; evaluar señales y enlaces que los generan."
"https://bringasinsurance.com/?v=80098688b49f","Rastreada: actualmente sin indexar","Sí","200","200","","https://bringasinsurance.com/","No observado en HTML inicial; sin noindex en SEO.tsx","No observado","Sí","Sí","Página válida que debe indexarse","Mantener 200, canonical autorreferente y enlace interno.","src/App.tsx + src/components/SEO.tsx","Medio","No","URL con parámetros; evaluar señales y enlaces que los generan."
"https://bringasinsurance.com/?v=291987f76467","Rastreada: actualmente sin indexar","Sí","200","200","","https://bringasinsurance.com/","No observado en HTML inicial; sin noindex en SEO.tsx","No observado","Sí","Sí","Página válida que debe indexarse","Mantener 200, canonical autorreferente y enlace interno.","src/App.tsx + src/components/SEO.tsx","Medio","No","URL con parámetros; evaluar señales y enlaces que los generan."
"https://bringasinsurance.com/2025/07/30/epic-free-gem-strategies-for-brawl-stars/","Rastreada: actualmente sin indexar","No","200","200","","No declarada en HTML inicial; SEO client-side solo al renderizar","noindex, nofollow (NotFound.tsx al renderizar)","No observado","No","No","URL spam, hackeada o generada por error","No redirigir a la home; bloquear/eliminar en hosting y devolver 410 cuando se confirme que no existe reemplazo. El 200 actual es un soft 404/fallback SPA.","src/pages/NotFound.tsx + hosting fallback","Alto","No","Verificado HTTP 200; cuerpo coincide con index.html inicial y no con un 404 de servidor."
"https://bringasinsurance.com/es/seguros-de-propietarios-en-seattle-washington/","Rastreada: actualmente sin indexar","Revisar","200","200","","No declarada en HTML inicial; SEO client-side solo al renderizar","noindex, nofollow (NotFound.tsx al renderizar)","No observado","No","No","Caso que requiere revisión manual","Validar si hubo versión internacional/CMS anterior antes de decidir 301, 404 o 410. El 200 actual es un soft 404/fallback SPA.","src/pages/NotFound.tsx + hosting fallback","Alto","Sí","Verificado HTTP 200; cuerpo coincide con index.html inicial y no con un 404 de servidor."
"https://bringasinsurance.com/?v=9091917812b681ff","Rastreada: actualmente sin indexar","Sí","200","200","","https://bringasinsurance.com/","No observado en HTML inicial; sin noindex en SEO.tsx","No observado","Sí","Sí","Página válida que debe indexarse","Mantener 200, canonical autorreferente y enlace interno.","src/App.tsx + src/components/SEO.tsx","Medio","No","URL con parámetros; evaluar señales y enlaces que los generan."
"https://bringasinsurance.com/2025/08/10/🕹️-🚀-how-to-get-free-coins-in-lightning-link-casino-2025-easy-no-scam-💎-dgitnb/","Rastreada: actualmente sin indexar","No","200","200","","No declarada en HTML inicial; SEO client-side solo al renderizar","noindex, nofollow (NotFound.tsx al renderizar)","No observado","No","No","URL spam, hackeada o generada por error","No redirigir a la home; bloquear/eliminar en hosting y devolver 410 cuando se confirme que no existe reemplazo. El 200 actual es un soft 404/fallback SPA.","src/pages/NotFound.tsx + hosting fallback","Alto","No","Verificado HTTP 200; cuerpo coincide con index.html inicial y no con un 404 de servidor."
"https://bringasinsurance.com/2025/07/30/trending-mzczwc-100-working-gaminator-free-coins-links-qrst-pc8zj10/","Rastreada: actualmente sin indexar","No","200","200","","No declarada en HTML inicial; SEO client-side solo al renderizar","noindex, nofollow (NotFound.tsx al renderizar)","No observado","No","No","URL spam, hackeada o generada por error","No redirigir a la home; bloquear/eliminar en hosting y devolver 410 cuando se confirme que no existe reemplazo. El 200 actual es un soft 404/fallback SPA.","src/pages/NotFound.tsx + hosting fallback","Alto","No","Verificado HTTP 200; cuerpo coincide con index.html inicial y no con un 404 de servidor."
"https://bringasinsurance.com/2025/07/30/v7rbh6vzo/","Rastreada: actualmente sin indexar","No","200","200","","No declarada en HTML inicial; SEO client-side solo al renderizar","noindex, nofollow (NotFound.tsx al renderizar)","No observado","No","No","URL spam, hackeada o generada por error","No redirigir a la home; bloquear/eliminar en hosting y devolver 410 cuando se confirme que no existe reemplazo. El 200 actual es un soft 404/fallback SPA.","src/pages/NotFound.tsx + hosting fallback","Alto","No","Verificado HTTP 200; cuerpo coincide con index.html inicial y no con un 404 de servidor."
"https://bringasinsurance.com/?v=9341786129c112e3","Rastreada: actualmente sin indexar","Sí","200","200","","https://bringasinsurance.com/","No observado en HTML inicial; sin noindex en SEO.tsx","No observado","Sí","Sí","Página válida que debe indexarse","Mantener 200, canonical autorreferente y enlace interno.","src/App.tsx + src/components/SEO.tsx","Medio","No","URL con parámetros; evaluar señales y enlaces que los generan."
"https://bringasinsurance.com/?v=90615135318ce5b9","Rastreada: actualmente sin indexar","Sí","200","200","","https://bringasinsurance.com/","No observado en HTML inicial; sin noindex en SEO.tsx","No observado","Sí","Sí","Página válida que debe indexarse","Mantener 200, canonical autorreferente y enlace interno.","src/App.tsx + src/components/SEO.tsx","Medio","No","URL con parámetros; evaluar señales y enlaces que los generan."
"https://bringasinsurance.com/es/seguros-para-motocicleta-en-seattle-washington/","Rastreada: actualmente sin indexar","Revisar","200","200","","No declarada en HTML inicial; SEO client-side solo al renderizar","noindex, nofollow (NotFound.tsx al renderizar)","No observado","No","No","Caso que requiere revisión manual","Validar si hubo versión internacional/CMS anterior antes de decidir 301, 404 o 410. El 200 actual es un soft 404/fallback SPA.","src/pages/NotFound.tsx + hosting fallback","Alto","Sí","Verificado HTTP 200; cuerpo coincide con index.html inicial y no con un 404 de servidor."
"https://bringasinsurance.com/seguros-para-motocicleta-en-seattle-washington/","Rastreada: actualmente sin indexar","Sí","200","200","","https://bringasinsurance.com/motorcycle-insurance","noindex, nofollow (NotFound.tsx al renderizar)","No observado","No","No","URL movida con reemplazo equivalente","Proponer 301/308 a /motorcycle-insurance solo tras validar equivalencia comercial. El 200 actual es un soft 404/fallback SPA.","Hosting/configuración de redirects (no existe en repo)","Alto","No","Verificado HTTP 200; cuerpo coincide con index.html inicial y no con un 404 de servidor."
"https://bringasinsurance.com/?v=75911121099a5986","Rastreada: actualmente sin indexar","Sí","200","200","","https://bringasinsurance.com/","No observado en HTML inicial; sin noindex en SEO.tsx","No observado","Sí","Sí","Página válida que debe indexarse","Mantener 200, canonical autorreferente y enlace interno.","src/App.tsx + src/components/SEO.tsx","Medio","No","URL con parámetros; evaluar señales y enlaces que los generan."
"https://bringasinsurance.com/?v=87918517248132c0","Rastreada: actualmente sin indexar","Sí","200","200","","https://bringasinsurance.com/","No observado en HTML inicial; sin noindex en SEO.tsx","No observado","Sí","Sí","Página válida que debe indexarse","Mantener 200, canonical autorreferente y enlace interno.","src/App.tsx + src/components/SEO.tsx","Medio","No","URL con parámetros; evaluar señales y enlaces que los generan."
"https://bringasinsurance.com/?v=407107349898d62e","Rastreada: actualmente sin indexar","Sí","200","200","","https://bringasinsurance.com/","No observado en HTML inicial; sin noindex en SEO.tsx","No observado","Sí","Sí","Página válida que debe indexarse","Mantener 200, canonical autorreferente y enlace interno.","src/App.tsx + src/components/SEO.tsx","Medio","No","URL con parámetros; evaluar señales y enlaces que los generan."
"https://bringasinsurance.com/?v=77710933681b716f","Rastreada: actualmente sin indexar","Sí","200","200","","https://bringasinsurance.com/","No observado en HTML inicial; sin noindex en SEO.tsx","No observado","Sí","Sí","Página válida que debe indexarse","Mantener 200, canonical autorreferente y enlace interno.","src/App.tsx + src/components/SEO.tsx","Medio","No","URL con parámetros; evaluar señales y enlaces que los generan."
"https://bringasinsurance.com/2025/08/08/🎰-🚀-how-to-get-free-coins-in-lightning-link-casino-2025-easy-no-scam-💎-bsalxr/","Rastreada: actualmente sin indexar","No","200","200","","No declarada en HTML inicial; SEO client-side solo al renderizar","noindex, nofollow (NotFound.tsx al renderizar)","No observado","No","No","URL spam, hackeada o generada por error","No redirigir a la home; bloquear/eliminar en hosting y devolver 410 cuando se confirme que no existe reemplazo. El 200 actual es un soft 404/fallback SPA.","src/pages/NotFound.tsx + hosting fallback","Alto","No","Verificado HTTP 200; cuerpo coincide con index.html inicial y no con un 404 de servidor."
"https://bringasinsurance.com/2025/07/30/experience-avia-masters-slot-play-win-big-in-english-online-casino-for-new-zealand-players/","Rastreada: actualmente sin indexar","No","200","200","","No declarada en HTML inicial; SEO client-side solo al renderizar","noindex, nofollow (NotFound.tsx al renderizar)","No observado","No","No","URL spam, hackeada o generada por error","No redirigir a la home; bloquear/eliminar en hosting y devolver 410 cuando se confirme que no existe reemplazo. El 200 actual es un soft 404/fallback SPA.","src/pages/NotFound.tsx + hosting fallback","Alto","No","Verificado HTTP 200; cuerpo coincide con index.html inicial y no con un 404 de servidor."
"https://bringasinsurance.com/?v=0981539030ef814c","Rastreada: actualmente sin indexar","Sí","200","200","","https://bringasinsurance.com/","No observado en HTML inicial; sin noindex en SEO.tsx","No observado","Sí","Sí","Página válida que debe indexarse","Mantener 200, canonical autorreferente y enlace interno.","src/App.tsx + src/components/SEO.tsx","Medio","No","URL con parámetros; evaluar señales y enlaces que los generan."
"https://bringasinsurance.com/?v=2701771320f80db8","Rastreada: actualmente sin indexar","Sí","200","200","","https://bringasinsurance.com/","No observado en HTML inicial; sin noindex en SEO.tsx","No observado","Sí","Sí","Página válida que debe indexarse","Mantener 200, canonical autorreferente y enlace interno.","src/App.tsx + src/components/SEO.tsx","Medio","No","URL con parámetros; evaluar señales y enlaces que los generan."
"https://bringasinsurance.com/2025/07/30/8-ways-to-get-free-dice-dream-rolls-links-2025-ultimate-method-j64vsb/","Rastreada: actualmente sin indexar","No","200","200","","No declarada en HTML inicial; SEO client-side solo al renderizar","noindex, nofollow (NotFound.tsx al renderizar)","No observado","No","No","URL spam, hackeada o generada por error","No redirigir a la home; bloquear/eliminar en hosting y devolver 410 cuando se confirme que no existe reemplazo. El 200 actual es un soft 404/fallback SPA.","src/pages/NotFound.tsx + hosting fallback","Alto","No","Verificado HTTP 200; cuerpo coincide con index.html inicial y no con un 404 de servidor."
"https://bringasinsurance.com/?v=708127142992a748","Rastreada: actualmente sin indexar","Sí","200","200","","https://bringasinsurance.com/","No observado en HTML inicial; sin noindex en SEO.tsx","No observado","Sí","Sí","Página válida que debe indexarse","Mantener 200, canonical autorreferente y enlace interno.","src/App.tsx + src/components/SEO.tsx","Medio","No","URL con parámetros; evaluar señales y enlaces que los generan."
"https://bringasinsurance.com/?v=319550014ed7770","Rastreada: actualmente sin indexar","Sí","200","200","","https://bringasinsurance.com/","No observado en HTML inicial; sin noindex en SEO.tsx","No observado","Sí","Sí","Página válida que debe indexarse","Mantener 200, canonical autorreferente y enlace interno.","src/App.tsx + src/components/SEO.tsx","Medio","No","URL con parámetros; evaluar señales y enlaces que los generan."
"https://bringasinsurance.com/?v=0981986728cc5b0a","Rastreada: actualmente sin indexar","Sí","200","200","","https://bringasinsurance.com/","No observado en HTML inicial; sin noindex en SEO.tsx","No observado","Sí","Sí","Página válida que debe indexarse","Mantener 200, canonical autorreferente y enlace interno.","src/App.tsx + src/components/SEO.tsx","Medio","No","URL con parámetros; evaluar señales y enlaces que los generan."
"https://bringasinsurance.com/?v=34818014223e8f19","Rastreada: actualmente sin indexar","Sí","200","200","","https://bringasinsurance.com/","No observado en HTML inicial; sin noindex en SEO.tsx","No observado","Sí","Sí","Página válida que debe indexarse","Mantener 200, canonical autorreferente y enlace interno.","src/App.tsx + src/components/SEO.tsx","Medio","No","URL con parámetros; evaluar señales y enlaces que los generan."
"https://bringasinsurance.com/?v=5171761054ba005f","Rastreada: actualmente sin indexar","Sí","200","200","","https://bringasinsurance.com/","No observado en HTML inicial; sin noindex en SEO.tsx","No observado","Sí","Sí","Página válida que debe indexarse","Mantener 200, canonical autorreferente y enlace interno.","src/App.tsx + src/components/SEO.tsx","Medio","No","URL con parámetros; evaluar señales y enlaces que los generan."
"https://bringasinsurance.com/match-dwnglg-new-match-masters-free-gifts-1000-coins-and-bmksgfh","Rastreada: actualmente sin indexar","No","200","200","","No declarada en HTML inicial; SEO client-side solo al renderizar","noindex, nofollow (NotFound.tsx al renderizar)","No observado","No","No","URL spam, hackeada o generada por error","No redirigir a la home; bloquear/eliminar en hosting y devolver 410 cuando se confirme que no existe reemplazo. El 200 actual es un soft 404/fallback SPA.","src/pages/NotFound.tsx + hosting fallback","Alto","No","Verificado HTTP 200; cuerpo coincide con index.html inicial y no con un 404 de servidor."
"https://bringasinsurance.com/2025/08/08/match-dwnglg-new-match-masters-free-gifts-1000-coins-and-bmksgfh/","Rastreada: actualmente sin indexar","No","200","200","","No declarada en HTML inicial; SEO client-side solo al renderizar","noindex, nofollow (NotFound.tsx al renderizar)","No observado","No","No","URL spam, hackeada o generada por error","No redirigir a la home; bloquear/eliminar en hosting y devolver 410 cuando se confirme que no existe reemplazo. El 200 actual es un soft 404/fallback SPA.","src/pages/NotFound.tsx + hosting fallback","Alto","No","Verificado HTTP 200; cuerpo coincide con index.html inicial y no con un 404 de servidor."
"https://bringasinsurance.com/2025/07/30/yrjbue-board-kings-cheats-free-gems-generator-2024-no-verification-new-method/","Rastreada: actualmente sin indexar","No","200","200","","No declarada en HTML inicial; SEO client-side solo al renderizar","noindex, nofollow (NotFound.tsx al renderizar)","No observado","No","No","URL spam, hackeada o generada por error","No redirigir a la home; bloquear/eliminar en hosting y devolver 410 cuando se confirme que no existe reemplazo. El 200 actual es un soft 404/fallback SPA.","src/pages/NotFound.tsx + hosting fallback","Alto","No","Verificado HTTP 200; cuerpo coincide con index.html inicial y no con un 404 de servidor."
"https://bringasinsurance.com/?v=210878004358f95","Rastreada: actualmente sin indexar","Sí","200","200","","https://bringasinsurance.com/","No observado en HTML inicial; sin noindex en SEO.tsx","No observado","Sí","Sí","Página válida que debe indexarse","Mantener 200, canonical autorreferente y enlace interno.","src/App.tsx + src/components/SEO.tsx","Medio","No","URL con parámetros; evaluar señales y enlaces que los generan."
"https://bringasinsurance.com/2025/07/30/🎯-exactly-how-to-get-free-amazon-gift-cards-easily-no-scam-just-rewards-f99nqi/","Rastreada: actualmente sin indexar","No","200","200","","No declarada en HTML inicial; SEO client-side solo al renderizar","noindex, nofollow (NotFound.tsx al renderizar)","No observado","No","No","URL spam, hackeada o generada por error","No redirigir a la home; bloquear/eliminar en hosting y devolver 410 cuando se confirme que no existe reemplazo. El 200 actual es un soft 404/fallback SPA.","src/pages/NotFound.tsx + hosting fallback","Alto","No","Verificado HTTP 200; cuerpo coincide con index.html inicial y no con un 404 de servidor."
"https://bringasinsurance.com/2025/07/30/dmh0q2s9w2/feed/","Rastreada: actualmente sin indexar","No","200","200","","No declarada en HTML inicial; SEO client-side solo al renderizar","noindex, nofollow (NotFound.tsx al renderizar)","No observado","No","No","URL spam, hackeada o generada por error","No redirigir a la home; bloquear/eliminar en hosting y devolver 410 cuando se confirme que no existe reemplazo. El 200 actual es un soft 404/fallback SPA.","src/pages/NotFound.tsx + hosting fallback","Alto","No","Verificado HTTP 200; cuerpo coincide con index.html inicial y no con un 404 de servidor."
"https://bringasinsurance.com/2025/07/30/dmh0q2s9w2/","Rastreada: actualmente sin indexar","No","200","200","","No declarada en HTML inicial; SEO client-side solo al renderizar","noindex, nofollow (NotFound.tsx al renderizar)","No observado","No","No","URL spam, hackeada o generada por error","No redirigir a la home; bloquear/eliminar en hosting y devolver 410 cuando se confirme que no existe reemplazo. El 200 actual es un soft 404/fallback SPA.","src/pages/NotFound.tsx + hosting fallback","Alto","No","Verificado HTTP 200; cuerpo coincide con index.html inicial y no con un 404 de servidor."
"https://bringasinsurance.com/2025/07/30/🎯-how-to-get-free-amazon-gift-cards-easily-no-scam-just-rewards-x7bxt7/","Rastreada: actualmente sin indexar","No","200","200","","No declarada en HTML inicial; SEO client-side solo al renderizar","noindex, nofollow (NotFound.tsx al renderizar)","No observado","No","No","URL spam, hackeada o generada por error","No redirigir a la home; bloquear/eliminar en hosting y devolver 410 cuando se confirme que no existe reemplazo. El 200 actual es un soft 404/fallback SPA.","src/pages/NotFound.tsx + hosting fallback","Alto","No","Verificado HTTP 200; cuerpo coincide con index.html inicial y no con un 404 de servidor."
"https://bringasinsurance.com/es/seguro-para-vehiculos-recreativos-en-seattle-washington/","Rastreada: actualmente sin indexar","Revisar","200","200","","No declarada en HTML inicial; SEO client-side solo al renderizar","noindex, nofollow (NotFound.tsx al renderizar)","No observado","No","No","Caso que requiere revisión manual","Validar si hubo versión internacional/CMS anterior antes de decidir 301, 404 o 410. El 200 actual es un soft 404/fallback SPA.","src/pages/NotFound.tsx + hosting fallback","Alto","Sí","Verificado HTTP 200; cuerpo coincide con index.html inicial y no con un 404 de servidor."
"https://bringasinsurance.com/seguros-para-propietarios-de-edificios-en-seattle-washington/","Rastreada: actualmente sin indexar","Sí","200","200","","https://bringasinsurance.com/building-owners","noindex, nofollow (NotFound.tsx al renderizar)","No observado","No","No","URL movida con reemplazo equivalente","Proponer 301/308 a /building-owners solo tras validar equivalencia comercial. El 200 actual es un soft 404/fallback SPA.","Hosting/configuración de redirects (no existe en repo)","Alto","No","Verificado HTTP 200; cuerpo coincide con index.html inicial y no con un 404 de servidor."
"https://bringasinsurance.com/2025/07/30/🕹️-exactly-how-to-get-free-amazon-gift-cards-easily-no-scam-just-rewards-adoq6v/","Rastreada: actualmente sin indexar","No","200","200","","No declarada en HTML inicial; SEO client-side solo al renderizar","noindex, nofollow (NotFound.tsx al renderizar)","No observado","No","No","URL spam, hackeada o generada por error","No redirigir a la home; bloquear/eliminar en hosting y devolver 410 cuando se confirme que no existe reemplazo. El 200 actual es un soft 404/fallback SPA.","src/pages/NotFound.tsx + hosting fallback","Alto","No","Verificado HTTP 200; cuerpo coincide con index.html inicial y no con un 404 de servidor."
"https://bringasinsurance.com/2025/07/30/🕹️-how-to-get-free-amazon-gift-cards-easily-no-scam-just-rewards-bxtrf5/","Rastreada: actualmente sin indexar","No","200","200","","No declarada en HTML inicial; SEO client-side solo al renderizar","noindex, nofollow (NotFound.tsx al renderizar)","No observado","No","No","URL spam, hackeada o generada por error","No redirigir a la home; bloquear/eliminar en hosting y devolver 410 cuando se confirme que no existe reemplazo. El 200 actual es un soft 404/fallback SPA.","src/pages/NotFound.tsx + hosting fallback","Alto","No","Verificado HTTP 200; cuerpo coincide con index.html inicial y no con un 404 de servidor."
"https://bringasinsurance.com/2025/07/30/🎰-how-to-get-free-amazon-gift-cards-easily-no-scam-just-rewards-1yxgqm/","Rastreada: actualmente sin indexar","No","200","200","","No declarada en HTML inicial; SEO client-side solo al renderizar","noindex, nofollow (NotFound.tsx al renderizar)","No observado","No","No","URL spam, hackeada o generada por error","No redirigir a la home; bloquear/eliminar en hosting y devolver 410 cuando se confirme que no existe reemplazo. El 200 actual es un soft 404/fallback SPA.","src/pages/NotFound.tsx + hosting fallback","Alto","No","Verificado HTTP 200; cuerpo coincide con index.html inicial y no con un 404 de servidor."
"https://bringasinsurance.com/2025/07/30/🎰-how-to-get-free-amazon-gift-cards-easily-no-scam-just-rewards-70susi-2/","Rastreada: actualmente sin indexar","No","200","200","","No declarada en HTML inicial; SEO client-side solo al renderizar","noindex, nofollow (NotFound.tsx al renderizar)","No observado","No","No","URL spam, hackeada o generada por error","No redirigir a la home; bloquear/eliminar en hosting y devolver 410 cuando se confirme que no existe reemplazo. El 200 actual es un soft 404/fallback SPA.","src/pages/NotFound.tsx + hosting fallback","Alto","No","Verificado HTTP 200; cuerpo coincide con index.html inicial y no con un 404 de servidor."
"https://bringasinsurance.com/2025/07/30/ghbdhc-board-kings-cheats-free-gems-generator-2024-no-verification-new-method/","Rastreada: actualmente sin indexar","No","200","200","","No declarada en HTML inicial; SEO client-side solo al renderizar","noindex, nofollow (NotFound.tsx al renderizar)","No observado","No","No","URL spam, hackeada o generada por error","No redirigir a la home; bloquear/eliminar en hosting y devolver 410 cuando se confirme que no existe reemplazo. El 200 actual es un soft 404/fallback SPA.","src/pages/NotFound.tsx + hosting fallback","Alto","No","Verificado HTTP 200; cuerpo coincide con index.html inicial y no con un 404 de servidor."
"https://bringasinsurance.com/2025/08/07/bahiscasino-casino-turkiyede-para-yatyrma-ve-cekme-24/","Rastreada: actualmente sin indexar","No","200","200","","No declarada en HTML inicial; SEO client-side solo al renderizar","noindex, nofollow (NotFound.tsx al renderizar)","No observado","No","No","URL spam, hackeada o generada por error","No redirigir a la home; bloquear/eliminar en hosting y devolver 410 cuando se confirme que no existe reemplazo. El 200 actual es un soft 404/fallback SPA.","src/pages/NotFound.tsx + hosting fallback","Alto","No","Verificado HTTP 200; cuerpo coincide con index.html inicial y no con un 404 de servidor."
"https://bringasinsurance.com/2025/08/10/bq2n82ru/","Rastreada: actualmente sin indexar","No","200","200","","No declarada en HTML inicial; SEO client-side solo al renderizar","noindex, nofollow (NotFound.tsx al renderizar)","No observado","No","No","URL spam, hackeada o generada por error","No redirigir a la home; bloquear/eliminar en hosting y devolver 410 cuando se confirme que no existe reemplazo. El 200 actual es un soft 404/fallback SPA.","src/pages/NotFound.tsx + hosting fallback","Alto","No","Verificado HTTP 200; cuerpo coincide con index.html inicial y no con un 404 de servidor."
"https://bringasinsurance.com/?v=62012674905449f8","Rastreada: actualmente sin indexar","Sí","200","200","","https://bringasinsurance.com/","No observado en HTML inicial; sin noindex en SEO.tsx","No observado","Sí","Sí","Página válida que debe indexarse","Mantener 200, canonical autorreferente y enlace interno.","src/App.tsx + src/components/SEO.tsx","Medio","No","URL con parámetros; evaluar señales y enlaces que los generan."
"https://bringasinsurance.com/2025/08/11/spin-for-big-wins-at-slots-basaribet/","Rastreada: actualmente sin indexar","No","200","200","","No declarada en HTML inicial; SEO client-side solo al renderizar","noindex, nofollow (NotFound.tsx al renderizar)","No observado","No","No","URL spam, hackeada o generada por error","No redirigir a la home; bloquear/eliminar en hosting y devolver 410 cuando se confirme que no existe reemplazo. El 200 actual es un soft 404/fallback SPA.","src/pages/NotFound.tsx + hosting fallback","Alto","No","Verificado HTTP 200; cuerpo coincide con index.html inicial y no con un 404 de servidor."
"https://bringasinsurance.com/2025/07/30/2ukyelksn/","Rastreada: actualmente sin indexar","No","200","200","","No declarada en HTML inicial; SEO client-side solo al renderizar","noindex, nofollow (NotFound.tsx al renderizar)","No observado","No","No","URL spam, hackeada o generada por error","No redirigir a la home; bloquear/eliminar en hosting y devolver 410 cuando se confirme que no existe reemplazo. El 200 actual es un soft 404/fallback SPA.","src/pages/NotFound.tsx + hosting fallback","Alto","No","Verificado HTTP 200; cuerpo coincide con index.html inicial y no con un 404 de servidor."
"https://bringasinsurance.com/2025/07/30/hdbg8swq/","Rastreada: actualmente sin indexar","No","200","200","","No declarada en HTML inicial; SEO client-side solo al renderizar","noindex, nofollow (NotFound.tsx al renderizar)","No observado","No","No","URL spam, hackeada o generada por error","No redirigir a la home; bloquear/eliminar en hosting y devolver 410 cuando se confirme que no existe reemplazo. El 200 actual es un soft 404/fallback SPA.","src/pages/NotFound.tsx + hosting fallback","Alto","No","Verificado HTTP 200; cuerpo coincide con index.html inicial y no con un 404 de servidor."
"https://bringasinsurance.com/?v=8101783803d15b8a","Rastreada: actualmente sin indexar","Sí","200","200","","https://bringasinsurance.com/","No observado en HTML inicial; sin noindex en SEO.tsx","No observado","Sí","Sí","Página válida que debe indexarse","Mantener 200, canonical autorreferente y enlace interno.","src/App.tsx + src/components/SEO.tsx","Medio","No","URL con parámetros; evaluar señales y enlaces que los generan."
"https://bringasinsurance.com/2025/08/10/vcga9mghh/","Rastreada: actualmente sin indexar","No","200","200","","No declarada en HTML inicial; SEO client-side solo al renderizar","noindex, nofollow (NotFound.tsx al renderizar)","No observado","No","No","URL spam, hackeada o generada por error","No redirigir a la home; bloquear/eliminar en hosting y devolver 410 cuando se confirme que no existe reemplazo. El 200 actual es un soft 404/fallback SPA.","src/pages/NotFound.tsx + hosting fallback","Alto","No","Verificado HTTP 200; cuerpo coincide con index.html inicial y no con un 404 de servidor."
"https://bringasinsurance.com/2025/07/30/mega-mhiisz-8-ball-pool-free-coins-the-ultimate-guide-t-thy4xho/","Rastreada: actualmente sin indexar","No","200","200","","No declarada en HTML inicial; SEO client-side solo al renderizar","noindex, nofollow (NotFound.tsx al renderizar)","No observado","No","No","URL spam, hackeada o generada por error","No redirigir a la home; bloquear/eliminar en hosting y devolver 410 cuando se confirme que no existe reemplazo. El 200 actual es un soft 404/fallback SPA.","src/pages/NotFound.tsx + hosting fallback","Alto","No","Verificado HTTP 200; cuerpo coincide con index.html inicial y no con un 404 de servidor."
"https://bringasinsurance.com/2025/07/30/hot-complete-solution-for-card-activation-n3qn5us/","Rastreada: actualmente sin indexar","No","200","200","","No declarada en HTML inicial; SEO client-side solo al renderizar","noindex, nofollow (NotFound.tsx al renderizar)","No observado","No","No","URL spam, hackeada o generada por error","No redirigir a la home; bloquear/eliminar en hosting y devolver 410 cuando se confirme que no existe reemplazo. El 200 actual es un soft 404/fallback SPA.","src/pages/NotFound.tsx + hosting fallback","Alto","No","Verificado HTTP 200; cuerpo coincide con index.html inicial y no con un 404 de servidor."
"https://bringasinsurance.com/2025/07/30/048jeo400f/","Rastreada: actualmente sin indexar","No","200","200","","No declarada en HTML inicial; SEO client-side solo al renderizar","noindex, nofollow (NotFound.tsx al renderizar)","No observado","No","No","URL spam, hackeada o generada por error","No redirigir a la home; bloquear/eliminar en hosting y devolver 410 cuando se confirme que no existe reemplazo. El 200 actual es un soft 404/fallback SPA.","src/pages/NotFound.tsx + hosting fallback","Alto","No","Verificado HTTP 200; cuerpo coincide con index.html inicial y no con un 404 de servidor."
"https://bringasinsurance.com/?v=0471432047d1c01a","Rastreada: actualmente sin indexar","Sí","200","200","","https://bringasinsurance.com/","No observado en HTML inicial; sin noindex en SEO.tsx","No observado","Sí","Sí","Página válida que debe indexarse","Mantener 200, canonical autorreferente y enlace interno.","src/App.tsx + src/components/SEO.tsx","Medio","No","URL con parámetros; evaluar señales y enlaces que los generan."
"https://bringasinsurance.com/2025/08/04/experience-the-thrill-of-barz-casino-play-popular-casino-games-online-in-english-for-the-uk/","Rastreada: actualmente sin indexar","No","200","200","","No declarada en HTML inicial; SEO client-side solo al renderizar","noindex, nofollow (NotFound.tsx al renderizar)","No observado","No","No","URL spam, hackeada o generada por error","No redirigir a la home; bloquear/eliminar en hosting y devolver 410 cuando se confirme que no existe reemplazo. El 200 actual es un soft 404/fallback SPA.","src/pages/NotFound.tsx + hosting fallback","Alto","No","Verificado HTTP 200; cuerpo coincide con index.html inicial y no con un 404 de servidor."
"https://bringasinsurance.com/2025/07/30/🎰-taonga-island-quest-scoop-up-free-riches-jewels-in-2025-glory5uc16n-c0ro2y/","Rastreada: actualmente sin indexar","No","200","200","","No declarada en HTML inicial; SEO client-side solo al renderizar","noindex, nofollow (NotFound.tsx al renderizar)","No observado","No","No","URL spam, hackeada o generada por error","No redirigir a la home; bloquear/eliminar en hosting y devolver 410 cuando se confirme que no existe reemplazo. El 200 actual es un soft 404/fallback SPA.","src/pages/NotFound.tsx + hosting fallback","Alto","No","Verificado HTTP 200; cuerpo coincide con index.html inicial y no con un 404 de servidor."
"https://bringasinsurance.com/?v=53211192204f3eed","Rastreada: actualmente sin indexar","Sí","200","200","","https://bringasinsurance.com/","No observado en HTML inicial; sin noindex en SEO.tsx","No observado","Sí","Sí","Página válida que debe indexarse","Mantener 200, canonical autorreferente y enlace interno.","src/App.tsx + src/components/SEO.tsx","Medio","No","URL con parámetros; evaluar señales y enlaces que los generan."
"https://bringasinsurance.com/2025/08/10/k8x4hs04/","Rastreada: actualmente sin indexar","No","200","200","","No declarada en HTML inicial; SEO client-side solo al renderizar","noindex, nofollow (NotFound.tsx al renderizar)","No observado","No","No","URL spam, hackeada o generada por error","No redirigir a la home; bloquear/eliminar en hosting y devolver 410 cuando se confirme que no existe reemplazo. El 200 actual es un soft 404/fallback SPA.","src/pages/NotFound.tsx + hosting fallback","Alto","No","Verificado HTTP 200; cuerpo coincide con index.html inicial y no con un 404 de servidor."
"https://bringasinsurance.com/?v=2761375572d0f369","Rastreada: actualmente sin indexar","Sí","200","200","","https://bringasinsurance.com/","No observado en HTML inicial; sin noindex en SEO.tsx","No observado","Sí","Sí","Página válida que debe indexarse","Mantener 200, canonical autorreferente y enlace interno.","src/App.tsx + src/components/SEO.tsx","Medio","No","URL con parámetros; evaluar señales y enlaces que los generan."
"https://bringasinsurance.com/2025/07/30/xwxd0fo8/","Rastreada: actualmente sin indexar","No","200","200","","No declarada en HTML inicial; SEO client-side solo al renderizar","noindex, nofollow (NotFound.tsx al renderizar)","No observado","No","No","URL spam, hackeada o generada por error","No redirigir a la home; bloquear/eliminar en hosting y devolver 410 cuando se confirme que no existe reemplazo. El 200 actual es un soft 404/fallback SPA.","src/pages/NotFound.tsx + hosting fallback","Alto","No","Verificado HTTP 200; cuerpo coincide con index.html inicial y no con un 404 de servidor."
"https://bringasinsurance.com/2025/07/30/rjl5f7be0k/","Rastreada: actualmente sin indexar","No","200","200","","No declarada en HTML inicial; SEO client-side solo al renderizar","noindex, nofollow (NotFound.tsx al renderizar)","No observado","No","No","URL spam, hackeada o generada por error","No redirigir a la home; bloquear/eliminar en hosting y devolver 410 cuando se confirme que no existe reemplazo. El 200 actual es un soft 404/fallback SPA.","src/pages/NotFound.tsx + hosting fallback","Alto","No","Verificado HTTP 200; cuerpo coincide con index.html inicial y no con un 404 de servidor."
"https://bringasinsurance.com/2025/07/30/grab-free-double-down-casino-hack-working-tmle78d/","Rastreada: actualmente sin indexar","No","200","200","","No declarada en HTML inicial; SEO client-side solo al renderizar","noindex, nofollow (NotFound.tsx al renderizar)","No observado","No","No","URL spam, hackeada o generada por error","No redirigir a la home; bloquear/eliminar en hosting y devolver 410 cuando se confirme que no existe reemplazo. El 200 actual es un soft 404/fallback SPA.","src/pages/NotFound.tsx + hosting fallback","Alto","No","Verificado HTTP 200; cuerpo coincide con index.html inicial y no con un 404 de servidor."
"https://bringasinsurance.com/2025/07/30/vdzu1k7vzd/","Rastreada: actualmente sin indexar","No","200","200","","No declarada en HTML inicial; SEO client-side solo al renderizar","noindex, nofollow (NotFound.tsx al renderizar)","No observado","No","No","URL spam, hackeada o generada por error","No redirigir a la home; bloquear/eliminar en hosting y devolver 410 cuando se confirme que no existe reemplazo. El 200 actual es un soft 404/fallback SPA.","src/pages/NotFound.tsx + hosting fallback","Alto","No","Verificado HTTP 200; cuerpo coincide con index.html inicial y no con un 404 de servidor."
"https://bringasinsurance.com/2025/07/30/grab-how-to-play-double-down-casino-on-pc-tutorial-a1xgmli/","Rastreada: actualmente sin indexar","No","200","200","","No declarada en HTML inicial; SEO client-side solo al renderizar","noindex, nofollow (NotFound.tsx al renderizar)","No observado","No","No","URL spam, hackeada o generada por error","No redirigir a la home; bloquear/eliminar en hosting y devolver 410 cuando se confirme que no existe reemplazo. El 200 actual es un soft 404/fallback SPA.","src/pages/NotFound.tsx + hosting fallback","Alto","No","Verificado HTTP 200; cuerpo coincide con index.html inicial y no con un 404 de servidor."
"https://bringasinsurance.com/2025/07/30/9l9vpg6v/","Rastreada: actualmente sin indexar","No","200","200","","No declarada en HTML inicial; SEO client-side solo al renderizar","noindex, nofollow (NotFound.tsx al renderizar)","No observado","No","No","URL spam, hackeada o generada por error","No redirigir a la home; bloquear/eliminar en hosting y devolver 410 cuando se confirme que no existe reemplazo. El 200 actual es un soft 404/fallback SPA.","src/pages/NotFound.tsx + hosting fallback","Alto","No","Verificado HTTP 200; cuerpo coincide con index.html inicial y no con un 404 de servidor."
"https://bringasinsurance.com/contacto/","Rastreada: actualmente sin indexar","Sí","200","200","","https://bringasinsurance.com/contact","noindex, nofollow (NotFound.tsx al renderizar)","No observado","No","No","URL movida con reemplazo equivalente","Proponer 301/308 a /contact solo tras validar equivalencia comercial. El 200 actual es un soft 404/fallback SPA.","Hosting/configuración de redirects (no existe en repo)","Alto","No","Verificado HTTP 200; cuerpo coincide con index.html inicial y no con un 404 de servidor."
"https://bringasinsurance.com/?v=96265598020db4c","Rastreada: actualmente sin indexar","Sí","200","200","","https://bringasinsurance.com/","No observado en HTML inicial; sin noindex en SEO.tsx","No observado","Sí","Sí","Página válida que debe indexarse","Mantener 200, canonical autorreferente y enlace interno.","src/App.tsx + src/components/SEO.tsx","Medio","No","URL con parámetros; evaluar señales y enlaces que los generan."
"https://bringasinsurance.com/2025/07/30/prime-vjkekb-new-match-masters-free-gifts-1000-coins-and-zs9n6or/","Rastreada: actualmente sin indexar","No","200","200","","No declarada en HTML inicial; SEO client-side solo al renderizar","noindex, nofollow (NotFound.tsx al renderizar)","No observado","No","No","URL spam, hackeada o generada por error","No redirigir a la home; bloquear/eliminar en hosting y devolver 410 cuando se confirme que no existe reemplazo. El 200 actual es un soft 404/fallback SPA.","src/pages/NotFound.tsx + hosting fallback","Alto","No","Verificado HTTP 200; cuerpo coincide con index.html inicial y no con un 404 de servidor."
"https://bringasinsurance.com/2025/07/30/v3nxiwls/","Rastreada: actualmente sin indexar","No","200","200","","No declarada en HTML inicial; SEO client-side solo al renderizar","noindex, nofollow (NotFound.tsx al renderizar)","No observado","No","No","URL spam, hackeada o generada por error","No redirigir a la home; bloquear/eliminar en hosting y devolver 410 cuando se confirme que no existe reemplazo. El 200 actual es un soft 404/fallback SPA.","src/pages/NotFound.tsx + hosting fallback","Alto","No","Verificado HTTP 200; cuerpo coincide con index.html inicial y no con un 404 de servidor."
"https://bringasinsurance.com/v3nxiwls","Rastreada: actualmente sin indexar","No verificable","200","200","","No declarada en HTML inicial; SEO client-side solo al renderizar","noindex, nofollow (NotFound.tsx al renderizar)","No observado","No","No","Problema cuyo origen está fuera del repositorio","Revisar routing/hosting, logs y configuración de despliegue. El 200 actual es un soft 404/fallback SPA.","src/pages/NotFound.tsx + hosting fallback","Alto","No","Verificado HTTP 200; cuerpo coincide con index.html inicial y no con un 404 de servidor."
"https://bringasinsurance.com/category/lightning-link-casino-free-coins/feed/","Rastreada: actualmente sin indexar","No","200","200","","No declarada en HTML inicial; SEO client-side solo al renderizar","noindex, nofollow (NotFound.tsx al renderizar)","No observado","No","No","URL spam, hackeada o generada por error","No redirigir a la home; bloquear/eliminar en hosting y devolver 410 cuando se confirme que no existe reemplazo. El 200 actual es un soft 404/fallback SPA.","src/pages/NotFound.tsx + hosting fallback","Alto","No","Verificado HTTP 200; cuerpo coincide con index.html inicial y no con un 404 de servidor."
"https://bringasinsurance.com/?v=046590382b0c27e","Rastreada: actualmente sin indexar","Sí","200","200","","https://bringasinsurance.com/","No observado en HTML inicial; sin noindex en SEO.tsx","No observado","Sí","Sí","Página válida que debe indexarse","Mantener 200, canonical autorreferente y enlace interno.","src/App.tsx + src/components/SEO.tsx","Medio","No","URL con parámetros; evaluar señales y enlaces que los generan."
"https://bringasinsurance.com/2025/07/30/exclusive-top-ways-to-get-chips-in-2025-shd0m8e/","Rastreada: actualmente sin indexar","No","200","200","","No declarada en HTML inicial; SEO client-side solo al renderizar","noindex, nofollow (NotFound.tsx al renderizar)","No observado","No","No","URL spam, hackeada o generada por error","No redirigir a la home; bloquear/eliminar en hosting y devolver 410 cuando se confirme que no existe reemplazo. El 200 actual es un soft 404/fallback SPA.","src/pages/NotFound.tsx + hosting fallback","Alto","No","Verificado HTTP 200; cuerpo coincide con index.html inicial y no con un 404 de servidor."
"https://bringasinsurance.com/?v=98962570484c764","Rastreada: actualmente sin indexar","Sí","200","200","","https://bringasinsurance.com/","No observado en HTML inicial; sin noindex en SEO.tsx","No observado","Sí","Sí","Página válida que debe indexarse","Mantener 200, canonical autorreferente y enlace interno.","src/App.tsx + src/components/SEO.tsx","Medio","No","URL con parámetros; evaluar señales y enlaces que los generan."
"https://bringasinsurance.com/?v=648746808e5cd8e","Rastreada: actualmente sin indexar","Sí","200","200","","https://bringasinsurance.com/","No observado en HTML inicial; sin noindex en SEO.tsx","No observado","Sí","Sí","Página válida que debe indexarse","Mantener 200, canonical autorreferente y enlace interno.","src/App.tsx + src/components/SEO.tsx","Medio","No","URL con parámetros; evaluar señales y enlaces que los generan."
"https://bringasinsurance.com/2025/07/30/crush-it-with-free-brawl-stars-crystals/","Rastreada: actualmente sin indexar","No","200","200","","No declarada en HTML inicial; SEO client-side solo al renderizar","noindex, nofollow (NotFound.tsx al renderizar)","No observado","No","No","URL spam, hackeada o generada por error","No redirigir a la home; bloquear/eliminar en hosting y devolver 410 cuando se confirme que no existe reemplazo. El 200 actual es un soft 404/fallback SPA.","src/pages/NotFound.tsx + hosting fallback","Alto","No","Verificado HTTP 200; cuerpo coincide con index.html inicial y no con un 404 de servidor."
"https://bringasinsurance.com/2025/07/30/jfszderkj/","Rastreada: actualmente sin indexar","No","200","200","","No declarada en HTML inicial; SEO client-side solo al renderizar","noindex, nofollow (NotFound.tsx al renderizar)","No observado","No","No","URL spam, hackeada o generada por error","No redirigir a la home; bloquear/eliminar en hosting y devolver 410 cuando se confirme que no existe reemplazo. El 200 actual es un soft 404/fallback SPA.","src/pages/NotFound.tsx + hosting fallback","Alto","No","Verificado HTTP 200; cuerpo coincide con index.html inicial y no con un 404 de servidor."
"https://bringasinsurance.com/2025/08/07/doubledown-free-unlimited-chips-no-verification-nh6c88n/","Rastreada: actualmente sin indexar","No","200","200","","No declarada en HTML inicial; SEO client-side solo al renderizar","noindex, nofollow (NotFound.tsx al renderizar)","No observado","No","No","URL spam, hackeada o generada por error","No redirigir a la home; bloquear/eliminar en hosting y devolver 410 cuando se confirme que no existe reemplazo. El 200 actual es un soft 404/fallback SPA.","src/pages/NotFound.tsx + hosting fallback","Alto","No","Verificado HTTP 200; cuerpo coincide con index.html inicial y no con un 404 de servidor."
"https://bringasinsurance.com/2025/08/08/🎲-🚀-how-to-get-free-coins-in-lightning-link-casino-2025-easy-no-scam-💎-abjayi/","Rastreada: actualmente sin indexar","No","200","200","","No declarada en HTML inicial; SEO client-side solo al renderizar","noindex, nofollow (NotFound.tsx al renderizar)","No observado","No","No","URL spam, hackeada o generada por error","No redirigir a la home; bloquear/eliminar en hosting y devolver 410 cuando se confirme que no existe reemplazo. El 200 actual es un soft 404/fallback SPA.","src/pages/NotFound.tsx + hosting fallback","Alto","No","Verificado HTTP 200; cuerpo coincide con index.html inicial y no con un 404 de servidor."
"https://bringasinsurance.com/2025/07/30/top-ways-to-collect-free-brawl-stars-gems/","Rastreada: actualmente sin indexar","No","200","200","","No declarada en HTML inicial; SEO client-side solo al renderizar","noindex, nofollow (NotFound.tsx al renderizar)","No observado","No","No","URL spam, hackeada o generada por error","No redirigir a la home; bloquear/eliminar en hosting y devolver 410 cuando se confirme que no existe reemplazo. El 200 actual es un soft 404/fallback SPA.","src/pages/NotFound.tsx + hosting fallback","Alto","No","Verificado HTTP 200; cuerpo coincide con index.html inicial y no con un 404 de servidor."
"https://bringasinsurance.com/2025/08/13/experience-the-thrill-of-gigadats-casino-play-online-in-english-from-canada/","Rastreada: actualmente sin indexar","No","200","200","","No declarada en HTML inicial; SEO client-side solo al renderizar","noindex, nofollow (NotFound.tsx al renderizar)","No observado","No","No","URL spam, hackeada o generada por error","No redirigir a la home; bloquear/eliminar en hosting y devolver 410 cuando se confirme que no existe reemplazo. El 200 actual es un soft 404/fallback SPA.","src/pages/NotFound.tsx + hosting fallback","Alto","No","Verificado HTTP 200; cuerpo coincide con index.html inicial y no con un 404 de servidor."
"https://bringasinsurance.com/98206213192.htm","Rastreada: actualmente sin indexar","No","404","404","","No declarada en HTML inicial; SEO client-side solo al renderizar","noindex, nofollow (NotFound.tsx al renderizar)","No observado","No","No","URL spam, hackeada o generada por error","No redirigir a la home; bloquear/eliminar en hosting y devolver 410 cuando se confirme que no existe reemplazo.","src/pages/NotFound.tsx + hosting fallback","Alto","No","Sin observaciones adicionales."
"https://bringasinsurance.com/2025/08/05/experience-englishspeaking-online-casinos-in-canada-play-at-gigadats-toprated-gambling-platform/","Rastreada: actualmente sin indexar","No","200","200","","No declarada en HTML inicial; SEO client-side solo al renderizar","noindex, nofollow (NotFound.tsx al renderizar)","No observado","No","No","URL spam, hackeada o generada por error","No redirigir a la home; bloquear/eliminar en hosting y devolver 410 cuando se confirme que no existe reemplazo. El 200 actual es un soft 404/fallback SPA.","src/pages/NotFound.tsx + hosting fallback","Alto","No","Verificado HTTP 200; cuerpo coincide con index.html inicial y no con un 404 de servidor."
"https://bringasinsurance.com/w22zmd5m","Rastreada: actualmente sin indexar","No verificable","200","200","","No declarada en HTML inicial; SEO client-side solo al renderizar","noindex, nofollow (NotFound.tsx al renderizar)","No observado","No","No","Problema cuyo origen está fuera del repositorio","Revisar routing/hosting, logs y configuración de despliegue. El 200 actual es un soft 404/fallback SPA.","src/pages/NotFound.tsx + hosting fallback","Alto","No","Verificado HTTP 200; cuerpo coincide con index.html inicial y no con un 404 de servidor."
"https://bringasinsurance.com/1uk3h46o","Rastreada: actualmente sin indexar","No verificable","200","200","","No declarada en HTML inicial; SEO client-side solo al renderizar","noindex, nofollow (NotFound.tsx al renderizar)","No observado","No","No","Problema cuyo origen está fuera del repositorio","Revisar routing/hosting, logs y configuración de despliegue. El 200 actual es un soft 404/fallback SPA.","src/pages/NotFound.tsx + hosting fallback","Alto","No","Verificado HTTP 200; cuerpo coincide con index.html inicial y no con un 404 de servidor."
"https://bringasinsurance.com/g1ajkimh","Rastreada: actualmente sin indexar","No verificable","200","200","","No declarada en HTML inicial; SEO client-side solo al renderizar","noindex, nofollow (NotFound.tsx al renderizar)","No observado","No","No","Problema cuyo origen está fuera del repositorio","Revisar routing/hosting, logs y configuración de despliegue. El 200 actual es un soft 404/fallback SPA.","src/pages/NotFound.tsx + hosting fallback","Alto","No","Verificado HTTP 200; cuerpo coincide con index.html inicial y no con un 404 de servidor."
"https://bringasinsurance.com/n98xa9pm","Rastreada: actualmente sin indexar","No verificable","200","200","","No declarada en HTML inicial; SEO client-side solo al renderizar","noindex, nofollow (NotFound.tsx al renderizar)","No observado","No","No","Problema cuyo origen está fuera del repositorio","Revisar routing/hosting, logs y configuración de despliegue. El 200 actual es un soft 404/fallback SPA.","src/pages/NotFound.tsx + hosting fallback","Alto","No","Verificado HTTP 200; cuerpo coincide con index.html inicial y no con un 404 de servidor."
"https://bringasinsurance.com/vviptrending-krtors-unlock-unlimited-resources-with-the-best-co-fypw1t3","Rastreada: actualmente sin indexar","No","200","200","","No declarada en HTML inicial; SEO client-side solo al renderizar","noindex, nofollow (NotFound.tsx al renderizar)","No observado","No","No","URL spam, hackeada o generada por error","No redirigir a la home; bloquear/eliminar en hosting y devolver 410 cuando se confirme que no existe reemplazo. El 200 actual es un soft 404/fallback SPA.","src/pages/NotFound.tsx + hosting fallback","Alto","No","Verificado HTTP 200; cuerpo coincide con index.html inicial y no con un 404 de servidor."
"https://bringasinsurance.com/1fvhbitd","Rastreada: actualmente sin indexar","No verificable","200","200","","No declarada en HTML inicial; SEO client-side solo al renderizar","noindex, nofollow (NotFound.tsx al renderizar)","No observado","No","No","Problema cuyo origen está fuera del repositorio","Revisar routing/hosting, logs y configuración de despliegue. El 200 actual es un soft 404/fallback SPA.","src/pages/NotFound.tsx + hosting fallback","Alto","No","Verificado HTTP 200; cuerpo coincide con index.html inicial y no con un 404 de servidor."
"https://bringasinsurance.com/2025/07/30/1fvhbitd/","Rastreada: actualmente sin indexar","No","200","200","","No declarada en HTML inicial; SEO client-side solo al renderizar","noindex, nofollow (NotFound.tsx al renderizar)","No observado","No","No","URL spam, hackeada o generada por error","No redirigir a la home; bloquear/eliminar en hosting y devolver 410 cuando se confirme que no existe reemplazo. El 200 actual es un soft 404/fallback SPA.","src/pages/NotFound.tsx + hosting fallback","Alto","No","Verificado HTTP 200; cuerpo coincide con index.html inicial y no con un 404 de servidor."
"https://bringasinsurance.com/vvipbest-fhsezn-unlock-unlimited-resources-with-the-best-co-qbn01ge","Rastreada: actualmente sin indexar","No","200","200","","No declarada en HTML inicial; SEO client-side solo al renderizar","noindex, nofollow (NotFound.tsx al renderizar)","No observado","No","No","URL spam, hackeada o generada por error","No redirigir a la home; bloquear/eliminar en hosting y devolver 410 cuando se confirme que no existe reemplazo. El 200 actual es un soft 404/fallback SPA.","src/pages/NotFound.tsx + hosting fallback","Alto","No","Verificado HTTP 200; cuerpo coincide con index.html inicial y no con un 404 de servidor."
"https://bringasinsurance.com/g8i3c7nv","Rastreada: actualmente sin indexar","No verificable","200","200","","No declarada en HTML inicial; SEO client-side solo al renderizar","noindex, nofollow (NotFound.tsx al renderizar)","No observado","No","No","Problema cuyo origen está fuera del repositorio","Revisar routing/hosting, logs y configuración de despliegue. El 200 actual es un soft 404/fallback SPA.","src/pages/NotFound.tsx + hosting fallback","Alto","No","Verificado HTTP 200; cuerpo coincide con index.html inicial y no con un 404 de servidor."
"https://bringasinsurance.com/2025/07/30/best-tricks-for-free-gems-in-brawl-stars/","Excluida por una etiqueta noindex","No","200","200","","No declarada en HTML inicial; SEO client-side solo al renderizar","noindex, nofollow (NotFound.tsx al renderizar)","No observado","No","No","URL spam, hackeada o generada por error","No redirigir a la home; bloquear/eliminar en hosting y devolver 410 cuando se confirme que no existe reemplazo. El 200 actual es un soft 404/fallback SPA.","src/pages/NotFound.tsx + hosting fallback","Alto","No","Verificado HTTP 200; cuerpo coincide con index.html inicial y no con un 404 de servidor."
"https://bringasinsurance.com/es/","Excluida por una etiqueta noindex","No verificable","200","200","","No declarada en HTML inicial; SEO client-side solo al renderizar","noindex, nofollow (NotFound.tsx al renderizar)","No observado","No","No","Problema cuyo origen está fuera del repositorio","Revisar routing/hosting, logs y configuración de despliegue. El 200 actual es un soft 404/fallback SPA.","src/pages/NotFound.tsx + hosting fallback","Alto","No","Verificado HTTP 200; cuerpo coincide con index.html inicial y no con un 404 de servidor."
"https://bringasinsurance.com/seguro-para-casas-prefabricadas-en-seattle-washington/","Excluida por una etiqueta noindex","No verificable","200","200","","No declarada en HTML inicial; SEO client-side solo al renderizar","noindex, nofollow (NotFound.tsx al renderizar)","No observado","No","No","Problema cuyo origen está fuera del repositorio","Revisar routing/hosting, logs y configuración de despliegue. El 200 actual es un soft 404/fallback SPA.","src/pages/NotFound.tsx + hosting fallback","Alto","No","Verificado HTTP 200; cuerpo coincide con index.html inicial y no con un 404 de servidor."
"https://bringasinsurance.com/2025/08/12/wazamba-casino-withdrawals-και-χρόνος-αναλήψεων-dbf379d0/","Excluida por una etiqueta noindex","No","200","200","","No declarada en HTML inicial; SEO client-side solo al renderizar","noindex, nofollow (NotFound.tsx al renderizar)","No observado","No","No","URL spam, hackeada o generada por error","No redirigir a la home; bloquear/eliminar en hosting y devolver 410 cuando se confirme que no existe reemplazo. El 200 actual es un soft 404/fallback SPA.","src/pages/NotFound.tsx + hosting fallback","Alto","No","Verificado HTTP 200; cuerpo coincide con index.html inicial y no con un 404 de servidor."
"https://bringasinsurance.com/2025/07/30/szhigm-board-kings-cheats-free-gems-generator-2024-no-verification-new-method/feed/","Excluida por una etiqueta noindex","No","200","200","","No declarada en HTML inicial; SEO client-side solo al renderizar","noindex, nofollow (NotFound.tsx al renderizar)","No observado","No","No","URL spam, hackeada o generada por error","No redirigir a la home; bloquear/eliminar en hosting y devolver 410 cuando se confirme que no existe reemplazo. El 200 actual es un soft 404/fallback SPA.","src/pages/NotFound.tsx + hosting fallback","Alto","No","Verificado HTTP 200; cuerpo coincide con index.html inicial y no con un 404 de servidor."
"https://bringasinsurance.com/2025/08/08/inicia-sesion-en-1win-casino-juega-al-casino-en-linea-en-espanol-para-argentina/feed/","Excluida por una etiqueta noindex","No","200","200","","No declarada en HTML inicial; SEO client-side solo al renderizar","noindex, nofollow (NotFound.tsx al renderizar)","No observado","No","No","URL spam, hackeada o generada por error","No redirigir a la home; bloquear/eliminar en hosting y devolver 410 cuando se confirme que no existe reemplazo. El 200 actual es un soft 404/fallback SPA.","src/pages/NotFound.tsx + hosting fallback","Alto","No","Verificado HTTP 200; cuerpo coincide con index.html inicial y no con un 404 de servidor."
"https://bringasinsurance.com/2025/07/30/best-win-bonus-coins-in-events-how-to-lvzlbcs/feed/","Excluida por una etiqueta noindex","No","200","200","","No declarada en HTML inicial; SEO client-side solo al renderizar","noindex, nofollow (NotFound.tsx al renderizar)","No observado","No","No","URL spam, hackeada o generada por error","No redirigir a la home; bloquear/eliminar en hosting y devolver 410 cuando se confirme que no existe reemplazo. El 200 actual es un soft 404/fallback SPA.","src/pages/NotFound.tsx + hosting fallback","Alto","No","Verificado HTTP 200; cuerpo coincide con index.html inicial y no con un 404 de servidor."
"https://bringasinsurance.com/category/lightning-link-casino-free-coins/","Excluida por una etiqueta noindex","No","200","200","","No declarada en HTML inicial; SEO client-side solo al renderizar","noindex, nofollow (NotFound.tsx al renderizar)","No observado","No","No","URL spam, hackeada o generada por error","No redirigir a la home; bloquear/eliminar en hosting y devolver 410 cuando se confirme que no existe reemplazo. El 200 actual es un soft 404/fallback SPA.","src/pages/NotFound.tsx + hosting fallback","Alto","No","Verificado HTTP 200; cuerpo coincide con index.html inicial y no con un 404 de servidor."
"https://bringasinsurance.com/2025/07/30/v8pwr8l73/feed/","Excluida por una etiqueta noindex","No","200","200","","No declarada en HTML inicial; SEO client-side solo al renderizar","noindex, nofollow (NotFound.tsx al renderizar)","No observado","No","No","URL spam, hackeada o generada por error","No redirigir a la home; bloquear/eliminar en hosting y devolver 410 cuando se confirme que no existe reemplazo. El 200 actual es un soft 404/fallback SPA.","src/pages/NotFound.tsx + hosting fallback","Alto","No","Verificado HTTP 200; cuerpo coincide con index.html inicial y no con un 404 de servidor."
"https://bringasinsurance.com/2025/07/30/9mbbbbqh/feed/","Excluida por una etiqueta noindex","No","200","200","","No declarada en HTML inicial; SEO client-side solo al renderizar","noindex, nofollow (NotFound.tsx al renderizar)","No observado","No","No","URL spam, hackeada o generada por error","No redirigir a la home; bloquear/eliminar en hosting y devolver 410 cuando se confirme que no existe reemplazo. El 200 actual es un soft 404/fallback SPA.","src/pages/NotFound.tsx + hosting fallback","Alto","No","Verificado HTTP 200; cuerpo coincide con index.html inicial y no con un 404 de servidor."
"https://bringasinsurance.com/2025/08/10/🏆-🚀-how-to-get-free-coins-in-lightning-link-casino-2025-easy-no-scam-💎-qlqztw/feed/","Excluida por una etiqueta noindex","No","200","200","","No declarada en HTML inicial; SEO client-side solo al renderizar","noindex, nofollow (NotFound.tsx al renderizar)","No observado","No","No","URL spam, hackeada o generada por error","No redirigir a la home; bloquear/eliminar en hosting y devolver 410 cuando se confirme que no existe reemplazo. El 200 actual es un soft 404/fallback SPA.","src/pages/NotFound.tsx + hosting fallback","Alto","No","Verificado HTTP 200; cuerpo coincide con index.html inicial y no con un 404 de servidor."
"https://bringasinsurance.com/2025/08/08/🏆-🚀-how-to-get-free-coins-in-lightning-link-casino-2025-easy-no-scam-💎-aauhre/feed/","Excluida por una etiqueta noindex","No","200","200","","No declarada en HTML inicial; SEO client-side solo al renderizar","noindex, nofollow (NotFound.tsx al renderizar)","No observado","No","No","URL spam, hackeada o generada por error","No redirigir a la home; bloquear/eliminar en hosting y devolver 410 cuando se confirme que no existe reemplazo. El 200 actual es un soft 404/fallback SPA.","src/pages/NotFound.tsx + hosting fallback","Alto","No","Verificado HTTP 200; cuerpo coincide con index.html inicial y no con un 404 de servidor."
"https://bringasinsurance.com/2025/07/30/epic-claim-double-down-casino-chips-no-verification-fz3ipjx/feed/","Excluida por una etiqueta noindex","No","200","200","","No declarada en HTML inicial; SEO client-side solo al renderizar","noindex, nofollow (NotFound.tsx al renderizar)","No observado","No","No","URL spam, hackeada o generada por error","No redirigir a la home; bloquear/eliminar en hosting y devolver 410 cuando se confirme que no existe reemplazo. El 200 actual es un soft 404/fallback SPA.","src/pages/NotFound.tsx + hosting fallback","Alto","No","Verificado HTTP 200; cuerpo coincide con index.html inicial y no con un 404 de servidor."
"https://bringasinsurance.com/2025/08/10/vcga9mghh/feed/","Excluida por una etiqueta noindex","No","200","200","","No declarada en HTML inicial; SEO client-side solo al renderizar","noindex, nofollow (NotFound.tsx al renderizar)","No observado","No","No","URL spam, hackeada o generada por error","No redirigir a la home; bloquear/eliminar en hosting y devolver 410 cuando se confirme que no existe reemplazo. El 200 actual es un soft 404/fallback SPA.","src/pages/NotFound.tsx + hosting fallback","Alto","No","Verificado HTTP 200; cuerpo coincide con index.html inicial y no con un 404 de servidor."
"https://bringasinsurance.com/category/uncategorized/","Excluida por una etiqueta noindex","No","200","200","","No declarada en HTML inicial; SEO client-side solo al renderizar","noindex, nofollow (NotFound.tsx al renderizar)","No observado","No","No","URL spam, hackeada o generada por error","No redirigir a la home; bloquear/eliminar en hosting y devolver 410 cuando se confirme que no existe reemplazo. El 200 actual es un soft 404/fallback SPA.","src/pages/NotFound.tsx + hosting fallback","Alto","No","Verificado HTTP 200; cuerpo coincide con index.html inicial y no con un 404 de servidor."
"https://bringasinsurance.com/2025/07/30/experience-avia-masters-slot-play-win-big-in-english-online-casino-for-new-zealand-players/feed/","Excluida por una etiqueta noindex","No","200","200","","No declarada en HTML inicial; SEO client-side solo al renderizar","noindex, nofollow (NotFound.tsx al renderizar)","No observado","No","No","URL spam, hackeada o generada por error","No redirigir a la home; bloquear/eliminar en hosting y devolver 410 cuando se confirme que no existe reemplazo. El 200 actual es un soft 404/fallback SPA.","src/pages/NotFound.tsx + hosting fallback","Alto","No","Verificado HTTP 200; cuerpo coincide con index.html inicial y no con un 404 de servidor."
"https://bringasinsurance.com/2025/07/30/🎯-how-to-get-free-amazon-gift-cards-easily-no-scam-just-rewards-x7bxt7/feed/","Excluida por una etiqueta noindex","No","200","200","","No declarada en HTML inicial; SEO client-side solo al renderizar","noindex, nofollow (NotFound.tsx al renderizar)","No observado","No","No","URL spam, hackeada o generada por error","No redirigir a la home; bloquear/eliminar en hosting y devolver 410 cuando se confirme que no existe reemplazo. El 200 actual es un soft 404/fallback SPA.","src/pages/NotFound.tsx + hosting fallback","Alto","No","Verificado HTTP 200; cuerpo coincide con index.html inicial y no con un 404 de servidor."
"https://bringasinsurance.com/2025/07/30/8-ways-to-get-free-dice-dream-rolls-links-2025-ultimate-method-j64vsb/feed/","Excluida por una etiqueta noindex","No","200","200","","No declarada en HTML inicial; SEO client-side solo al renderizar","noindex, nofollow (NotFound.tsx al renderizar)","No observado","No","No","URL spam, hackeada o generada por error","No redirigir a la home; bloquear/eliminar en hosting y devolver 410 cuando se confirme que no existe reemplazo. El 200 actual es un soft 404/fallback SPA.","src/pages/NotFound.tsx + hosting fallback","Alto","No","Verificado HTTP 200; cuerpo coincide con index.html inicial y no con un 404 de servidor."
"https://bringasinsurance.com/2025/07/30/xwxd0fo8/feed/","Excluida por una etiqueta noindex","No","200","200","","No declarada en HTML inicial; SEO client-side solo al renderizar","noindex, nofollow (NotFound.tsx al renderizar)","No observado","No","No","URL spam, hackeada o generada por error","No redirigir a la home; bloquear/eliminar en hosting y devolver 410 cuando se confirme que no existe reemplazo. El 200 actual es un soft 404/fallback SPA.","src/pages/NotFound.tsx + hosting fallback","Alto","No","Verificado HTTP 200; cuerpo coincide con index.html inicial y no con un 404 de servidor."
"https://bringasinsurance.com/2025/07/30/1uk3h46o/feed/","Excluida por una etiqueta noindex","No","200","200","","No declarada en HTML inicial; SEO client-side solo al renderizar","noindex, nofollow (NotFound.tsx al renderizar)","No observado","No","No","URL spam, hackeada o generada por error","No redirigir a la home; bloquear/eliminar en hosting y devolver 410 cuando se confirme que no existe reemplazo. El 200 actual es un soft 404/fallback SPA.","src/pages/NotFound.tsx + hosting fallback","Alto","No","Verificado HTTP 200; cuerpo coincide con index.html inicial y no con un 404 de servidor."
"https://bringasinsurance.com/2025/07/30/new-steps-to-get-free-cash-frenzy-coins-legally-3eh9f8k/feed/","Excluida por una etiqueta noindex","No","200","200","","No declarada en HTML inicial; SEO client-side solo al renderizar","noindex, nofollow (NotFound.tsx al renderizar)","No observado","No","No","URL spam, hackeada o generada por error","No redirigir a la home; bloquear/eliminar en hosting y devolver 410 cuando se confirme que no existe reemplazo. El 200 actual es un soft 404/fallback SPA.","src/pages/NotFound.tsx + hosting fallback","Alto","No","Verificado HTTP 200; cuerpo coincide con index.html inicial y no con un 404 de servidor."
"https://bringasinsurance.com/2025/07/30/jfszderkj/feed/","Excluida por una etiqueta noindex","No","200","200","","No declarada en HTML inicial; SEO client-side solo al renderizar","noindex, nofollow (NotFound.tsx al renderizar)","No observado","No","No","URL spam, hackeada o generada por error","No redirigir a la home; bloquear/eliminar en hosting y devolver 410 cuando se confirme que no existe reemplazo. El 200 actual es un soft 404/fallback SPA.","src/pages/NotFound.tsx + hosting fallback","Alto","No","Verificado HTTP 200; cuerpo coincide con index.html inicial y no con un 404 de servidor."
"https://bringasinsurance.com/2025/07/30/crush-it-with-free-brawl-stars-crystals/feed/","Excluida por una etiqueta noindex","No","200","200","","No declarada en HTML inicial; SEO client-side solo al renderizar","noindex, nofollow (NotFound.tsx al renderizar)","No observado","No","No","URL spam, hackeada o generada por error","No redirigir a la home; bloquear/eliminar en hosting y devolver 410 cuando se confirme que no existe reemplazo. El 200 actual es un soft 404/fallback SPA.","src/pages/NotFound.tsx + hosting fallback","Alto","No","Verificado HTTP 200; cuerpo coincide con index.html inicial y no con un 404 de servidor."
"https://bringasinsurance.com/2025/07/30/epic-how-to-play-cash-frenzy-on-pc-guide-kzqiq4t/feed/","Excluida por una etiqueta noindex","No","200","200","","No declarada en HTML inicial; SEO client-side solo al renderizar","noindex, nofollow (NotFound.tsx al renderizar)","No observado","No","No","URL spam, hackeada o generada por error","No redirigir a la home; bloquear/eliminar en hosting y devolver 410 cuando se confirme que no existe reemplazo. El 200 actual es un soft 404/fallback SPA.","src/pages/NotFound.tsx + hosting fallback","Alto","No","Verificado HTTP 200; cuerpo coincide con index.html inicial y no con un 404 de servidor."
"https://bringasinsurance.com/category/uncategorized/page/27/","Excluida por una etiqueta noindex","No","200","200","","No declarada en HTML inicial; SEO client-side solo al renderizar","noindex, nofollow (NotFound.tsx al renderizar)","No observado","No","No","URL spam, hackeada o generada por error","No redirigir a la home; bloquear/eliminar en hosting y devolver 410 cuando se confirme que no existe reemplazo. El 200 actual es un soft 404/fallback SPA.","src/pages/NotFound.tsx + hosting fallback","Alto","No","Verificado HTTP 200; cuerpo coincide con index.html inicial y no con un 404 de servidor."
"https://bringasinsurance.com/category/uncategorized/page/19/","Excluida por una etiqueta noindex","No","200","200","","No declarada en HTML inicial; SEO client-side solo al renderizar","noindex, nofollow (NotFound.tsx al renderizar)","No observado","No","No","URL spam, hackeada o generada por error","No redirigir a la home; bloquear/eliminar en hosting y devolver 410 cuando se confirme que no existe reemplazo. El 200 actual es un soft 404/fallback SPA.","src/pages/NotFound.tsx + hosting fallback","Alto","No","Verificado HTTP 200; cuerpo coincide con index.html inicial y no con un 404 de servidor."
"https://bringasinsurance.com/category/uncategorized/page/3/","Excluida por una etiqueta noindex","No","200","200","","No declarada en HTML inicial; SEO client-side solo al renderizar","noindex, nofollow (NotFound.tsx al renderizar)","No observado","No","No","URL spam, hackeada o generada por error","No redirigir a la home; bloquear/eliminar en hosting y devolver 410 cuando se confirme que no existe reemplazo. El 200 actual es un soft 404/fallback SPA.","src/pages/NotFound.tsx + hosting fallback","Alto","No","Verificado HTTP 200; cuerpo coincide con index.html inicial y no con un 404 de servidor."
"https://bringasinsurance.com/?tid=EPD86ss00Q0J9dndxqr3gD_wZWINOybdBeO","Página alternativa con etiqueta canónica adecuada","Sí","200","200","","https://bringasinsurance.com/","No observado en HTML inicial; sin noindex en SEO.tsx","No observado","Sí","Sí","Página válida que debe indexarse","Mantener 200, canonical autorreferente y enlace interno.","src/App.tsx + src/components/SEO.tsx","Medio","No","URL con parámetros; evaluar señales y enlaces que los generan."
"https://bringasinsurance.com/?tid=EPD86ss00Q0J9dndxqr3gD_VtPvvM6aDqBr","Página alternativa con etiqueta canónica adecuada","Sí","200","200","","https://bringasinsurance.com/","No observado en HTML inicial; sin noindex en SEO.tsx","No observado","Sí","Sí","Página válida que debe indexarse","Mantener 200, canonical autorreferente y enlace interno.","src/App.tsx + src/components/SEO.tsx","Medio","No","URL con parámetros; evaluar señales y enlaces que los generan."
"https://bringasinsurance.com/?v=0096738646fe59e","Página alternativa con etiqueta canónica adecuada","Sí","200","200","","https://bringasinsurance.com/","No observado en HTML inicial; sin noindex en SEO.tsx","No observado","Sí","Sí","Página válida que debe indexarse","Mantener 200, canonical autorreferente y enlace interno.","src/App.tsx + src/components/SEO.tsx","Medio","No","URL con parámetros; evaluar señales y enlaces que los generan."
"https://bringasinsurance.com/?v=012170266474fb99","Página alternativa con etiqueta canónica adecuada","Sí","200","200","","https://bringasinsurance.com/","No observado en HTML inicial; sin noindex en SEO.tsx","No observado","Sí","Sí","Página válida que debe indexarse","Mantener 200, canonical autorreferente y enlace interno.","src/App.tsx + src/components/SEO.tsx","Medio","No","URL con parámetros; evaluar señales y enlaces que los generan."
"https://bringasinsurance.com/?v=811925920df7724","Página alternativa con etiqueta canónica adecuada","Sí","200","200","","https://bringasinsurance.com/","No observado en HTML inicial; sin noindex en SEO.tsx","No observado","Sí","Sí","Página válida que debe indexarse","Mantener 200, canonical autorreferente y enlace interno.","src/App.tsx + src/components/SEO.tsx","Medio","No","URL con parámetros; evaluar señales y enlaces que los generan."
"https://bringasinsurance.com/?v=10618775608d8855","Página alternativa con etiqueta canónica adecuada","Sí","200","200","","https://bringasinsurance.com/","No observado en HTML inicial; sin noindex en SEO.tsx","No observado","Sí","Sí","Página válida que debe indexarse","Mantener 200, canonical autorreferente y enlace interno.","src/App.tsx + src/components/SEO.tsx","Medio","No","URL con parámetros; evaluar señales y enlaces que los generan."
"https://bringasinsurance.com/?v=223725304a3bcfe","Página alternativa con etiqueta canónica adecuada","Sí","200","200","","https://bringasinsurance.com/","No observado en HTML inicial; sin noindex en SEO.tsx","No observado","Sí","Sí","Página válida que debe indexarse","Mantener 200, canonical autorreferente y enlace interno.","src/App.tsx + src/components/SEO.tsx","Medio","No","URL con parámetros; evaluar señales y enlaces que los generan."
"https://bringasinsurance.com/?v=8751851840484028","Página alternativa con etiqueta canónica adecuada","Sí","200","200","","https://bringasinsurance.com/","No observado en HTML inicial; sin noindex en SEO.tsx","No observado","Sí","Sí","Página válida que debe indexarse","Mantener 200, canonical autorreferente y enlace interno.","src/App.tsx + src/components/SEO.tsx","Medio","No","URL con parámetros; evaluar señales y enlaces que los generan."
"https://bringasinsurance.com/?v=340658432d0e460","Página alternativa con etiqueta canónica adecuada","Sí","200","200","","https://bringasinsurance.com/","No observado en HTML inicial; sin noindex en SEO.tsx","No observado","Sí","Sí","Página válida que debe indexarse","Mantener 200, canonical autorreferente y enlace interno.","src/App.tsx + src/components/SEO.tsx","Medio","No","URL con parámetros; evaluar señales y enlaces que los generan."
"https://bringasinsurance.com/?v=1733008d5444b","Página alternativa con etiqueta canónica adecuada","Sí","200","200","","https://bringasinsurance.com/","No observado en HTML inicial; sin noindex en SEO.tsx","No observado","Sí","Sí","Página válida que debe indexarse","Mantener 200, canonical autorreferente y enlace interno.","src/App.tsx + src/components/SEO.tsx","Medio","No","URL con parámetros; evaluar señales y enlaces que los generan."
"https://bringasinsurance.com/?v=6001527768e74779","Página alternativa con etiqueta canónica adecuada","Sí","200","200","","https://bringasinsurance.com/","No observado en HTML inicial; sin noindex en SEO.tsx","No observado","Sí","Sí","Página válida que debe indexarse","Mantener 200, canonical autorreferente y enlace interno.","src/App.tsx + src/components/SEO.tsx","Medio","No","URL con parámetros; evaluar señales y enlaces que los generan."
"https://bringasinsurance.com/?v=7081240922c63830","Página alternativa con etiqueta canónica adecuada","Sí","200","200","","https://bringasinsurance.com/","No observado en HTML inicial; sin noindex en SEO.tsx","No observado","Sí","Sí","Página válida que debe indexarse","Mantener 200, canonical autorreferente y enlace interno.","src/App.tsx + src/components/SEO.tsx","Medio","No","URL con parámetros; evaluar señales y enlaces que los generan."
"https://bringasinsurance.com/?v=4611799110cfd8fe","Página alternativa con etiqueta canónica adecuada","Sí","200","200","","https://bringasinsurance.com/","No observado en HTML inicial; sin noindex en SEO.tsx","No observado","Sí","Sí","Página válida que debe indexarse","Mantener 200, canonical autorreferente y enlace interno.","src/App.tsx + src/components/SEO.tsx","Medio","No","URL con parámetros; evaluar señales y enlaces que los generan."
"https://bringasinsurance.com/?v=2071417974da35c2","Página alternativa con etiqueta canónica adecuada","Sí","200","200","","https://bringasinsurance.com/","No observado en HTML inicial; sin noindex en SEO.tsx","No observado","Sí","Sí","Página válida que debe indexarse","Mantener 200, canonical autorreferente y enlace interno.","src/App.tsx + src/components/SEO.tsx","Medio","No","URL con parámetros; evaluar señales y enlaces que los generan."
"https://bringasinsurance.com/?v=0171614788c2ebf2","Página alternativa con etiqueta canónica adecuada","Sí","200","200","","https://bringasinsurance.com/","No observado en HTML inicial; sin noindex en SEO.tsx","No observado","Sí","Sí","Página válida que debe indexarse","Mantener 200, canonical autorreferente y enlace interno.","src/App.tsx + src/components/SEO.tsx","Medio","No","URL con parámetros; evaluar señales y enlaces que los generan."
"https://bringasinsurance.com/?v=9091514253c607d3","Página alternativa con etiqueta canónica adecuada","Sí","200","200","","https://bringasinsurance.com/","No observado en HTML inicial; sin noindex en SEO.tsx","No observado","Sí","Sí","Página válida que debe indexarse","Mantener 200, canonical autorreferente y enlace interno.","src/App.tsx + src/components/SEO.tsx","Medio","No","URL con parámetros; evaluar señales y enlaces que los generan."
"https://bringasinsurance.com/home-insurance/","Página alternativa con etiqueta canónica adecuada","Sí","200","200","","https://bringasinsurance.com/home-insurance","No observado en HTML inicial; sin noindex en SEO.tsx","No observado","Sí","Sí","Página válida que debe indexarse","Mantener 200, canonical autorreferente y enlace interno.","src/App.tsx + src/components/SEO.tsx","Medio","No","Sin observaciones adicionales."
"https://bringasinsurance.com/faq/","Página alternativa con etiqueta canónica adecuada","Revisar","200","200","","No declarada en HTML inicial; SEO client-side solo al renderizar","noindex, nofollow (NotFound.tsx al renderizar)","No observado","No","No","Caso que requiere revisión manual","Validar si hubo versión internacional/CMS anterior antes de decidir 301, 404 o 410. El 200 actual es un soft 404/fallback SPA.","src/pages/NotFound.tsx + hosting fallback","Alto","Sí","Verificado HTTP 200; cuerpo coincide con index.html inicial y no con un 404 de servidor."
"https://bringasinsurance.com/pagos/?lang=es","Página alternativa con etiqueta canónica adecuada","Sí","200","200","","https://bringasinsurance.com/pay-my-bill","noindex, nofollow (NotFound.tsx al renderizar)","No observado","No","No","URL movida con reemplazo equivalente","Proponer 301/308 a /pay-my-bill solo tras validar equivalencia comercial. El 200 actual es un soft 404/fallback SPA.","Hosting/configuración de redirects (no existe en repo)","Alto","No","Verificado HTTP 200; cuerpo coincide con index.html inicial y no con un 404 de servidor. URL con parámetros; evaluar señales y enlaces que los generan."
"https://bringasinsurance.com/51492160825.htm","Página alternativa con etiqueta canónica adecuada","No","404","404","","No declarada en HTML inicial; SEO client-side solo al renderizar","noindex, nofollow (NotFound.tsx al renderizar)","No observado","No","No","URL spam, hackeada o generada por error","No redirigir a la home; bloquear/eliminar en hosting y devolver 410 cuando se confirme que no existe reemplazo.","src/pages/NotFound.tsx + hosting fallback","Alto","No","Sin observaciones adicionales."
"https://bringasinsurance.com/14479200808.htm","Página alternativa con etiqueta canónica adecuada","No","404","404","","No declarada en HTML inicial; SEO client-side solo al renderizar","noindex, nofollow (NotFound.tsx al renderizar)","No observado","No","No","URL spam, hackeada o generada por error","No redirigir a la home; bloquear/eliminar en hosting y devolver 410 cuando se confirme que no existe reemplazo.","src/pages/NotFound.tsx + hosting fallback","Alto","No","Sin observaciones adicionales."
"https://bringasinsurance.com/51628132177.htm","Página alternativa con etiqueta canónica adecuada","No","404","404","","No declarada en HTML inicial; SEO client-side solo al renderizar","noindex, nofollow (NotFound.tsx al renderizar)","No observado","No","No","URL spam, hackeada o generada por error","No redirigir a la home; bloquear/eliminar en hosting y devolver 410 cuando se confirme que no existe reemplazo.","src/pages/NotFound.tsx + hosting fallback","Alto","No","Sin observaciones adicionales."
"https://bringasinsurance.com/144793355.htm","No se ha encontrado (404)","No","404","404","","No declarada en HTML inicial; SEO client-side solo al renderizar","noindex, nofollow (NotFound.tsx al renderizar)","No observado","No","No","URL spam, hackeada o generada por error","No redirigir a la home; bloquear/eliminar en hosting y devolver 410 cuando se confirme que no existe reemplazo.","src/pages/NotFound.tsx + hosting fallback","Alto","No","Sin observaciones adicionales."
"https://bringasinsurance.com/508095815.htm","No se ha encontrado (404)","No","404","404","","No declarada en HTML inicial; SEO client-side solo al renderizar","noindex, nofollow (NotFound.tsx al renderizar)","No observado","No","No","URL spam, hackeada o generada por error","No redirigir a la home; bloquear/eliminar en hosting y devolver 410 cuando se confirme que no existe reemplazo.","src/pages/NotFound.tsx + hosting fallback","Alto","No","Sin observaciones adicionales."
"https://bringasinsurance.com/516281828.htm","No se ha encontrado (404)","No","404","404","","No declarada en HTML inicial; SEO client-side solo al renderizar","noindex, nofollow (NotFound.tsx al renderizar)","No observado","No","No","URL spam, hackeada o generada por error","No redirigir a la home; bloquear/eliminar en hosting y devolver 410 cuando se confirme que no existe reemplazo.","src/pages/NotFound.tsx + hosting fallback","Alto","No","Sin observaciones adicionales."
"https://bringasinsurance.com/751824644.htm","No se ha encontrado (404)","No","404","404","","No declarada en HTML inicial; SEO client-side solo al renderizar","noindex, nofollow (NotFound.tsx al renderizar)","No observado","No","No","URL spam, hackeada o generada por error","No redirigir a la home; bloquear/eliminar en hosting y devolver 410 cuando se confirme que no existe reemplazo.","src/pages/NotFound.tsx + hosting fallback","Alto","No","Sin observaciones adicionales."
"https://bringasinsurance.com/shopdetail/0002cbf2ffe2.html","No se ha encontrado (404)","No","404","404","","No declarada en HTML inicial; SEO client-side solo al renderizar","noindex, nofollow (NotFound.tsx al renderizar)","No observado","No","No","URL spam, hackeada o generada por error","No redirigir a la home; bloquear/eliminar en hosting y devolver 410 cuando se confirme que no existe reemplazo.","src/pages/NotFound.tsx + hosting fallback","Alto","No","Sin observaciones adicionales."
"https://bringasinsurance.com/83352185062.htm","No se ha encontrado (404)","No","404","404","","No declarada en HTML inicial; SEO client-side solo al renderizar","noindex, nofollow (NotFound.tsx al renderizar)","No observado","No","No","URL spam, hackeada o generada por error","No redirigir a la home; bloquear/eliminar en hosting y devolver 410 cuando se confirme que no existe reemplazo.","src/pages/NotFound.tsx + hosting fallback","Alto","No","Sin observaciones adicionales."
"https://bringasinsurance.com/shopdetail/0002ccda2233.html","No se ha encontrado (404)","No","404","404","","No declarada en HTML inicial; SEO client-side solo al renderizar","noindex, nofollow (NotFound.tsx al renderizar)","No observado","No","No","URL spam, hackeada o generada por error","No redirigir a la home; bloquear/eliminar en hosting y devolver 410 cuando se confirme que no existe reemplazo.","src/pages/NotFound.tsx + hosting fallback","Alto","No","Sin observaciones adicionales."
"https://bringasinsurance.com/privacy/","No se ha encontrado (404)","Revisar","200","200","","No declarada en HTML inicial; SEO client-side solo al renderizar","noindex, nofollow (NotFound.tsx al renderizar)","No observado","No","No","Caso que requiere revisión manual","Validar si hubo versión internacional/CMS anterior antes de decidir 301, 404 o 410. El 200 actual es un soft 404/fallback SPA.","src/pages/NotFound.tsx + hosting fallback","Alto","Sí","Verificado HTTP 200; cuerpo coincide con index.html inicial y no con un 404 de servidor."
"https://bringasinsurance.com/shopdetail/0002caf8b4a6.html","No se ha encontrado (404)","No","404","404","","No declarada en HTML inicial; SEO client-side solo al renderizar","noindex, nofollow (NotFound.tsx al renderizar)","No observado","No","No","URL spam, hackeada o generada por error","No redirigir a la home; bloquear/eliminar en hosting y devolver 410 cuando se confirme que no existe reemplazo.","src/pages/NotFound.tsx + hosting fallback","Alto","No","Sin observaciones adicionales."
"https://bringasinsurance.com/shopdetail/0002cc0cc28b.html","No se ha encontrado (404)","No","404","404","","No declarada en HTML inicial; SEO client-side solo al renderizar","noindex, nofollow (NotFound.tsx al renderizar)","No observado","No","No","URL spam, hackeada o generada por error","No redirigir a la home; bloquear/eliminar en hosting y devolver 410 cuando se confirme que no existe reemplazo.","src/pages/NotFound.tsx + hosting fallback","Alto","No","Sin observaciones adicionales."
"https://bringasinsurance.com/shopdetail/0002cc54cec2.html","No se ha encontrado (404)","No","404","404","","No declarada en HTML inicial; SEO client-side solo al renderizar","noindex, nofollow (NotFound.tsx al renderizar)","No observado","No","No","URL spam, hackeada o generada por error","No redirigir a la home; bloquear/eliminar en hosting y devolver 410 cuando se confirme que no existe reemplazo.","src/pages/NotFound.tsx + hosting fallback","Alto","No","Sin observaciones adicionales."
"https://bringasinsurance.com/shop/cart/cart.aspx","No se ha encontrado (404)","No","404","404","","No declarada en HTML inicial; SEO client-side solo al renderizar","noindex, nofollow (NotFound.tsx al renderizar)","No observado","No","No","URL spam, hackeada o generada por error","No redirigir a la home; bloquear/eliminar en hosting y devolver 410 cuando se confirme que no existe reemplazo.","src/pages/NotFound.tsx + hosting fallback","Alto","No","Sin observaciones adicionales."
"https://bringasinsurance.com/shopdetail/0002cb385ae9.html","No se ha encontrado (404)","No","404","404","","No declarada en HTML inicial; SEO client-side solo al renderizar","noindex, nofollow (NotFound.tsx al renderizar)","No observado","No","No","URL spam, hackeada o generada por error","No redirigir a la home; bloquear/eliminar en hosting y devolver 410 cuando se confirme que no existe reemplazo.","src/pages/NotFound.tsx + hosting fallback","Alto","No","Sin observaciones adicionales."
"https://bringasinsurance.com/seguros-de-vida-en-seattle-washington/","Soft 404","Sí","200","200","","https://bringasinsurance.com/life-insurance","noindex, nofollow (NotFound.tsx al renderizar)","No observado","No","No","URL movida con reemplazo equivalente","Proponer 301/308 a /life-insurance solo tras validar equivalencia comercial. El 200 actual es un soft 404/fallback SPA.","Hosting/configuración de redirects (no existe en repo)","Alto","No","GSC: Soft 404 Verificado HTTP 200; cuerpo coincide con index.html inicial y no con un 404 de servidor."
"https://bringasinsurance.com/agentes-de-seguros-en-seattle-washington/","Soft 404","Sí","200","200","","https://bringasinsurance.com/about","noindex, nofollow (NotFound.tsx al renderizar)","No observado","No","No","URL movida con reemplazo equivalente","Proponer 301/308 a /about solo tras validar equivalencia comercial. El 200 actual es un soft 404/fallback SPA.","Hosting/configuración de redirects (no existe en repo)","Alto","No","GSC: Soft 404 Verificado HTTP 200; cuerpo coincide con index.html inicial y no con un 404 de servidor."
"https://bringasinsurance.com/2025/07/30/8-ways-to-get-free-dice-dream-rolls-links-2025-ultimate-method-6rifd1/","Soft 404","No","200","200","","No declarada en HTML inicial; SEO client-side solo al renderizar","noindex, nofollow (NotFound.tsx al renderizar)","No observado","No","No","URL spam, hackeada o generada por error","No redirigir a la home; bloquear/eliminar en hosting y devolver 410 cuando se confirme que no existe reemplazo. El 200 actual es un soft 404/fallback SPA.","src/pages/NotFound.tsx + hosting fallback","Alto","No","GSC: Soft 404 Verificado HTTP 200; cuerpo coincide con index.html inicial y no con un 404 de servidor."
"https://bringasinsurance.com/2025/07/30/win-best-strategies-to-get-coins-in-2025-qk1vqij/","Soft 404","No","200","200","","No declarada en HTML inicial; SEO client-side solo al renderizar","noindex, nofollow (NotFound.tsx al renderizar)","No observado","No","No","URL spam, hackeada o generada por error","No redirigir a la home; bloquear/eliminar en hosting y devolver 410 cuando se confirme que no existe reemplazo. El 200 actual es un soft 404/fallback SPA.","src/pages/NotFound.tsx + hosting fallback","Alto","No","GSC: Soft 404 Verificado HTTP 200; cuerpo coincide con index.html inicial y no con un 404 de servidor."
"https://bringasinsurance.com/restaurant-insurance-in-seattle-washington/","Soft 404","Sí","200","200","","https://bringasinsurance.com/restaurant-insurance","noindex, nofollow (NotFound.tsx al renderizar)","No observado","No","No","URL movida con reemplazo equivalente","Proponer 301/308 a /restaurant-insurance solo tras validar equivalencia comercial. El 200 actual es un soft 404/fallback SPA.","Hosting/configuración de redirects (no existe en repo)","Alto","No","GSC: Soft 404 Verificado HTTP 200; cuerpo coincide con index.html inicial y no con un 404 de servidor."
"https://bringasinsurance.com/2025/08/10/prime-bkluvn-bingo-bash-cheats-boost-your-winnings-with-869tip0/","Soft 404","No","200","200","","No declarada en HTML inicial; SEO client-side solo al renderizar","noindex, nofollow (NotFound.tsx al renderizar)","No observado","No","No","URL spam, hackeada o generada por error","No redirigir a la home; bloquear/eliminar en hosting y devolver 410 cuando se confirme que no existe reemplazo. El 200 actual es un soft 404/fallback SPA.","src/pages/NotFound.tsx + hosting fallback","Alto","No","GSC: Soft 404 Verificado HTTP 200; cuerpo coincide con index.html inicial y no con un 404 de servidor."
"https://bringasinsurance.com/renters-insurance-in-seattle-washington/","Soft 404","Sí","200","200","","https://bringasinsurance.com/renters-insurance","noindex, nofollow (NotFound.tsx al renderizar)","No observado","No","No","URL movida con reemplazo equivalente","Proponer 301/308 a /renters-insurance solo tras validar equivalencia comercial. El 200 actual es un soft 404/fallback SPA.","Hosting/configuración de redirects (no existe en repo)","Alto","No","GSC: Soft 404 Verificado HTTP 200; cuerpo coincide con index.html inicial y no con un 404 de servidor."
"https://bringasinsurance.com/2025/07/30/6lq72700/","Soft 404","No","200","200","","No declarada en HTML inicial; SEO client-side solo al renderizar","noindex, nofollow (NotFound.tsx al renderizar)","No observado","No","No","URL spam, hackeada o generada por error","No redirigir a la home; bloquear/eliminar en hosting y devolver 410 cuando se confirme que no existe reemplazo. El 200 actual es un soft 404/fallback SPA.","src/pages/NotFound.tsx + hosting fallback","Alto","No","GSC: Soft 404 Verificado HTTP 200; cuerpo coincide con index.html inicial y no con un 404 de servidor."
"https://bringasinsurance.com/general-insurance-in-seattle-washington/","Soft 404","Sí","200","200","","https://bringasinsurance.com/general-liability","noindex, nofollow (NotFound.tsx al renderizar)","No observado","No","No","URL movida con reemplazo equivalente","Proponer 301/308 a /general-liability solo tras validar equivalencia comercial. El 200 actual es un soft 404/fallback SPA.","Hosting/configuración de redirects (no existe en repo)","Alto","No","GSC: Soft 404 Verificado HTTP 200; cuerpo coincide con index.html inicial y no con un 404 de servidor."
"https://bringasinsurance.com/2025/08/07/vvipmega-joqzvn-unlock-unlimited-resources-with-the-best-co-ffhfhl7/","Soft 404","No","200","200","","No declarada en HTML inicial; SEO client-side solo al renderizar","noindex, nofollow (NotFound.tsx al renderizar)","No observado","No","No","URL spam, hackeada o generada por error","No redirigir a la home; bloquear/eliminar en hosting y devolver 410 cuando se confirme que no existe reemplazo. El 200 actual es un soft 404/fallback SPA.","src/pages/NotFound.tsx + hosting fallback","Alto","No","GSC: Soft 404 Verificado HTTP 200; cuerpo coincide con index.html inicial y no con un 404 de servidor."
"https://bringasinsurance.com/recreational-vehicle-insurance-in-seattle-washington/","Soft 404","Sí","200","200","","https://bringasinsurance.com/rv-insurance","noindex, nofollow (NotFound.tsx al renderizar)","No observado","No","No","URL movida con reemplazo equivalente","Proponer 301/308 a /rv-insurance solo tras validar equivalencia comercial. El 200 actual es un soft 404/fallback SPA.","Hosting/configuración de redirects (no existe en repo)","Alto","No","GSC: Soft 404 Verificado HTTP 200; cuerpo coincide con index.html inicial y no con un 404 de servidor."
"https://bringasinsurance.com/reward-wxvrce-8-ball-pool-free-coins-the-ultimate-guide-t-9osqrwe","Soft 404","No","200","200","","No declarada en HTML inicial; SEO client-side solo al renderizar","noindex, nofollow (NotFound.tsx al renderizar)","No observado","No","No","URL spam, hackeada o generada por error","No redirigir a la home; bloquear/eliminar en hosting y devolver 410 cuando se confirme que no existe reemplazo. El 200 actual es un soft 404/fallback SPA.","src/pages/NotFound.tsx + hosting fallback","Alto","No","GSC: Soft 404 Verificado HTTP 200; cuerpo coincide con index.html inicial y no con un 404 de servidor."
"https://bringasinsurance.com/2025/08/11/picture-your-mise-minimum-winamax-on-top-read-this-and-make-it-so/","Soft 404","No","200","200","","No declarada en HTML inicial; SEO client-side solo al renderizar","noindex, nofollow (NotFound.tsx al renderizar)","No observado","No","No","URL spam, hackeada o generada por error","No redirigir a la home; bloquear/eliminar en hosting y devolver 410 cuando se confirme que no existe reemplazo. El 200 actual es un soft 404/fallback SPA.","src/pages/NotFound.tsx + hosting fallback","Alto","No","GSC: Soft 404 Verificado HTTP 200; cuerpo coincide con index.html inicial y no con un 404 de servidor."
"https://bringasinsurance.com/2025/08/10/🏆-🚀-how-to-get-free-coins-in-lightning-link-casino-2025-easy-no-scam-💎-mhuqfo/","Soft 404","No","200","200","","No declarada en HTML inicial; SEO client-side solo al renderizar","noindex, nofollow (NotFound.tsx al renderizar)","No observado","No","No","URL spam, hackeada o generada por error","No redirigir a la home; bloquear/eliminar en hosting y devolver 410 cuando se confirme que no existe reemplazo. El 200 actual es un soft 404/fallback SPA.","src/pages/NotFound.tsx + hosting fallback","Alto","No","GSC: Soft 404 Verificado HTTP 200; cuerpo coincide con index.html inicial y no con un 404 de servidor."
"https://bringasinsurance.com/mega-esioqi-bingo-bash-cheats-boost-your-winnings-with-xfqn2cf","Soft 404","No","200","200","","No declarada en HTML inicial; SEO client-side solo al renderizar","noindex, nofollow (NotFound.tsx al renderizar)","No observado","No","No","URL spam, hackeada o generada por error","No redirigir a la home; bloquear/eliminar en hosting y devolver 410 cuando se confirme que no existe reemplazo. El 200 actual es un soft 404/fallback SPA.","src/pages/NotFound.tsx + hosting fallback","Alto","No","GSC: Soft 404 Verificado HTTP 200; cuerpo coincide con index.html inicial y no con un 404 de servidor."
"https://bringasinsurance.com/category/casinowazamba/","Soft 404","No","200","200","","No declarada en HTML inicial; SEO client-side solo al renderizar","noindex, nofollow (NotFound.tsx al renderizar)","No observado","No","No","URL spam, hackeada o generada por error","No redirigir a la home; bloquear/eliminar en hosting y devolver 410 cuando se confirme que no existe reemplazo. El 200 actual es un soft 404/fallback SPA.","src/pages/NotFound.tsx + hosting fallback","Alto","No","GSC: Soft 404 Verificado HTTP 200; cuerpo coincide con index.html inicial y no con un 404 de servidor."
"https://bringasinsurance.com/2025/08/10/🎯-🚀-how-to-get-free-coins-in-lightning-link-casino-2025-easy-no-scam-💎-naiaeo/","Soft 404","No","200","200","","No declarada en HTML inicial; SEO client-side solo al renderizar","noindex, nofollow (NotFound.tsx al renderizar)","No observado","No","No","URL spam, hackeada o generada por error","No redirigir a la home; bloquear/eliminar en hosting y devolver 410 cuando se confirme que no existe reemplazo. El 200 actual es un soft 404/fallback SPA.","src/pages/NotFound.tsx + hosting fallback","Alto","No","GSC: Soft 404 Verificado HTTP 200; cuerpo coincide con index.html inicial y no con un 404 de servidor."
"https://bringasinsurance.com/2025/08/04/experience-the-thrill-of-slots-charm-uk-play-toprated-casino-games-online-in-english-for-the-united-kingdom/feed/","Soft 404","No","200","200","","No declarada en HTML inicial; SEO client-side solo al renderizar","noindex, nofollow (NotFound.tsx al renderizar)","No observado","No","No","URL spam, hackeada o generada por error","No redirigir a la home; bloquear/eliminar en hosting y devolver 410 cuando se confirme que no existe reemplazo. El 200 actual es un soft 404/fallback SPA.","src/pages/NotFound.tsx + hosting fallback","Alto","No","GSC: Soft 404 Verificado HTTP 200; cuerpo coincide con index.html inicial y no con un 404 de servidor."
"https://bringasinsurance.com/2025/07/30/🎯-taonga-island-quest-snag-fast-free-loot-diamonds-this-2025-szn2q78d4-yd2jdk/feed/","Soft 404","No","200","200","","No declarada en HTML inicial; SEO client-side solo al renderizar","noindex, nofollow (NotFound.tsx al renderizar)","No observado","No","No","URL spam, hackeada o generada por error","No redirigir a la home; bloquear/eliminar en hosting y devolver 410 cuando se confirme que no existe reemplazo. El 200 actual es un soft 404/fallback SPA.","src/pages/NotFound.tsx + hosting fallback","Alto","No","GSC: Soft 404 Verificado HTTP 200; cuerpo coincide con index.html inicial y no con un 404 de servidor."
"https://bringasinsurance.com/2025/08/08/mega-esioqi-bingo-bash-cheats-boost-your-winnings-with-xfqn2cf/feed/","Soft 404","No","200","200","","No declarada en HTML inicial; SEO client-side solo al renderizar","noindex, nofollow (NotFound.tsx al renderizar)","No observado","No","No","URL spam, hackeada o generada por error","No redirigir a la home; bloquear/eliminar en hosting y devolver 410 cuando se confirme que no existe reemplazo. El 200 actual es un soft 404/fallback SPA.","src/pages/NotFound.tsx + hosting fallback","Alto","No","GSC: Soft 404 Verificado HTTP 200; cuerpo coincide con index.html inicial y no con un 404 de servidor."
"https://bringasinsurance.com/2025/08/08/top-how-many-robux-from-50-roblox-card-9v26vof/feed/","Soft 404","No","200","200","","No declarada en HTML inicial; SEO client-side solo al renderizar","noindex, nofollow (NotFound.tsx al renderizar)","No observado","No","No","URL spam, hackeada o generada por error","No redirigir a la home; bloquear/eliminar en hosting y devolver 410 cuando se confirme que no existe reemplazo. El 200 actual es un soft 404/fallback SPA.","src/pages/NotFound.tsx + hosting fallback","Alto","No","GSC: Soft 404 Verificado HTTP 200; cuerpo coincide con index.html inicial y no con un 404 de servidor."
"https://bringasinsurance.com/2025/07/30/🕹️-how-to-get-free-amazon-gift-cards-easily-no-scam-just-rewards-bxtrf5-2/feed/","Soft 404","No","200","200","","No declarada en HTML inicial; SEO client-side solo al renderizar","noindex, nofollow (NotFound.tsx al renderizar)","No observado","No","No","URL spam, hackeada o generada por error","No redirigir a la home; bloquear/eliminar en hosting y devolver 410 cuando se confirme que no existe reemplazo. El 200 actual es un soft 404/fallback SPA.","src/pages/NotFound.tsx + hosting fallback","Alto","No","GSC: Soft 404 Verificado HTTP 200; cuerpo coincide con index.html inicial y no con un 404 de servidor."
"https://bringasinsurance.com/2025/08/10/odn1s8rsz/feed/","Soft 404","No","200","200","","No declarada en HTML inicial; SEO client-side solo al renderizar","noindex, nofollow (NotFound.tsx al renderizar)","No observado","No","No","URL spam, hackeada o generada por error","No redirigir a la home; bloquear/eliminar en hosting y devolver 410 cuando se confirme que no existe reemplazo. El 200 actual es un soft 404/fallback SPA.","src/pages/NotFound.tsx + hosting fallback","Alto","No","GSC: Soft 404 Verificado HTTP 200; cuerpo coincide con index.html inicial y no con un 404 de servidor."
"https://bringasinsurance.com/2025/07/30/8-ways-to-get-free-dice-dream-rolls-links-2025-ultimate-method-el6xcu/feed/","Soft 404","No","200","200","","No declarada en HTML inicial; SEO client-side solo al renderizar","noindex, nofollow (NotFound.tsx al renderizar)","No observado","No","No","URL spam, hackeada o generada por error","No redirigir a la home; bloquear/eliminar en hosting y devolver 410 cuando se confirme que no existe reemplazo. El 200 actual es un soft 404/fallback SPA.","src/pages/NotFound.tsx + hosting fallback","Alto","No","GSC: Soft 404 Verificado HTTP 200; cuerpo coincide con index.html inicial y no con un 404 de servidor."
"https://bringasinsurance.com/vvipprime-znlkwi-unlock-unlimited-resources-with-the-best-co-xq0j6zu","Soft 404","No","200","200","","No declarada en HTML inicial; SEO client-side solo al renderizar","noindex, nofollow (NotFound.tsx al renderizar)","No observado","No","No","URL spam, hackeada o generada por error","No redirigir a la home; bloquear/eliminar en hosting y devolver 410 cuando se confirme que no existe reemplazo. El 200 actual es un soft 404/fallback SPA.","src/pages/NotFound.tsx + hosting fallback","Alto","No","GSC: Soft 404 Verificado HTTP 200; cuerpo coincide con index.html inicial y no con un 404 de servidor."
"https://bringasinsurance.com/new-bytjza-bingo-bash-cheats-boost-your-winnings-with-obur438","Soft 404","No","200","200","","No declarada en HTML inicial; SEO client-side solo al renderizar","noindex, nofollow (NotFound.tsx al renderizar)","No observado","No","No","URL spam, hackeada o generada por error","No redirigir a la home; bloquear/eliminar en hosting y devolver 410 cuando se confirme que no existe reemplazo. El 200 actual es un soft 404/fallback SPA.","src/pages/NotFound.tsx + hosting fallback","Alto","No","GSC: Soft 404 Verificado HTTP 200; cuerpo coincide con index.html inicial y no con un 404 de servidor."
"https://bringasinsurance.com/payments/","Soft 404","Sí","200","200","","https://bringasinsurance.com/pay-my-bill","noindex, nofollow (NotFound.tsx al renderizar)","No observado","No","No","URL movida con reemplazo equivalente","Proponer 301/308 a /pay-my-bill solo tras validar equivalencia comercial. El 200 actual es un soft 404/fallback SPA.","Hosting/configuración de redirects (no existe en repo)","Alto","No","GSC: Soft 404 Verificado HTTP 200; cuerpo coincide con index.html inicial y no con un 404 de servidor."
"https://bringasinsurance.com/2025/08/10/wvhza2ckmr/feed/","Soft 404","No","200","200","","No declarada en HTML inicial; SEO client-side solo al renderizar","noindex, nofollow (NotFound.tsx al renderizar)","No observado","No","No","URL spam, hackeada o generada por error","No redirigir a la home; bloquear/eliminar en hosting y devolver 410 cuando se confirme que no existe reemplazo. El 200 actual es un soft 404/fallback SPA.","src/pages/NotFound.tsx + hosting fallback","Alto","No","GSC: Soft 404 Verificado HTTP 200; cuerpo coincide con index.html inicial y no con un 404 de servidor."
