"URL","Clasificación auditoría","HTTP antes","HTTP después verificado","Redirección implementada","404/410 implementado","Sitemap antes","Sitemap después","Canonical antes","Canonical después","Meta robots antes","Meta robots después","X-Robots-Tag antes","X-Robots-Tag después","Enlace interno corregido","Resultado","Motivo / limitación"
"https://bringasinsurance.com/2025/08/05/uvlekatelnye-igry-v-onlaynkazino-pinco-stavki-dostupny-dlya-igrokov-iz-kirgizii/","URL spam, hackeada o generada por error","200","200","No","No","No","No","No declarada en HTML inicial; SEO client-side solo al renderizar","No declarada en HTML inicial; SEO client-side solo al renderizar","noindex, nofollow (NotFound.tsx al renderizar)","noindex, nofollow (NotFound.tsx al renderizar)","No observado","No observado","No","Pendiente de revisión/hosting","El informe exige validación externa o manual antes de cambiarla."
"https://bringasinsurance.com/2025/08/10/🎲-🚀-how-to-get-free-coins-in-lightning-link-casino-2025-easy-no-scam-💎-hziilz/feed/","URL spam, hackeada o generada por error","200","200","No","No","No","No","No declarada en HTML inicial; SEO client-side solo al renderizar","No declarada en HTML inicial; SEO client-side solo al renderizar","noindex, nofollow (NotFound.tsx al renderizar)","noindex, nofollow (NotFound.tsx al renderizar)","No observado","No observado","No","Pendiente de revisión/hosting","El informe exige validación externa o manual antes de cambiarla."
"https://bringasinsurance.com/2025/08/08/oestqe-board-kings-cheats-free-gems-generator-2024-no-verification-new-method/feed/","URL spam, hackeada o generada por error","200","200","No","No","No","No","No declarada en HTML inicial; SEO client-side solo al renderizar","No declarada en HTML inicial; SEO client-side solo al renderizar","noindex, nofollow (NotFound.tsx al renderizar)","noindex, nofollow (NotFound.tsx al renderizar)","No observado","No observado","No","Pendiente de revisión/hosting","El informe exige validación externa o manual antes de cambiarla."
"https://bringasinsurance.com/2025/07/30/best-tricks-for-free-gems-in-brawl-stars/feed/","URL spam, hackeada o generada por error","200","200","No","No","No","No","No declarada en HTML inicial; SEO client-side solo al renderizar","No declarada en HTML inicial; SEO client-side solo al renderizar","noindex, nofollow (NotFound.tsx al renderizar)","noindex, nofollow (NotFound.tsx al renderizar)","No observado","No observado","No","Pendiente de revisión/hosting","El informe exige validación externa o manual antes de cambiarla."
"https://bringasinsurance.com/2025/07/30/grab-how-to-play-double-down-casino-on-pc-tutorial-a1xgmli/feed/","URL spam, hackeada o generada por error","200","200","No","No","No","No","No declarada en HTML inicial; SEO client-side solo al renderizar","No declarada en HTML inicial; SEO client-side solo al renderizar","noindex, nofollow (NotFound.tsx al renderizar)","noindex, nofollow (NotFound.tsx al renderizar)","No observado","No observado","No","Pendiente de revisión/hosting","El informe exige validación externa o manual antes de cambiarla."
"https://bringasinsurance.com/2025/08/06/vivatbet-pelinkauneet-casinolla-verkkossa-suomen-pelajille/feed/","URL spam, hackeada o generada por error","200","200","No","No","No","No","No declarada en HTML inicial; SEO client-side solo al renderizar","No declarada en HTML inicial; SEO client-side solo al renderizar","noindex, nofollow (NotFound.tsx al renderizar)","noindex, nofollow (NotFound.tsx al renderizar)","No observado","No observado","No","Pendiente de revisión/hosting","El informe exige validación externa o manual antes de cambiarla."
"https://bringasinsurance.com/2025/07/30/boost-your-brawl-stars-with-free-gems-2/feed/","URL spam, hackeada o generada por error","200","200","No","No","No","No","No declarada en HTML inicial; SEO client-side solo al renderizar","No declarada en HTML inicial; SEO client-side solo al renderizar","noindex, nofollow (NotFound.tsx al renderizar)","noindex, nofollow (NotFound.tsx al renderizar)","No observado","No observado","No","Pendiente de revisión/hosting","El informe exige validación externa o manual antes de cambiarla."
"https://bringasinsurance.com/2025/08/13/wazamba-casino-πλεονεκτήματα-και-μειονεκτήματα/feed/","URL spam, hackeada o generada por error","200","200","No","No","No","No","No declarada en HTML inicial; SEO client-side solo al renderizar","No declarada en HTML inicial; SEO client-side solo al renderizar","noindex, nofollow (NotFound.tsx al renderizar)","noindex, nofollow (NotFound.tsx al renderizar)","No observado","No observado","No","Pendiente de revisión/hosting","El informe exige validación externa o manual antes de cambiarla."
"https://bringasinsurance.com/2025/08/12/wazamba-casino-greece-παρουσίαση-1f52c27c/","URL spam, hackeada o generada por error","200","200","No","No","No","No","No declarada en HTML inicial; SEO client-side solo al renderizar","No declarada en HTML inicial; SEO client-side solo al renderizar","noindex, nofollow (NotFound.tsx al renderizar)","noindex, nofollow (NotFound.tsx al renderizar)","No observado","No observado","No","Pendiente de revisión/hosting","El informe exige validación externa o manual antes de cambiarla."
"https://bringasinsurance.com/2025/08/07/new-jfllkd-bingo-bash-cheats-boost-your-winnings-with-161qiop/feed/","URL spam, hackeada o generada por error","200","200","No","No","No","No","No declarada en HTML inicial; SEO client-side solo al renderizar","No declarada en HTML inicial; SEO client-side solo al renderizar","noindex, nofollow (NotFound.tsx al renderizar)","noindex, nofollow (NotFound.tsx al renderizar)","No observado","No observado","No","Pendiente de revisión/hosting","El informe exige validación externa o manual antes de cambiarla."
"https://bringasinsurance.com/motorcycle-insurance/","Página válida que debe indexarse","200","200","No","No","Sí","Sí","https://bringasinsurance.com/motorcycle-insurance","https://bringasinsurance.com/motorcycle-insurance","No observado en HTML inicial; sin noindex en SEO.tsx","No observado en HTML inicial; sin noindex en SEO.tsx","No observado","No observado","No","Pendiente de revisión/hosting","El informe exige validación externa o manual antes de cambiarla."
"https://bringasinsurance.com/seguro-auto-comercial-en-seattle-washington/","Problema cuyo origen está fuera del repositorio","200","200","No","No","No","No","No declarada en HTML inicial; SEO client-side solo al renderizar","No declarada en HTML inicial; SEO client-side solo al renderizar","noindex, nofollow (NotFound.tsx al renderizar)","noindex, nofollow (NotFound.tsx al renderizar)","No observado","No observado","No","Pendiente de revisión/hosting","El informe exige validación externa o manual antes de cambiarla."
"https://bringasinsurance.com/2025/08/07/exclusive-double-down-casino-chips-generator-2025-cki4ywk/","URL spam, hackeada o generada por error","200","200","No","No","No","No","No declarada en HTML inicial; SEO client-side solo al renderizar","No declarada en HTML inicial; SEO client-side solo al renderizar","noindex, nofollow (NotFound.tsx al renderizar)","noindex, nofollow (NotFound.tsx al renderizar)","No observado","No observado","No","Pendiente de revisión/hosting","El informe exige validación externa o manual antes de cambiarla."
"https://bringasinsurance.com/2025/07/30/szhigm-board-kings-cheats-free-gems-generator-2024-no-verification-new-method/","URL spam, hackeada o generada por error","200","200","No","No","No","No","No declarada en HTML inicial; SEO client-side solo al renderizar","No declarada en HTML inicial; SEO client-side solo al renderizar","noindex, nofollow (NotFound.tsx al renderizar)","noindex, nofollow (NotFound.tsx al renderizar)","No observado","No observado","No","Pendiente de revisión/hosting","El informe exige validación externa o manual antes de cambiarla."
"https://bringasinsurance.com/motorcycle-insurance-in-seattle-washington/","URL movida con reemplazo equivalente","200","200","No","No","No","No","https://bringasinsurance.com/motorcycle-insurance","https://bringasinsurance.com/motorcycle-insurance","noindex, nofollow (NotFound.tsx al renderizar)","noindex, nofollow (NotFound.tsx al renderizar)","No observado","No observado","No","Pendiente de revisión/hosting","El informe exige validación externa o manual antes de cambiarla."
"https://bringasinsurance.com/seguros-para-propietarios-de-negocios-en-seattle-washington/","Problema cuyo origen está fuera del repositorio","200","200","No","No","No","No","No declarada en HTML inicial; SEO client-side solo al renderizar","No declarada en HTML inicial; SEO client-side solo al renderizar","noindex, nofollow (NotFound.tsx al renderizar)","noindex, nofollow (NotFound.tsx al renderizar)","No observado","No observado","No","Pendiente de revisión/hosting","El informe exige validación externa o manual antes de cambiarla."
"https://bringasinsurance.com/2025/07/30/8-ways-to-get-free-dice-dream-rolls-links-2025-ultimate-method-el6xcu/","URL spam, hackeada o generada por error","200","200","No","No","No","No","No declarada en HTML inicial; SEO client-side solo al renderizar","No declarada en HTML inicial; SEO client-side solo al renderizar","noindex, nofollow (NotFound.tsx al renderizar)","noindex, nofollow (NotFound.tsx al renderizar)","No observado","No observado","No","Pendiente de revisión/hosting","El informe exige validación externa o manual antes de cambiarla."
"https://bringasinsurance.com/2025/07/30/🕹️-how-to-get-free-amazon-gift-cards-easily-no-scam-just-rewards-bxtrf5-2/","URL spam, hackeada o generada por error","200","200","No","No","No","No","No declarada en HTML inicial; SEO client-side solo al renderizar","No declarada en HTML inicial; SEO client-side solo al renderizar","noindex, nofollow (NotFound.tsx al renderizar)","noindex, nofollow (NotFound.tsx al renderizar)","No observado","No observado","No","Pendiente de revisión/hosting","El informe exige validación externa o manual antes de cambiarla."
"https://bringasinsurance.com/2025/07/30/kiy8atxsl/","URL spam, hackeada o generada por error","200","200","No","No","No","No","No declarada en HTML inicial; SEO client-side solo al renderizar","No declarada en HTML inicial; SEO client-side solo al renderizar","noindex, nofollow (NotFound.tsx al renderizar)","noindex, nofollow (NotFound.tsx al renderizar)","No observado","No observado","No","Pendiente de revisión/hosting","El informe exige validación externa o manual antes de cambiarla."
"https://bringasinsurance.com/?v=70013086896abd56","Página válida que debe indexarse","200","200","No","No","Sí","Sí","https://bringasinsurance.com/","https://bringasinsurance.com/","No observado en HTML inicial; sin noindex en SEO.tsx","No observado en HTML inicial; sin noindex en SEO.tsx","No observado","No observado","No","Pendiente de revisión/hosting","El informe exige validación externa o manual antes de cambiarla."
"https://bringasinsurance.com/seguros-para-autos-en-seattle-washington/","URL movida con reemplazo equivalente","200","200","No","No","No","No","https://bringasinsurance.com/auto-insurance","https://bringasinsurance.com/auto-insurance","noindex, nofollow (NotFound.tsx al renderizar)","noindex, nofollow (NotFound.tsx al renderizar)","No observado","No observado","No","Pendiente de revisión/hosting","El informe exige validación externa o manual antes de cambiarla."
"https://bringasinsurance.com/2025/08/04/experience-the-thrill-of-slots-charm-uk-play-toprated-casino-games-online-in-english-for-the-united-kingdom/","URL spam, hackeada o generada por error","200","200","No","No","No","No","No declarada en HTML inicial; SEO client-side solo al renderizar","No declarada en HTML inicial; SEO client-side solo al renderizar","noindex, nofollow (NotFound.tsx al renderizar)","noindex, nofollow (NotFound.tsx al renderizar)","No observado","No observado","No","Pendiente de revisión/hosting","El informe exige validación externa o manual antes de cambiarla."
"https://bringasinsurance.com/2025/07/30/coins-free-cash-frenzy-daily-rewards-latest-3vtm4ot/","URL spam, hackeada o generada por error","200","200","No","No","No","No","No declarada en HTML inicial; SEO client-side solo al renderizar","No declarada en HTML inicial; SEO client-side solo al renderizar","noindex, nofollow (NotFound.tsx al renderizar)","noindex, nofollow (NotFound.tsx al renderizar)","No observado","No observado","No","Pendiente de revisión/hosting","El informe exige validación externa o manual antes de cambiarla."
"https://bringasinsurance.com/2025/07/30/🎲-taonga-island-quest-rake-in-free-bounty-bling-with-2025-fireafvrmk-8a98cn/","URL spam, hackeada o generada por error","200","200","No","No","No","No","No declarada en HTML inicial; SEO client-side solo al renderizar","No declarada en HTML inicial; SEO client-side solo al renderizar","noindex, nofollow (NotFound.tsx al renderizar)","noindex, nofollow (NotFound.tsx al renderizar)","No observado","No observado","No","Pendiente de revisión/hosting","El informe exige validación externa o manual antes de cambiarla."
"https://bringasinsurance.com/2025/07/30/v8pwr8l73/","URL spam, hackeada o generada por error","200","200","No","No","No","No","No declarada en HTML inicial; SEO client-side solo al renderizar","No declarada en HTML inicial; SEO client-side solo al renderizar","noindex, nofollow (NotFound.tsx al renderizar)","noindex, nofollow (NotFound.tsx al renderizar)","No observado","No observado","No","Pendiente de revisión/hosting","El informe exige validación externa o manual antes de cambiarla."
"https://bringasinsurance.com/2025/07/30/🎯-taonga-farm-legends-rake-in-free-loot-diamonds-with-2025-firejbzqm0-tjnreu/","URL spam, hackeada o generada por error","200","200","No","No","No","No","No declarada en HTML inicial; SEO client-side solo al renderizar","No declarada en HTML inicial; SEO client-side solo al renderizar","noindex, nofollow (NotFound.tsx al renderizar)","noindex, nofollow (NotFound.tsx al renderizar)","No observado","No observado","No","Pendiente de revisión/hosting","El informe exige validación externa o manual antes de cambiarla."
"https://bringasinsurance.com/2025/07/30/🎲-taonga-the-island-farm-rake-in-free-bounty-bling-with-2025-fire6n1qts-s3gikm/","URL spam, hackeada o generada por error","200","200","No","No","No","No","No declarada en HTML inicial; SEO client-side solo al renderizar","No declarada en HTML inicial; SEO client-side solo al renderizar","noindex, nofollow (NotFound.tsx al renderizar)","noindex, nofollow (NotFound.tsx al renderizar)","No observado","No observado","No","Pendiente de revisión/hosting","El informe exige validación externa o manual antes de cambiarla."
"https://bringasinsurance.com/seguro-para-vehiculos-recreativos-en-seattle-washington/","Problema cuyo origen está fuera del repositorio","200","200","No","No","No","No","No declarada en HTML inicial; SEO client-side solo al renderizar","No declarada en HTML inicial; SEO client-side solo al renderizar","noindex, nofollow (NotFound.tsx al renderizar)","noindex, nofollow (NotFound.tsx al renderizar)","No observado","No observado","No","Pendiente de revisión/hosting","El informe exige validación externa o manual antes de cambiarla."
"https://bringasinsurance.com/2025/07/30/🏆-🚀-how-to-get-free-coins-in-lightning-link-casino-2025-easy-no-scam-💎-hqxrns/","URL spam, hackeada o generada por error","200","200","No","No","No","No","No declarada en HTML inicial; SEO client-side solo al renderizar","No declarada en HTML inicial; SEO client-side solo al renderizar","noindex, nofollow (NotFound.tsx al renderizar)","noindex, nofollow (NotFound.tsx al renderizar)","No observado","No observado","No","Pendiente de revisión/hosting","El informe exige validación externa o manual antes de cambiarla."
"https://bringasinsurance.com/seguros-de-propietarios-en-seattle-washington/","Problema cuyo origen está fuera del repositorio","200","200","No","No","No","No","No declarada en HTML inicial; SEO client-side solo al renderizar","No declarada en HTML inicial; SEO client-side solo al renderizar","noindex, nofollow (NotFound.tsx al renderizar)","noindex, nofollow (NotFound.tsx al renderizar)","No observado","No observado","No","Pendiente de revisión/hosting","El informe exige validación externa o manual antes de cambiarla."
"https://bringasinsurance.com/landlord-insurance-in-seattle-washington/","Problema cuyo origen está fuera del repositorio","200","200","No","No","No","No","No declarada en HTML inicial; SEO client-side solo al renderizar","No declarada en HTML inicial; SEO client-side solo al renderizar","noindex, nofollow (NotFound.tsx al renderizar)","noindex, nofollow (NotFound.tsx al renderizar)","No observado","No observado","No","Pendiente de revisión/hosting","El informe exige validación externa o manual antes de cambiarla."
"https://bringasinsurance.com/personal-umbrella-in-seattle-washington/","URL movida con reemplazo equivalente","200","200","No","No","No","No","https://bringasinsurance.com/personal-umbrella","https://bringasinsurance.com/personal-umbrella","noindex, nofollow (NotFound.tsx al renderizar)","noindex, nofollow (NotFound.tsx al renderizar)","No observado","No observado","No","Pendiente de revisión/hosting","El informe exige validación externa o manual antes de cambiarla."
"https://bringasinsurance.com/2025/08/10/l2jlland7/","URL spam, hackeada o generada por error","200","200","No","No","No","No","No declarada en HTML inicial; SEO client-side solo al renderizar","No declarada en HTML inicial; SEO client-side solo al renderizar","noindex, nofollow (NotFound.tsx al renderizar)","noindex, nofollow (NotFound.tsx al renderizar)","No observado","No observado","No","Pendiente de revisión/hosting","El informe exige validación externa o manual antes de cambiarla."
"https://bringasinsurance.com/commercial-property-insurance-in-seattle-washington/","URL movida con reemplazo equivalente","200","200","No","No","No","No","https://bringasinsurance.com/commercial-property","https://bringasinsurance.com/commercial-property","noindex, nofollow (NotFound.tsx al renderizar)","noindex, nofollow (NotFound.tsx al renderizar)","No observado","No observado","No","Pendiente de revisión/hosting","El informe exige validación externa o manual antes de cambiarla."
"https://bringasinsurance.com/best-insurance-agents-in-houston/","Problema cuyo origen está fuera del repositorio","200","200","No","No","No","No","No declarada en HTML inicial; SEO client-side solo al renderizar","No declarada en HTML inicial; SEO client-side solo al renderizar","noindex, nofollow (NotFound.tsx al renderizar)","noindex, nofollow (NotFound.tsx al renderizar)","No observado","No observado","No","Pendiente de revisión/hosting","El informe exige validación externa o manual antes de cambiarla."
"https://bringasinsurance.com/2025/08/10/🏆-🚀-how-to-get-free-coins-in-lightning-link-casino-2025-easy-no-scam-💎-qlqztw/","URL spam, hackeada o generada por error","200","200","No","No","No","No","No declarada en HTML inicial; SEO client-side solo al renderizar","No declarada en HTML inicial; SEO client-side solo al renderizar","noindex, nofollow (NotFound.tsx al renderizar)","noindex, nofollow (NotFound.tsx al renderizar)","No observado","No observado","No","Pendiente de revisión/hosting","El informe exige validación externa o manual antes de cambiarla."
"https://bringasinsurance.com/2025/08/22/kachay-besplatno-igrovye-sloty-pinup-casino-i-naslazhdaysya-onlayn-igroy-v-kazakhstane/","URL spam, hackeada o generada por error","200","200","No","No","No","No","No declarada en HTML inicial; SEO client-side solo al renderizar","No declarada en HTML inicial; SEO client-side solo al renderizar","noindex, nofollow (NotFound.tsx al renderizar)","noindex, nofollow (NotFound.tsx al renderizar)","No observado","No observado","No","Pendiente de revisión/hosting","El informe exige validación externa o manual antes de cambiarla."
"https://bringasinsurance.com/?p=4240","Página válida que debe indexarse","200","200","No","No","Sí","Sí","https://bringasinsurance.com/","https://bringasinsurance.com/","No observado en HTML inicial; sin noindex en SEO.tsx","No observado en HTML inicial; sin noindex en SEO.tsx","No observado","No observado","No","Pendiente de revisión/hosting","El informe exige validación externa o manual antes de cambiarla."
"https://bringasinsurance.com/2025/08/20/uvlekatelnye-onlaynigry-v-kazino-ot-sultan-games-dlya-gracias-iz-kazakhstana/","URL spam, hackeada o generada por error","200","200","No","No","No","No","No declarada en HTML inicial; SEO client-side solo al renderizar","No declarada en HTML inicial; SEO client-side solo al renderizar","noindex, nofollow (NotFound.tsx al renderizar)","noindex, nofollow (NotFound.tsx al renderizar)","No observado","No observado","No","Pendiente de revisión/hosting","El informe exige validación externa o manual antes de cambiarla."
"https://bringasinsurance.com/?p=4238","Página válida que debe indexarse","200","200","No","No","Sí","Sí","https://bringasinsurance.com/","https://bringasinsurance.com/","No observado en HTML inicial; sin noindex en SEO.tsx","No observado en HTML inicial; sin noindex en SEO.tsx","No observado","No observado","No","Pendiente de revisión/hosting","El informe exige validación externa o manual antes de cambiarla."
"https://bringasinsurance.com/mobile-home-insurance-in-seattle-washington/","Problema cuyo origen está fuera del repositorio","200","200","No","No","No","No","No declarada en HTML inicial; SEO client-side solo al renderizar","No declarada en HTML inicial; SEO client-side solo al renderizar","noindex, nofollow (NotFound.tsx al renderizar)","noindex, nofollow (NotFound.tsx al renderizar)","No observado","No observado","No","Pendiente de revisión/hosting","El informe exige validación externa o manual antes de cambiarla."
"https://bringasinsurance.com/business-owners-insurance-in-seattle-washington/","URL movida con reemplazo equivalente","200","200","No","No","No","No","https://bringasinsurance.com/bop-insurance","https://bringasinsurance.com/bop-insurance","noindex, nofollow (NotFound.tsx al renderizar)","noindex, nofollow (NotFound.tsx al renderizar)","No observado","No observado","No","Pendiente de revisión/hosting","El informe exige validación externa o manual antes de cambiarla."
"https://bringasinsurance.com/2025/08/10/wvhza2ckmr/","URL spam, hackeada o generada por error","200","200","No","No","No","No","No declarada en HTML inicial; SEO client-side solo al renderizar","No declarada en HTML inicial; SEO client-side solo al renderizar","noindex, nofollow (NotFound.tsx al renderizar)","noindex, nofollow (NotFound.tsx al renderizar)","No observado","No observado","No","Pendiente de revisión/hosting","El informe exige validación externa o manual antes de cambiarla."
"https://bringasinsurance.com/payments","URL movida con reemplazo equivalente","200","200","No","No","No","No","https://bringasinsurance.com/pay-my-bill","https://bringasinsurance.com/pay-my-bill","noindex, nofollow (NotFound.tsx al renderizar)","noindex, nofollow (NotFound.tsx al renderizar)","No observado","No observado","No","Pendiente de revisión/hosting","El informe exige validación externa o manual antes de cambiarla."
"https://bringasinsurance.com/2025/07/30/7mhv6kkaa/","URL spam, hackeada o generada por error","200","200","No","No","No","No","No declarada en HTML inicial; SEO client-side solo al renderizar","No declarada en HTML inicial; SEO client-side solo al renderizar","noindex, nofollow (NotFound.tsx al renderizar)","noindex, nofollow (NotFound.tsx al renderizar)","No observado","No observado","No","Pendiente de revisión/hosting","El informe exige validación externa o manual antes de cambiarla."
"https://bringasinsurance.com/2025/07/30/boost-your-brawl-stars-with-free-gems-2/","URL spam, hackeada o generada por error","200","200","No","No","No","No","No declarada en HTML inicial; SEO client-side solo al renderizar","No declarada en HTML inicial; SEO client-side solo al renderizar","noindex, nofollow (NotFound.tsx al renderizar)","noindex, nofollow (NotFound.tsx al renderizar)","No observado","No observado","No","Pendiente de revisión/hosting","El informe exige validación externa o manual antes de cambiarla."
"https://bringasinsurance.com/?v=99081710124270d","Página válida que debe indexarse","200","200","No","No","Sí","Sí","https://bringasinsurance.com/","https://bringasinsurance.com/","No observado en HTML inicial; sin noindex en SEO.tsx","No observado en HTML inicial; sin noindex en SEO.tsx","No observado","No observado","No","Pendiente de revisión/hosting","El informe exige validación externa o manual antes de cambiarla."
"https://bringasinsurance.com/?v=287463228ec1","Página válida que debe indexarse","200","200","No","No","Sí","Sí","https://bringasinsurance.com/","https://bringasinsurance.com/","No observado en HTML inicial; sin noindex en SEO.tsx","No observado en HTML inicial; sin noindex en SEO.tsx","No observado","No observado","No","Pendiente de revisión/hosting","El informe exige validación externa o manual antes de cambiarla."
"https://bringasinsurance.com/es/faq/","Caso que requiere revisión manual","200","200","No","No","No","No","No declarada en HTML inicial; SEO client-side solo al renderizar","No declarada en HTML inicial; SEO client-side solo al renderizar","noindex, nofollow (NotFound.tsx al renderizar)","noindex, nofollow (NotFound.tsx al renderizar)","No observado","No observado","No","Pendiente de revisión/hosting","El informe exige validación externa o manual antes de cambiarla."
"https://bringasinsurance.com/building-insurance-in-seattle-washington/","URL movida con reemplazo equivalente","200","200","No","No","No","No","https://bringasinsurance.com/building-owners","https://bringasinsurance.com/building-owners","noindex, nofollow (NotFound.tsx al renderizar)","noindex, nofollow (NotFound.tsx al renderizar)","No observado","No observado","No","Pendiente de revisión/hosting","El informe exige validación externa o manual antes de cambiarla."
"https://bringasinsurance.com/2025/07/30/9mbbbbqh/","URL spam, hackeada o generada por error","200","200","No","No","No","No","No declarada en HTML inicial; SEO client-side solo al renderizar","No declarada en HTML inicial; SEO client-side solo al renderizar","noindex, nofollow (NotFound.tsx al renderizar)","noindex, nofollow (NotFound.tsx al renderizar)","No observado","No observado","No","Pendiente de revisión/hosting","El informe exige validación externa o manual antes de cambiarla."
"https://bringasinsurance.com/2025/08/10/🎲-🚀-how-to-get-free-coins-in-lightning-link-casino-2025-easy-no-scam-💎-hziilz/","URL spam, hackeada o generada por error","200","200","No","No","No","No","No declarada en HTML inicial; SEO client-side solo al renderizar","No declarada en HTML inicial; SEO client-side solo al renderizar","noindex, nofollow (NotFound.tsx al renderizar)","noindex, nofollow (NotFound.tsx al renderizar)","No observado","No observado","No","Pendiente de revisión/hosting","El informe exige validación externa o manual antes de cambiarla."
"https://bringasinsurance.com/contractors-insurance-in-seattle-washington/","URL movida con reemplazo equivalente","200","200","No","No","No","No","https://bringasinsurance.com/contractors-insurance","https://bringasinsurance.com/contractors-insurance","noindex, nofollow (NotFound.tsx al renderizar)","noindex, nofollow (NotFound.tsx al renderizar)","No observado","No observado","No","Pendiente de revisión/hosting","El informe exige validación externa o manual antes de cambiarla."
"https://bringasinsurance.com/customer-quoting/","Caso que requiere revisión manual","200","200","No","No","No","No","No declarada en HTML inicial; SEO client-side solo al renderizar","No declarada en HTML inicial; SEO client-side solo al renderizar","noindex, nofollow (NotFound.tsx al renderizar)","noindex, nofollow (NotFound.tsx al renderizar)","No observado","No observado","No","Pendiente de revisión/hosting","El informe exige validación externa o manual antes de cambiarla."
"https://bringasinsurance.com/2025/07/30/q1obl9ss/","URL spam, hackeada o generada por error","200","200","No","No","No","No","No declarada en HTML inicial; SEO client-side solo al renderizar","No declarada en HTML inicial; SEO client-side solo al renderizar","noindex, nofollow (NotFound.tsx al renderizar)","noindex, nofollow (NotFound.tsx al renderizar)","No observado","No observado","No","Pendiente de revisión/hosting","El informe exige validación externa o manual antes de cambiarla."
"https://bringasinsurance.com/2025/08/10/7g76qtp8m/","URL spam, hackeada o generada por error","200","200","No","No","No","No","No declarada en HTML inicial; SEO client-side solo al renderizar","No declarada en HTML inicial; SEO client-side solo al renderizar","noindex, nofollow (NotFound.tsx al renderizar)","noindex, nofollow (NotFound.tsx al renderizar)","No observado","No observado","No","Pendiente de revisión/hosting","El informe exige validación externa o manual antes de cambiarla."
"https://bringasinsurance.com/?v=28175195069e749","Página válida que debe indexarse","200","200","No","No","Sí","Sí","https://bringasinsurance.com/","https://bringasinsurance.com/","No observado en HTML inicial; sin noindex en SEO.tsx","No observado en HTML inicial; sin noindex en SEO.tsx","No observado","No observado","No","Pendiente de revisión/hosting","El informe exige validación externa o manual antes de cambiarla."
"https://bringasinsurance.com/?v=6292047d3d7cb","Página válida que debe indexarse","200","200","No","No","Sí","Sí","https://bringasinsurance.com/","https://bringasinsurance.com/","No observado en HTML inicial; sin noindex en SEO.tsx","No observado en HTML inicial; sin noindex en SEO.tsx","No observado","No observado","No","Pendiente de revisión/hosting","El informe exige validación externa o manual antes de cambiarla."
"https://bringasinsurance.com/2025/07/30/qbofzqohv/","URL spam, hackeada o generada por error","200","200","No","No","No","No","No declarada en HTML inicial; SEO client-side solo al renderizar","No declarada en HTML inicial; SEO client-side solo al renderizar","noindex, nofollow (NotFound.tsx al renderizar)","noindex, nofollow (NotFound.tsx al renderizar)","No observado","No observado","No","Pendiente de revisión/hosting","El informe exige validación externa o manual antes de cambiarla."
"https://bringasinsurance.com/2025/08/07/bonus-gift-chips-to-another-account-how-to-axq05lz/","URL spam, hackeada o generada por error","200","200","No","No","No","No","No declarada en HTML inicial; SEO client-side solo al renderizar","No declarada en HTML inicial; SEO client-side solo al renderizar","noindex, nofollow (NotFound.tsx al renderizar)","noindex, nofollow (NotFound.tsx al renderizar)","No observado","No observado","No","Pendiente de revisión/hosting","El informe exige validación externa o manual antes de cambiarla."
"https://bringasinsurance.com/2025/07/30/5edfgnbk/","URL spam, hackeada o generada por error","200","200","No","No","No","No","No declarada en HTML inicial; SEO client-side solo al renderizar","No declarada en HTML inicial; SEO client-side solo al renderizar","noindex, nofollow (NotFound.tsx al renderizar)","noindex, nofollow (NotFound.tsx al renderizar)","No observado","No observado","No","Pendiente de revisión/hosting","El informe exige validación externa o manual antes de cambiarla."
"https://bringasinsurance.com/car-insurance-in-seattle-washington/","URL movida con reemplazo equivalente","200","200","No","No","No","No","https://bringasinsurance.com/auto-insurance","https://bringasinsurance.com/auto-insurance","noindex, nofollow (NotFound.tsx al renderizar)","noindex, nofollow (NotFound.tsx al renderizar)","No observado","No observado","No","Pendiente de revisión/hosting","El informe exige validación externa o manual antes de cambiarla."
"https://bringasinsurance.com/2025/08/08/🏆-🚀-how-to-get-free-coins-in-lightning-link-casino-2025-easy-no-scam-💎-aauhre/","URL spam, hackeada o generada por error","200","200","No","No","No","No","No declarada en HTML inicial; SEO client-side solo al renderizar","No declarada en HTML inicial; SEO client-side solo al renderizar","noindex, nofollow (NotFound.tsx al renderizar)","noindex, nofollow (NotFound.tsx al renderizar)","No observado","No observado","No","Pendiente de revisión/hosting","El informe exige validación externa o manual antes de cambiarla."
"https://bringasinsurance.com/restaurant-insurance/","Página válida que debe indexarse","200","200","No","No","Sí","Sí","https://bringasinsurance.com/restaurant-insurance","https://bringasinsurance.com/restaurant-insurance","No observado en HTML inicial; sin noindex en SEO.tsx","No observado en HTML inicial; sin noindex en SEO.tsx","No observado","No observado","No","Pendiente de revisión/hosting","El informe exige validación externa o manual antes de cambiarla."
"https://bringasinsurance.com/es/seguros-para-restaurantes-en-seattle-washington/","Caso que requiere revisión manual","200","200","No","No","No","No","No declarada en HTML inicial; SEO client-side solo al renderizar","No declarada en HTML inicial; SEO client-side solo al renderizar","noindex, nofollow (NotFound.tsx al renderizar)","noindex, nofollow (NotFound.tsx al renderizar)","No observado","No observado","No","Pendiente de revisión/hosting","El informe exige validación externa o manual antes de cambiarla."
"https://bringasinsurance.com/es/seguros-para-propiedad-comercial-en-seattle-washington/","Caso que requiere revisión manual","200","200","No","No","No","No","No declarada en HTML inicial; SEO client-side solo al renderizar","No declarada en HTML inicial; SEO client-side solo al renderizar","noindex, nofollow (NotFound.tsx al renderizar)","noindex, nofollow (NotFound.tsx al renderizar)","No observado","No observado","No","Pendiente de revisión/hosting","El informe exige validación externa o manual antes de cambiarla."
"https://bringasinsurance.com/2025/07/30/🎯-taonga-island-quest-snag-fast-free-loot-diamonds-this-2025-szn2q78d4-yd2jdk/","URL spam, hackeada o generada por error","200","200","No","No","No","No","No declarada en HTML inicial; SEO client-side solo al renderizar","No declarada en HTML inicial; SEO client-side solo al renderizar","noindex, nofollow (NotFound.tsx al renderizar)","noindex, nofollow (NotFound.tsx al renderizar)","No observado","No observado","No","Pendiente de revisión/hosting","El informe exige validación externa o manual antes de cambiarla."
"https://bringasinsurance.com/2025/08/08/claim-how-to-play-double-down-casino-on-pc-guide-7r9jgrv/","URL spam, hackeada o generada por error","200","200","No","No","No","No","No declarada en HTML inicial; SEO client-side solo al renderizar","No declarada en HTML inicial; SEO client-side solo al renderizar","noindex, nofollow (NotFound.tsx al renderizar)","noindex, nofollow (NotFound.tsx al renderizar)","No observado","No observado","No","Pendiente de revisión/hosting","El informe exige validación externa o manual antes de cambiarla."
"https://bringasinsurance.com/2025/08/08/prime-free-chips-codes-awh50sb/","URL spam, hackeada o generada por error","200","200","No","No","No","No","No declarada en HTML inicial; SEO client-side solo al renderizar","No declarada en HTML inicial; SEO client-side solo al renderizar","noindex, nofollow (NotFound.tsx al renderizar)","noindex, nofollow (NotFound.tsx al renderizar)","No observado","No observado","No","Pendiente de revisión/hosting","El informe exige validación externa o manual antes de cambiarla."
"https://bringasinsurance.com/seguros-para-propiedad-comercial-en-seattle-washington/","URL movida con reemplazo equivalente","200","200","No","No","No","No","https://bringasinsurance.com/commercial-property","https://bringasinsurance.com/commercial-property","noindex, nofollow (NotFound.tsx al renderizar)","noindex, nofollow (NotFound.tsx al renderizar)","No observado","No observado","No","Pendiente de revisión/hosting","El informe exige validación externa o manual antes de cambiarla."
"https://bringasinsurance.com/2025/07/30/claim-fdtsqd-solitaire-grand-harvest-free-coins-levvvel-rsijll2/","URL spam, hackeada o generada por error","200","200","No","No","No","No","No declarada en HTML inicial; SEO client-side solo al renderizar","No declarada en HTML inicial; SEO client-side solo al renderizar","noindex, nofollow (NotFound.tsx al renderizar)","noindex, nofollow (NotFound.tsx al renderizar)","No observado","No observado","No","Pendiente de revisión/hosting","El informe exige validación externa o manual antes de cambiarla."
"https://bringasinsurance.com/2025/08/10/odn1s8rsz/","URL spam, hackeada o generada por error","200","200","No","No","No","No","No declarada en HTML inicial; SEO client-side solo al renderizar","No declarada en HTML inicial; SEO client-side solo al renderizar","noindex, nofollow (NotFound.tsx al renderizar)","noindex, nofollow (NotFound.tsx al renderizar)","No observado","No observado","No","Pendiente de revisión/hosting","El informe exige validación externa o manual antes de cambiarla."
"https://bringasinsurance.com/2025/08/08/inicia-sesion-en-1win-casino-juega-al-casino-en-linea-en-espanol-para-argentina/","URL spam, hackeada o generada por error","200","200","No","No","No","No","No declarada en HTML inicial; SEO client-side solo al renderizar","No declarada en HTML inicial; SEO client-side solo al renderizar","noindex, nofollow (NotFound.tsx al renderizar)","noindex, nofollow (NotFound.tsx al renderizar)","No observado","No observado","No","Pendiente de revisión/hosting","El informe exige validación externa o manual antes de cambiarla."
"https://bringasinsurance.com/life-insurance-in-seattle-washington/","URL movida con reemplazo equivalente","200","200","No","No","No","No","https://bringasinsurance.com/life-insurance","https://bringasinsurance.com/life-insurance","noindex, nofollow (NotFound.tsx al renderizar)","noindex, nofollow (NotFound.tsx al renderizar)","No observado","No observado","No","Pendiente de revisión/hosting","El informe exige validación externa o manual antes de cambiarla."
"https://bringasinsurance.com/?lang=es","Página válida que debe indexarse","200","200","No","No","Sí","Sí","https://bringasinsurance.com/","https://bringasinsurance.com/","No observado en HTML inicial; sin noindex en SEO.tsx","No observado en HTML inicial; sin noindex en SEO.tsx","No observado","No observado","No","Pendiente de revisión/hosting","El informe exige validación externa o manual antes de cambiarla."
"https://bringasinsurance.com/fianzas-para-seguros-en-seattle-washington/","URL movida con reemplazo equivalente","200","200","No","No","No","No","https://bringasinsurance.com/bonds-surety","https://bringasinsurance.com/bonds-surety","noindex, nofollow (NotFound.tsx al renderizar)","noindex, nofollow (NotFound.tsx al renderizar)","No observado","No observado","No","Pendiente de revisión/hosting","El informe exige validación externa o manual antes de cambiarla."
"https://bringasinsurance.com/2025/08/07/new-bytjza-bingo-bash-cheats-boost-your-winnings-with-obur438/","URL spam, hackeada o generada por error","200","200","No","No","No","No","No declarada en HTML inicial; SEO client-side solo al renderizar","No declarada en HTML inicial; SEO client-side solo al renderizar","noindex, nofollow (NotFound.tsx al renderizar)","noindex, nofollow (NotFound.tsx al renderizar)","No observado","No observado","No","Pendiente de revisión/hosting","El informe exige validación externa o manual antes de cambiarla."
"https://bringasinsurance.com/2025/08/08/vvipvip-lqoaya-unlock-unlimited-resources-with-the-best-co-9lf8xit/","URL spam, hackeada o generada por error","200","200","No","No","No","No","No declarada en HTML inicial; SEO client-side solo al renderizar","No declarada en HTML inicial; SEO client-side solo al renderizar","noindex, nofollow (NotFound.tsx al renderizar)","noindex, nofollow (NotFound.tsx al renderizar)","No observado","No observado","No","Pendiente de revisión/hosting","El informe exige validación externa o manual antes de cambiarla."
"https://bringasinsurance.com/2025/08/07/free-where-to-find-free-cash-frenzy-coins-legit-rsmfzfa/","URL spam, hackeada o generada por error","200","200","No","No","No","No","No declarada en HTML inicial; SEO client-side solo al renderizar","No declarada en HTML inicial; SEO client-side solo al renderizar","noindex, nofollow (NotFound.tsx al renderizar)","noindex, nofollow (NotFound.tsx al renderizar)","No observado","No observado","No","Pendiente de revisión/hosting","El informe exige validación externa o manual antes de cambiarla."
"https://bringasinsurance.com/2025/08/10/new-sckumu-bingo-bash-cheats-boost-your-winnings-with-xncxgw7/","URL spam, hackeada o generada por error","200","200","No","No","No","No","No declarada en HTML inicial; SEO client-side solo al renderizar","No declarada en HTML inicial; SEO client-side solo al renderizar","noindex, nofollow (NotFound.tsx al renderizar)","noindex, nofollow (NotFound.tsx al renderizar)","No observado","No observado","No","Pendiente de revisión/hosting","El informe exige validación externa o manual antes de cambiarla."
"https://bringasinsurance.com/2025/08/07/vvipbonus-ihibka-unlock-unlimited-resources-with-the-best-co-15nbbb7/","URL spam, hackeada o generada por error","200","200","No","No","No","No","No declarada en HTML inicial; SEO client-side solo al renderizar","No declarada en HTML inicial; SEO client-side solo al renderizar","noindex, nofollow (NotFound.tsx al renderizar)","noindex, nofollow (NotFound.tsx al renderizar)","No observado","No observado","No","Pendiente de revisión/hosting","El informe exige validación externa o manual antes de cambiarla."
"https://bringasinsurance.com/vvipbonus-ihibka-unlock-unlimited-resources-with-the-best-co-15nbbb7","URL spam, hackeada o generada por error","200","200","No","No","No","No","No declarada en HTML inicial; SEO client-side solo al renderizar","No declarada en HTML inicial; SEO client-side solo al renderizar","noindex, nofollow (NotFound.tsx al renderizar)","noindex, nofollow (NotFound.tsx al renderizar)","No observado","No observado","No","Pendiente de revisión/hosting","El informe exige validación externa o manual antes de cambiarla."
"https://bringasinsurance.com/2025/08/07/new-jfllkd-bingo-bash-cheats-boost-your-winnings-with-161qiop/","URL spam, hackeada o generada por error","200","200","No","No","No","No","No declarada en HTML inicial; SEO client-side solo al renderizar","No declarada en HTML inicial; SEO client-side solo al renderizar","noindex, nofollow (NotFound.tsx al renderizar)","noindex, nofollow (NotFound.tsx al renderizar)","No observado","No observado","No","Pendiente de revisión/hosting","El informe exige validación externa o manual antes de cambiarla."
"https://bringasinsurance.com/2025/08/10/ilckbfqu7/","URL spam, hackeada o generada por error","200","200","No","No","No","No","No declarada en HTML inicial; SEO client-side solo al renderizar","No declarada en HTML inicial; SEO client-side solo al renderizar","noindex, nofollow (NotFound.tsx al renderizar)","noindex, nofollow (NotFound.tsx al renderizar)","No observado","No observado","No","Pendiente de revisión/hosting","El informe exige validación externa o manual antes de cambiarla."
"https://bringasinsurance.com/2025/08/08/top-how-many-robux-from-50-roblox-card-9v26vof/","URL spam, hackeada o generada por error","200","200","No","No","No","No","No declarada en HTML inicial; SEO client-side solo al renderizar","No declarada en HTML inicial; SEO client-side solo al renderizar","noindex, nofollow (NotFound.tsx al renderizar)","noindex, nofollow (NotFound.tsx al renderizar)","No observado","No observado","No","Pendiente de revisión/hosting","El informe exige validación externa o manual antes de cambiarla."
"https://bringasinsurance.com/2025/08/08/oestqe-board-kings-cheats-free-gems-generator-2024-no-verification-new-method/","URL spam, hackeada o generada por error","200","200","No","No","No","No","No declarada en HTML inicial; SEO client-side solo al renderizar","No declarada en HTML inicial; SEO client-side solo al renderizar","noindex, nofollow (NotFound.tsx al renderizar)","noindex, nofollow (NotFound.tsx al renderizar)","No observado","No observado","No","Pendiente de revisión/hosting","El informe exige validación externa o manual antes de cambiarla."
"https://bringasinsurance.com/2025/08/07/🎲-🚀-how-to-get-free-coins-in-lightning-link-casino-2025-easy-no-scam-💎-ubfrzc/","URL spam, hackeada o generada por error","200","200","No","No","No","No","No declarada en HTML inicial; SEO client-side solo al renderizar","No declarada en HTML inicial; SEO client-side solo al renderizar","noindex, nofollow (NotFound.tsx al renderizar)","noindex, nofollow (NotFound.tsx al renderizar)","No observado","No observado","No","Pendiente de revisión/hosting","El informe exige validación externa o manual antes de cambiarla."
"https://bringasinsurance.com/2025/08/08/mega-esioqi-bingo-bash-cheats-boost-your-winnings-with-xfqn2cf/","URL spam, hackeada o generada por error","200","200","No","No","No","No","No declarada en HTML inicial; SEO client-side solo al renderizar","No declarada en HTML inicial; SEO client-side solo al renderizar","noindex, nofollow (NotFound.tsx al renderizar)","noindex, nofollow (NotFound.tsx al renderizar)","No observado","No observado","No","Pendiente de revisión/hosting","El informe exige validación externa o manual antes de cambiarla."
"https://bringasinsurance.com/boat-insurance-in-seattle-washington/","URL movida con reemplazo equivalente","200","200","No","No","No","No","https://bringasinsurance.com/boat-insurance","https://bringasinsurance.com/boat-insurance","noindex, nofollow (NotFound.tsx al renderizar)","noindex, nofollow (NotFound.tsx al renderizar)","No observado","No observado","No","Pendiente de revisión/hosting","El informe exige validación externa o manual antes de cambiarla."
"https://bringasinsurance.com/contacto/?lang=es","URL movida con reemplazo equivalente","200","200","No","No","No","No","https://bringasinsurance.com/contact","https://bringasinsurance.com/contact","noindex, nofollow (NotFound.tsx al renderizar)","noindex, nofollow (NotFound.tsx al renderizar)","No observado","No observado","No","Pendiente de revisión/hosting","El informe exige validación externa o manual antes de cambiarla."
"https://bringasinsurance.com/es/contacto/?lang=es","URL movida con reemplazo equivalente","200","200","No","No","No","No","https://bringasinsurance.com/contact","https://bringasinsurance.com/contact","noindex, nofollow (NotFound.tsx al renderizar)","noindex, nofollow (NotFound.tsx al renderizar)","No observado","No observado","No","Pendiente de revisión/hosting","El informe exige validación externa o manual antes de cambiarla."
"https://bringasinsurance.com/seguros-para-restaurantes-en-seattle-washington/","URL movida con reemplazo equivalente","200","200","No","No","No","No","https://bringasinsurance.com/restaurant-insurance","https://bringasinsurance.com/restaurant-insurance","noindex, nofollow (NotFound.tsx al renderizar)","noindex, nofollow (NotFound.tsx al renderizar)","No observado","No observado","No","Pendiente de revisión/hosting","El informe exige validación externa o manual antes de cambiarla."
"https://bringasinsurance.com/seguros-para-inquilinos-en-seattle-washington/","URL movida con reemplazo equivalente","200","200","No","No","No","No","https://bringasinsurance.com/renters-insurance","https://bringasinsurance.com/renters-insurance","noindex, nofollow (NotFound.tsx al renderizar)","noindex, nofollow (NotFound.tsx al renderizar)","No observado","No observado","No","Pendiente de revisión/hosting","El informe exige validación externa o manual antes de cambiarla."
"https://bringasinsurance.com/recreational-vehicle-insurance/","URL movida con reemplazo equivalente","200","200","No","No","No","No","https://bringasinsurance.com/rv-insurance","https://bringasinsurance.com/rv-insurance","noindex, nofollow (NotFound.tsx al renderizar)","noindex, nofollow (NotFound.tsx al renderizar)","No observado","No observado","No","Pendiente de revisión/hosting","El informe exige validación externa o manual antes de cambiarla."
"https://bringasinsurance.com/2025/08/10/45zo8f8wl/","URL spam, hackeada o generada por error","200","200","No","No","No","No","No declarada en HTML inicial; SEO client-side solo al renderizar","No declarada en HTML inicial; SEO client-side solo al renderizar","noindex, nofollow (NotFound.tsx al renderizar)","noindex, nofollow (NotFound.tsx al renderizar)","No observado","No observado","No","Pendiente de revisión/hosting","El informe exige validación externa o manual antes de cambiarla."
"https://bringasinsurance.com/2025/08/07/new-double-down-casino-chips-not-working-fix-2025-kfxfnsm/","URL spam, hackeada o generada por error","200","200","No","No","No","No","No declarada en HTML inicial; SEO client-side solo al renderizar","No declarada en HTML inicial; SEO client-side solo al renderizar","noindex, nofollow (NotFound.tsx al renderizar)","noindex, nofollow (NotFound.tsx al renderizar)","No observado","No observado","No","Pendiente de revisión/hosting","El informe exige validación externa o manual antes de cambiarla."
"https://bringasinsurance.com/contact/","Página válida que debe indexarse","200","200","No","No","Sí","Sí","https://bringasinsurance.com/contact","https://bringasinsurance.com/contact","No observado en HTML inicial; sin noindex en SEO.tsx","No observado en HTML inicial; sin noindex en SEO.tsx","No observado","No observado","No","Pendiente de revisión/hosting","El informe exige validación externa o manual antes de cambiarla."
"https://bringasinsurance.com/2025/08/12/wazamba-casino-review-αναλυτικά-d3b221a3/","URL spam, hackeada o generada por error","200","200","No","No","No","No","No declarada en HTML inicial; SEO client-side solo al renderizar","No declarada en HTML inicial; SEO client-side solo al renderizar","noindex, nofollow (NotFound.tsx al renderizar)","noindex, nofollow (NotFound.tsx al renderizar)","No observado","No observado","No","Pendiente de revisión/hosting","El informe exige validación externa o manual antes de cambiarla."
"https://bringasinsurance.com/2025/08/12/wazamba-mobile-app-download-c98855a6/","URL spam, hackeada o generada por error","200","200","No","No","No","No","No declarada en HTML inicial; SEO client-side solo al renderizar","No declarada en HTML inicial; SEO client-side solo al renderizar","noindex, nofollow (NotFound.tsx al renderizar)","noindex, nofollow (NotFound.tsx al renderizar)","No observado","No observado","No","Pendiente de revisión/hosting","El informe exige validación externa o manual antes de cambiarla."
"https://bringasinsurance.com/agentes/?lang=es","Caso que requiere revisión manual","200","200","No","No","No","No","No declarada en HTML inicial; SEO client-side solo al renderizar","No declarada en HTML inicial; SEO client-side solo al renderizar","noindex, nofollow (NotFound.tsx al renderizar)","noindex, nofollow (NotFound.tsx al renderizar)","No observado","No observado","No","Pendiente de revisión/hosting","El informe exige validación externa o manual antes de cambiarla."
"https://bringasinsurance.com/2025/07/30/epic-claim-double-down-casino-chips-no-verification-fz3ipjx/","URL spam, hackeada o generada por error","200","200","No","No","No","No","No declarada en HTML inicial; SEO client-side solo al renderizar","No declarada en HTML inicial; SEO client-side solo al renderizar","noindex, nofollow (NotFound.tsx al renderizar)","noindex, nofollow (NotFound.tsx al renderizar)","No observado","No observado","No","Pendiente de revisión/hosting","El informe exige validación externa o manual antes de cambiarla."
"https://bringasinsurance.com/2025/08/13/wazamba-review-καζίνο-και-στοίχημα-da161232/","URL spam, hackeada o generada por error","200","200","No","No","No","No","No declarada en HTML inicial; SEO client-side solo al renderizar","No declarada en HTML inicial; SEO client-side solo al renderizar","noindex, nofollow (NotFound.tsx al renderizar)","noindex, nofollow (NotFound.tsx al renderizar)","No observado","No observado","No","Pendiente de revisión/hosting","El informe exige validación externa o manual antes de cambiarla."
"https://bringasinsurance.com/claim-avlhuf-100-working-gaminator-free-coins-links-bcde-uc4m9nq","URL spam, hackeada o generada por error","200","200","No","No","No","No","No declarada en HTML inicial; SEO client-side solo al renderizar","No declarada en HTML inicial; SEO client-side solo al renderizar","noindex, nofollow (NotFound.tsx al renderizar)","noindex, nofollow (NotFound.tsx al renderizar)","No observado","No observado","No","Pendiente de revisión/hosting","El informe exige validación externa o manual antes de cambiarla."
"https://bringasinsurance.com/2025/07/30/claim-avlhuf-100-working-gaminator-free-coins-links-bcde-uc4m9nq/","URL spam, hackeada o generada por error","200","200","No","No","No","No","No declarada en HTML inicial; SEO client-side solo al renderizar","No declarada en HTML inicial; SEO client-side solo al renderizar","noindex, nofollow (NotFound.tsx al renderizar)","noindex, nofollow (NotFound.tsx al renderizar)","No observado","No observado","No","Pendiente de revisión/hosting","El informe exige validación externa o manual antes de cambiarla."
"https://bringasinsurance.com/boat-insurance/","Página válida que debe indexarse","200","200","No","No","Sí","Sí","https://bringasinsurance.com/boat-insurance","https://bringasinsurance.com/boat-insurance","No observado en HTML inicial; sin noindex en SEO.tsx","No observado en HTML inicial; sin noindex en SEO.tsx","No observado","No observado","No","Pendiente de revisión/hosting","El informe exige validación externa o manual antes de cambiarla."
"https://bringasinsurance.com/commercial-auto-insurance-in-seattle-washington/","URL movida con reemplazo equivalente","200","200","No","No","No","No","https://bringasinsurance.com/commercial-auto","https://bringasinsurance.com/commercial-auto","noindex, nofollow (NotFound.tsx al renderizar)","noindex, nofollow (NotFound.tsx al renderizar)","No observado","No observado","No","Pendiente de revisión/hosting","El informe exige validación externa o manual antes de cambiarla."
"https://bringasinsurance.com/es/seguros-para-autos-en-seattle-washington/","Caso que requiere revisión manual","200","200","No","No","No","No","No declarada en HTML inicial; SEO client-side solo al renderizar","No declarada en HTML inicial; SEO client-side solo al renderizar","noindex, nofollow (NotFound.tsx al renderizar)","noindex, nofollow (NotFound.tsx al renderizar)","No observado","No observado","No","Pendiente de revisión/hosting","El informe exige validación externa o manual antes de cambiarla."
"https://bringasinsurance.com/2025/08/07/mega-ways-to-claim-chips-easily-igt5kqk/","URL spam, hackeada o generada por error","200","200","No","No","No","No","No declarada en HTML inicial; SEO client-side solo al renderizar","No declarada en HTML inicial; SEO client-side solo al renderizar","noindex, nofollow (NotFound.tsx al renderizar)","noindex, nofollow (NotFound.tsx al renderizar)","No observado","No observado","No","Pendiente de revisión/hosting","El informe exige validación externa o manual antes de cambiarla."
"https://bringasinsurance.com/2025/07/30/wj80woaa/","URL spam, hackeada o generada por error","200","200","No","No","No","No","No declarada en HTML inicial; SEO client-side solo al renderizar","No declarada en HTML inicial; SEO client-side solo al renderizar","noindex, nofollow (NotFound.tsx al renderizar)","noindex, nofollow (NotFound.tsx al renderizar)","No observado","No observado","No","Pendiente de revisión/hosting","El informe exige validación externa o manual antes de cambiarla."
"https://bringasinsurance.com/2025/07/30/exclusive-oonyax-solitaire-grand-harvest-free-coins-levvvel-37iunsw/","URL spam, hackeada o generada por error","200","200","No","No","No","No","No declarada en HTML inicial; SEO client-side solo al renderizar","No declarada en HTML inicial; SEO client-side solo al renderizar","noindex, nofollow (NotFound.tsx al renderizar)","noindex, nofollow (NotFound.tsx al renderizar)","No observado","No observado","No","Pendiente de revisión/hosting","El informe exige validación externa o manual antes de cambiarla."
"https://bringasinsurance.com/2025/07/30/new-ffgsao-8-ball-pool-free-coins-the-ultimate-guide-t-mn07npn/","URL spam, hackeada o generada por error","200","200","No","No","No","No","No declarada en HTML inicial; SEO client-side solo al renderizar","No declarada en HTML inicial; SEO client-side solo al renderizar","noindex, nofollow (NotFound.tsx al renderizar)","noindex, nofollow (NotFound.tsx al renderizar)","No observado","No observado","No","Pendiente de revisión/hosting","El informe exige validación externa o manual antes de cambiarla."
"https://bringasinsurance.com/new-ffgsao-8-ball-pool-free-coins-the-ultimate-guide-t-mn07npn","URL spam, hackeada o generada por error","200","200","No","No","No","No","No declarada en HTML inicial; SEO client-side solo al renderizar","No declarada en HTML inicial; SEO client-side solo al renderizar","noindex, nofollow (NotFound.tsx al renderizar)","noindex, nofollow (NotFound.tsx al renderizar)","No observado","No observado","No","Pendiente de revisión/hosting","El informe exige validación externa o manual antes de cambiarla."
"https://bringasinsurance.com/seguro-para-casas-prefabricadas/?lang=es","URL movida con reemplazo equivalente","200","200","No","No","No","No","https://bringasinsurance.com/mobile-home-insurance","https://bringasinsurance.com/mobile-home-insurance","noindex, nofollow (NotFound.tsx al renderizar)","noindex, nofollow (NotFound.tsx al renderizar)","No observado","No observado","No","Pendiente de revisión/hosting","El informe exige validación externa o manual antes de cambiarla."
"https://bringasinsurance.com/es/fianzas-para-seguros-en-seattle-washington/?lang=es","Caso que requiere revisión manual","200","200","No","No","No","No","No declarada en HTML inicial; SEO client-side solo al renderizar","No declarada en HTML inicial; SEO client-side solo al renderizar","noindex, nofollow (NotFound.tsx al renderizar)","noindex, nofollow (NotFound.tsx al renderizar)","No observado","No observado","No","Pendiente de revisión/hosting","El informe exige validación externa o manual antes de cambiarla."
"https://bringasinsurance.com/fianzas-para-seguros-en-seattle-washington/?lang=es","URL movida con reemplazo equivalente","200","200","No","No","No","No","https://bringasinsurance.com/bonds-surety","https://bringasinsurance.com/bonds-surety","noindex, nofollow (NotFound.tsx al renderizar)","noindex, nofollow (NotFound.tsx al renderizar)","No observado","No observado","No","Pendiente de revisión/hosting","El informe exige validación externa o manual antes de cambiarla."
"https://bringasinsurance.com/personal-umbrella/","Página válida que debe indexarse","200","200","No","No","Sí","Sí","https://bringasinsurance.com/personal-umbrella","https://bringasinsurance.com/personal-umbrella","No observado en HTML inicial; sin noindex en SEO.tsx","No observado en HTML inicial; sin noindex en SEO.tsx","No observado","No observado","No","Pendiente de revisión/hosting","El informe exige validación externa o manual antes de cambiarla."
"https://bringasinsurance.com/seguros-de-hogar-en-seattle-washington/","URL movida con reemplazo equivalente","200","200","No","No","No","No","https://bringasinsurance.com/home-insurance","https://bringasinsurance.com/home-insurance","noindex, nofollow (NotFound.tsx al renderizar)","noindex, nofollow (NotFound.tsx al renderizar)","No observado","No observado","No","Pendiente de revisión/hosting","El informe exige validación externa o manual antes de cambiarla."
"https://bringasinsurance.com/2025/07/30/epic-how-to-play-cash-frenzy-on-pc-guide-kzqiq4t/","URL spam, hackeada o generada por error","200","200","No","No","No","No","No declarada en HTML inicial; SEO client-side solo al renderizar","No declarada en HTML inicial; SEO client-side solo al renderizar","noindex, nofollow (NotFound.tsx al renderizar)","noindex, nofollow (NotFound.tsx al renderizar)","No observado","No observado","No","Pendiente de revisión/hosting","El informe exige validación externa o manual antes de cambiarla."
"https://bringasinsurance.com/2025/08/07/decouvrez-le-meilleur-du-casino-en-ligne-francais-sur-wbetzfr-jouez-des-maintenant/","URL spam, hackeada o generada por error","200","200","No","No","No","No","No declarada en HTML inicial; SEO client-side solo al renderizar","No declarada en HTML inicial; SEO client-side solo al renderizar","noindex, nofollow (NotFound.tsx al renderizar)","noindex, nofollow (NotFound.tsx al renderizar)","No observado","No observado","No","Pendiente de revisión/hosting","El informe exige validación externa o manual antes de cambiarla."
"https://bringasinsurance.com/2025/07/30/daily-sxjymj-solitaire-grand-harvest-free-coins-levvvel-b0bonkj/","URL spam, hackeada o generada por error","200","200","No","No","No","No","No declarada en HTML inicial; SEO client-side solo al renderizar","No declarada en HTML inicial; SEO client-side solo al renderizar","noindex, nofollow (NotFound.tsx al renderizar)","noindex, nofollow (NotFound.tsx al renderizar)","No observado","No observado","No","Pendiente de revisión/hosting","El informe exige validación externa o manual antes de cambiarla."
"https://bringasinsurance.com/2025/07/30/best-win-bonus-coins-in-events-how-to-lvzlbcs/","URL spam, hackeada o generada por error","200","200","No","No","No","No","No declarada en HTML inicial; SEO client-side solo al renderizar","No declarada en HTML inicial; SEO client-side solo al renderizar","noindex, nofollow (NotFound.tsx al renderizar)","noindex, nofollow (NotFound.tsx al renderizar)","No observado","No observado","No","Pendiente de revisión/hosting","El informe exige validación externa o manual antes de cambiarla."
"https://bringasinsurance.com/2025/07/30/best-free-daily-bonuses-event-04m3agi/","URL spam, hackeada o generada por error","200","200","No","No","No","No","No declarada en HTML inicial; SEO client-side solo al renderizar","No declarada en HTML inicial; SEO client-side solo al renderizar","noindex, nofollow (NotFound.tsx al renderizar)","noindex, nofollow (NotFound.tsx al renderizar)","No observado","No observado","No","Pendiente de revisión/hosting","El informe exige validación externa o manual antes de cambiarla."
"https://bringasinsurance.com/2025/07/30/prime-ultimate-strategies-to-get-robux-in-2025-fwyw1o2/feed/","URL spam, hackeada o generada por error","200","200","No","No","No","No","No declarada en HTML inicial; SEO client-side solo al renderizar","No declarada en HTML inicial; SEO client-side solo al renderizar","noindex, nofollow (NotFound.tsx al renderizar)","noindex, nofollow (NotFound.tsx al renderizar)","No observado","No observado","No","Pendiente de revisión/hosting","El informe exige validación externa o manual antes de cambiarla."
"https://bringasinsurance.com/2025/07/30/prime-ultimate-strategies-to-get-robux-in-2025-fwyw1o2/","URL spam, hackeada o generada por error","200","200","No","No","No","No","No declarada en HTML inicial; SEO client-side solo al renderizar","No declarada en HTML inicial; SEO client-side solo al renderizar","noindex, nofollow (NotFound.tsx al renderizar)","noindex, nofollow (NotFound.tsx al renderizar)","No observado","No observado","No","Pendiente de revisión/hosting","El informe exige validación externa o manual antes de cambiarla."
"https://bringasinsurance.com/2025/07/30/trending-gift-currency-to-friends-2025-i1u8otl/","URL spam, hackeada o generada por error","200","200","No","No","No","No","No declarada en HTML inicial; SEO client-side solo al renderizar","No declarada en HTML inicial; SEO client-side solo al renderizar","noindex, nofollow (NotFound.tsx al renderizar)","noindex, nofollow (NotFound.tsx al renderizar)","No observado","No observado","No","Pendiente de revisión/hosting","El informe exige validación externa o manual antes de cambiarla."
"https://bringasinsurance.com/2025/07/30/vvipbest-fhsezn-unlock-unlimited-resources-with-the-best-co-qbn01ge/","URL spam, hackeada o generada por error","200","200","No","No","No","No","No declarada en HTML inicial; SEO client-side solo al renderizar","No declarada en HTML inicial; SEO client-side solo al renderizar","noindex, nofollow (NotFound.tsx al renderizar)","noindex, nofollow (NotFound.tsx al renderizar)","No observado","No observado","No","Pendiente de revisión/hosting","El informe exige validación externa o manual antes de cambiarla."
"https://bringasinsurance.com/2025/07/30/reward-ugbzdx-8-ball-pool-free-coins-the-ultimate-guide-t-9o1dujg/","URL spam, hackeada o generada por error","200","200","No","No","No","No","No declarada en HTML inicial; SEO client-side solo al renderizar","No declarada en HTML inicial; SEO client-side solo al renderizar","noindex, nofollow (NotFound.tsx al renderizar)","noindex, nofollow (NotFound.tsx al renderizar)","No observado","No observado","No","Pendiente de revisión/hosting","El informe exige validación externa o manual antes de cambiarla."
"https://bringasinsurance.com/seguros-de-responsabilidad-general-en-seattle-washington/","URL movida con reemplazo equivalente","200","200","No","No","No","No","https://bringasinsurance.com/general-liability","https://bringasinsurance.com/general-liability","noindex, nofollow (NotFound.tsx al renderizar)","noindex, nofollow (NotFound.tsx al renderizar)","No observado","No observado","No","Pendiente de revisión/hosting","El informe exige validación externa o manual antes de cambiarla."
"https://bringasinsurance.com/2025/07/30/🎲-🚀-how-to-get-free-coins-in-lightning-link-casino-2025-easy-no-scam-💎-efgvym/","URL spam, hackeada o generada por error","200","200","No","No","No","No","No declarada en HTML inicial; SEO client-side solo al renderizar","No declarada en HTML inicial; SEO client-side solo al renderizar","noindex, nofollow (NotFound.tsx al renderizar)","noindex, nofollow (NotFound.tsx al renderizar)","No observado","No observado","No","Pendiente de revisión/hosting","El informe exige validación externa o manual antes de cambiarla."
"https://bringasinsurance.com/2025/07/30/nkxwihjt/","URL spam, hackeada o generada por error","200","200","No","No","No","No","No declarada en HTML inicial; SEO client-side solo al renderizar","No declarada en HTML inicial; SEO client-side solo al renderizar","noindex, nofollow (NotFound.tsx al renderizar)","noindex, nofollow (NotFound.tsx al renderizar)","No observado","No observado","No","Pendiente de revisión/hosting","El informe exige validación externa o manual antes de cambiarla."
"https://bringasinsurance.com/2025/07/30/0c2xbr3lh/","URL spam, hackeada o generada por error","200","200","No","No","No","No","No declarada en HTML inicial; SEO client-side solo al renderizar","No declarada en HTML inicial; SEO client-side solo al renderizar","noindex, nofollow (NotFound.tsx al renderizar)","noindex, nofollow (NotFound.tsx al renderizar)","No observado","No observado","No","Pendiente de revisión/hosting","El informe exige validación externa o manual antes de cambiarla."
"https://bringasinsurance.com/2025/07/30/vvipbest-wcerby-unlock-unlimited-resources-with-the-best-co-xpm5apr/","URL spam, hackeada o generada por error","200","200","No","No","No","No","No declarada en HTML inicial; SEO client-side solo al renderizar","No declarada en HTML inicial; SEO client-side solo al renderizar","noindex, nofollow (NotFound.tsx al renderizar)","noindex, nofollow (NotFound.tsx al renderizar)","No observado","No observado","No","Pendiente de revisión/hosting","El informe exige validación externa o manual antes de cambiarla."
"https://bringasinsurance.com/2025/07/30/new-ultimate-solution-for-getting-free-coins-6d6m07k/","URL spam, hackeada o generada por error","200","200","No","No","No","No","No declarada en HTML inicial; SEO client-side solo al renderizar","No declarada en HTML inicial; SEO client-side solo al renderizar","noindex, nofollow (NotFound.tsx al renderizar)","noindex, nofollow (NotFound.tsx al renderizar)","No observado","No observado","No","Pendiente de revisión/hosting","El informe exige validación externa o manual antes de cambiarla."
"https://bringasinsurance.com/?v=6211695456b2a3b2","Página válida que debe indexarse","200","200","No","No","Sí","Sí","https://bringasinsurance.com/","https://bringasinsurance.com/","No observado en HTML inicial; sin noindex en SEO.tsx","No observado en HTML inicial; sin noindex en SEO.tsx","No observado","No observado","No","Pendiente de revisión/hosting","El informe exige validación externa o manual antes de cambiarla."
"https://bringasinsurance.com/?v=8121766100cd11a0","Página válida que debe indexarse","200","200","No","No","Sí","Sí","https://bringasinsurance.com/","https://bringasinsurance.com/","No observado en HTML inicial; sin noindex en SEO.tsx","No observado en HTML inicial; sin noindex en SEO.tsx","No observado","No observado","No","Pendiente de revisión/hosting","El informe exige validación externa o manual antes de cambiarla."
"https://bringasinsurance.com/?v=832989016241a2f","Página válida que debe indexarse","200","200","No","No","Sí","Sí","https://bringasinsurance.com/","https://bringasinsurance.com/","No observado en HTML inicial; sin noindex en SEO.tsx","No observado en HTML inicial; sin noindex en SEO.tsx","No observado","No observado","No","Pendiente de revisión/hosting","El informe exige validación externa o manual antes de cambiarla."
"https://bringasinsurance.com/?v=2111791330419b03","Página válida que debe indexarse","200","200","No","No","Sí","Sí","https://bringasinsurance.com/","https://bringasinsurance.com/","No observado en HTML inicial; sin noindex en SEO.tsx","No observado en HTML inicial; sin noindex en SEO.tsx","No observado","No observado","No","Pendiente de revisión/hosting","El informe exige validación externa o manual antes de cambiarla."
"https://bringasinsurance.com/?v=302189225076a7e2","Página válida que debe indexarse","200","200","No","No","Sí","Sí","https://bringasinsurance.com/","https://bringasinsurance.com/","No observado en HTML inicial; sin noindex en SEO.tsx","No observado en HTML inicial; sin noindex en SEO.tsx","No observado","No observado","No","Pendiente de revisión/hosting","El informe exige validación externa o manual antes de cambiarla."
"https://bringasinsurance.com/?v=80098688b49f","Página válida que debe indexarse","200","200","No","No","Sí","Sí","https://bringasinsurance.com/","https://bringasinsurance.com/","No observado en HTML inicial; sin noindex en SEO.tsx","No observado en HTML inicial; sin noindex en SEO.tsx","No observado","No observado","No","Pendiente de revisión/hosting","El informe exige validación externa o manual antes de cambiarla."
"https://bringasinsurance.com/?v=291987f76467","Página válida que debe indexarse","200","200","No","No","Sí","Sí","https://bringasinsurance.com/","https://bringasinsurance.com/","No observado en HTML inicial; sin noindex en SEO.tsx","No observado en HTML inicial; sin noindex en SEO.tsx","No observado","No observado","No","Pendiente de revisión/hosting","El informe exige validación externa o manual antes de cambiarla."
"https://bringasinsurance.com/2025/07/30/epic-free-gem-strategies-for-brawl-stars/","URL spam, hackeada o generada por error","200","200","No","No","No","No","No declarada en HTML inicial; SEO client-side solo al renderizar","No declarada en HTML inicial; SEO client-side solo al renderizar","noindex, nofollow (NotFound.tsx al renderizar)","noindex, nofollow (NotFound.tsx al renderizar)","No observado","No observado","No","Pendiente de revisión/hosting","El informe exige validación externa o manual antes de cambiarla."
"https://bringasinsurance.com/es/seguros-de-propietarios-en-seattle-washington/","Caso que requiere revisión manual","200","200","No","No","No","No","No declarada en HTML inicial; SEO client-side solo al renderizar","No declarada en HTML inicial; SEO client-side solo al renderizar","noindex, nofollow (NotFound.tsx al renderizar)","noindex, nofollow (NotFound.tsx al renderizar)","No observado","No observado","No","Pendiente de revisión/hosting","El informe exige validación externa o manual antes de cambiarla."
"https://bringasinsurance.com/?v=9091917812b681ff","Página válida que debe indexarse","200","200","No","No","Sí","Sí","https://bringasinsurance.com/","https://bringasinsurance.com/","No observado en HTML inicial; sin noindex en SEO.tsx","No observado en HTML inicial; sin noindex en SEO.tsx","No observado","No observado","No","Pendiente de revisión/hosting","El informe exige validación externa o manual antes de cambiarla."
"https://bringasinsurance.com/2025/08/10/🕹️-🚀-how-to-get-free-coins-in-lightning-link-casino-2025-easy-no-scam-💎-dgitnb/","URL spam, hackeada o generada por error","200","200","No","No","No","No","No declarada en HTML inicial; SEO client-side solo al renderizar","No declarada en HTML inicial; SEO client-side solo al renderizar","noindex, nofollow (NotFound.tsx al renderizar)","noindex, nofollow (NotFound.tsx al renderizar)","No observado","No observado","No","Pendiente de revisión/hosting","El informe exige validación externa o manual antes de cambiarla."
"https://bringasinsurance.com/2025/07/30/trending-mzczwc-100-working-gaminator-free-coins-links-qrst-pc8zj10/","URL spam, hackeada o generada por error","200","200","No","No","No","No","No declarada en HTML inicial; SEO client-side solo al renderizar","No declarada en HTML inicial; SEO client-side solo al renderizar","noindex, nofollow (NotFound.tsx al renderizar)","noindex, nofollow (NotFound.tsx al renderizar)","No observado","No observado","No","Pendiente de revisión/hosting","El informe exige validación externa o manual antes de cambiarla."
"https://bringasinsurance.com/2025/07/30/v7rbh6vzo/","URL spam, hackeada o generada por error","200","200","No","No","No","No","No declarada en HTML inicial; SEO client-side solo al renderizar","No declarada en HTML inicial; SEO client-side solo al renderizar","noindex, nofollow (NotFound.tsx al renderizar)","noindex, nofollow (NotFound.tsx al renderizar)","No observado","No observado","No","Pendiente de revisión/hosting","El informe exige validación externa o manual antes de cambiarla."
"https://bringasinsurance.com/?v=9341786129c112e3","Página válida que debe indexarse","200","200","No","No","Sí","Sí","https://bringasinsurance.com/","https://bringasinsurance.com/","No observado en HTML inicial; sin noindex en SEO.tsx","No observado en HTML inicial; sin noindex en SEO.tsx","No observado","No observado","No","Pendiente de revisión/hosting","El informe exige validación externa o manual antes de cambiarla."
"https://bringasinsurance.com/?v=90615135318ce5b9","Página válida que debe indexarse","200","200","No","No","Sí","Sí","https://bringasinsurance.com/","https://bringasinsurance.com/","No observado en HTML inicial; sin noindex en SEO.tsx","No observado en HTML inicial; sin noindex en SEO.tsx","No observado","No observado","No","Pendiente de revisión/hosting","El informe exige validación externa o manual antes de cambiarla."
"https://bringasinsurance.com/es/seguros-para-motocicleta-en-seattle-washington/","Caso que requiere revisión manual","200","200","No","No","No","No","No declarada en HTML inicial; SEO client-side solo al renderizar","No declarada en HTML inicial; SEO client-side solo al renderizar","noindex, nofollow (NotFound.tsx al renderizar)","noindex, nofollow (NotFound.tsx al renderizar)","No observado","No observado","No","Pendiente de revisión/hosting","El informe exige validación externa o manual antes de cambiarla."
"https://bringasinsurance.com/seguros-para-motocicleta-en-seattle-washington/","URL movida con reemplazo equivalente","200","200","No","No","No","No","https://bringasinsurance.com/motorcycle-insurance","https://bringasinsurance.com/motorcycle-insurance","noindex, nofollow (NotFound.tsx al renderizar)","noindex, nofollow (NotFound.tsx al renderizar)","No observado","No observado","No","Pendiente de revisión/hosting","El informe exige validación externa o manual antes de cambiarla."
"https://bringasinsurance.com/?v=75911121099a5986","Página válida que debe indexarse","200","200","No","No","Sí","Sí","https://bringasinsurance.com/","https://bringasinsurance.com/","No observado en HTML inicial; sin noindex en SEO.tsx","No observado en HTML inicial; sin noindex en SEO.tsx","No observado","No observado","No","Pendiente de revisión/hosting","El informe exige validación externa o manual antes de cambiarla."
"https://bringasinsurance.com/?v=87918517248132c0","Página válida que debe indexarse","200","200","No","No","Sí","Sí","https://bringasinsurance.com/","https://bringasinsurance.com/","No observado en HTML inicial; sin noindex en SEO.tsx","No observado en HTML inicial; sin noindex en SEO.tsx","No observado","No observado","No","Pendiente de revisión/hosting","El informe exige validación externa o manual antes de cambiarla."
"https://bringasinsurance.com/?v=407107349898d62e","Página válida que debe indexarse","200","200","No","No","Sí","Sí","https://bringasinsurance.com/","https://bringasinsurance.com/","No observado en HTML inicial; sin noindex en SEO.tsx","No observado en HTML inicial; sin noindex en SEO.tsx","No observado","No observado","No","Pendiente de revisión/hosting","El informe exige validación externa o manual antes de cambiarla."
"https://bringasinsurance.com/?v=77710933681b716f","Página válida que debe indexarse","200","200","No","No","Sí","Sí","https://bringasinsurance.com/","https://bringasinsurance.com/","No observado en HTML inicial; sin noindex en SEO.tsx","No observado en HTML inicial; sin noindex en SEO.tsx","No observado","No observado","No","Pendiente de revisión/hosting","El informe exige validación externa o manual antes de cambiarla."
"https://bringasinsurance.com/2025/08/08/🎰-🚀-how-to-get-free-coins-in-lightning-link-casino-2025-easy-no-scam-💎-bsalxr/","URL spam, hackeada o generada por error","200","200","No","No","No","No","No declarada en HTML inicial; SEO client-side solo al renderizar","No declarada en HTML inicial; SEO client-side solo al renderizar","noindex, nofollow (NotFound.tsx al renderizar)","noindex, nofollow (NotFound.tsx al renderizar)","No observado","No observado","No","Pendiente de revisión/hosting","El informe exige validación externa o manual antes de cambiarla."
"https://bringasinsurance.com/2025/07/30/experience-avia-masters-slot-play-win-big-in-english-online-casino-for-new-zealand-players/","URL spam, hackeada o generada por error","200","200","No","No","No","No","No declarada en HTML inicial; SEO client-side solo al renderizar","No declarada en HTML inicial; SEO client-side solo al renderizar","noindex, nofollow (NotFound.tsx al renderizar)","noindex, nofollow (NotFound.tsx al renderizar)","No observado","No observado","No","Pendiente de revisión/hosting","El informe exige validación externa o manual antes de cambiarla."
"https://bringasinsurance.com/?v=0981539030ef814c","Página válida que debe indexarse","200","200","No","No","Sí","Sí","https://bringasinsurance.com/","https://bringasinsurance.com/","No observado en HTML inicial; sin noindex en SEO.tsx","No observado en HTML inicial; sin noindex en SEO.tsx","No observado","No observado","No","Pendiente de revisión/hosting","El informe exige validación externa o manual antes de cambiarla."
"https://bringasinsurance.com/?v=2701771320f80db8","Página válida que debe indexarse","200","200","No","No","Sí","Sí","https://bringasinsurance.com/","https://bringasinsurance.com/","No observado en HTML inicial; sin noindex en SEO.tsx","No observado en HTML inicial; sin noindex en SEO.tsx","No observado","No observado","No","Pendiente de revisión/hosting","El informe exige validación externa o manual antes de cambiarla."
"https://bringasinsurance.com/2025/07/30/8-ways-to-get-free-dice-dream-rolls-links-2025-ultimate-method-j64vsb/","URL spam, hackeada o generada por error","200","200","No","No","No","No","No declarada en HTML inicial; SEO client-side solo al renderizar","No declarada en HTML inicial; SEO client-side solo al renderizar","noindex, nofollow (NotFound.tsx al renderizar)","noindex, nofollow (NotFound.tsx al renderizar)","No observado","No observado","No","Pendiente de revisión/hosting","El informe exige validación externa o manual antes de cambiarla."
"https://bringasinsurance.com/?v=708127142992a748","Página válida que debe indexarse","200","200","No","No","Sí","Sí","https://bringasinsurance.com/","https://bringasinsurance.com/","No observado en HTML inicial; sin noindex en SEO.tsx","No observado en HTML inicial; sin noindex en SEO.tsx","No observado","No observado","No","Pendiente de revisión/hosting","El informe exige validación externa o manual antes de cambiarla."
"https://bringasinsurance.com/?v=319550014ed7770","Página válida que debe indexarse","200","200","No","No","Sí","Sí","https://bringasinsurance.com/","https://bringasinsurance.com/","No observado en HTML inicial; sin noindex en SEO.tsx","No observado en HTML inicial; sin noindex en SEO.tsx","No observado","No observado","No","Pendiente de revisión/hosting","El informe exige validación externa o manual antes de cambiarla."
"https://bringasinsurance.com/?v=0981986728cc5b0a","Página válida que debe indexarse","200","200","No","No","Sí","Sí","https://bringasinsurance.com/","https://bringasinsurance.com/","No observado en HTML inicial; sin noindex en SEO.tsx","No observado en HTML inicial; sin noindex en SEO.tsx","No observado","No observado","No","Pendiente de revisión/hosting","El informe exige validación externa o manual antes de cambiarla."
"https://bringasinsurance.com/?v=34818014223e8f19","Página válida que debe indexarse","200","200","No","No","Sí","Sí","https://bringasinsurance.com/","https://bringasinsurance.com/","No observado en HTML inicial; sin noindex en SEO.tsx","No observado en HTML inicial; sin noindex en SEO.tsx","No observado","No observado","No","Pendiente de revisión/hosting","El informe exige validación externa o manual antes de cambiarla."
"https://bringasinsurance.com/?v=5171761054ba005f","Página válida que debe indexarse","200","200","No","No","Sí","Sí","https://bringasinsurance.com/","https://bringasinsurance.com/","No observado en HTML inicial; sin noindex en SEO.tsx","No observado en HTML inicial; sin noindex en SEO.tsx","No observado","No observado","No","Pendiente de revisión/hosting","El informe exige validación externa o manual antes de cambiarla."
"https://bringasinsurance.com/match-dwnglg-new-match-masters-free-gifts-1000-coins-and-bmksgfh","URL spam, hackeada o generada por error","200","200","No","No","No","No","No declarada en HTML inicial; SEO client-side solo al renderizar","No declarada en HTML inicial; SEO client-side solo al renderizar","noindex, nofollow (NotFound.tsx al renderizar)","noindex, nofollow (NotFound.tsx al renderizar)","No observado","No observado","No","Pendiente de revisión/hosting","El informe exige validación externa o manual antes de cambiarla."
"https://bringasinsurance.com/2025/08/08/match-dwnglg-new-match-masters-free-gifts-1000-coins-and-bmksgfh/","URL spam, hackeada o generada por error","200","200","No","No","No","No","No declarada en HTML inicial; SEO client-side solo al renderizar","No declarada en HTML inicial; SEO client-side solo al renderizar","noindex, nofollow (NotFound.tsx al renderizar)","noindex, nofollow (NotFound.tsx al renderizar)","No observado","No observado","No","Pendiente de revisión/hosting","El informe exige validación externa o manual antes de cambiarla."
"https://bringasinsurance.com/2025/07/30/yrjbue-board-kings-cheats-free-gems-generator-2024-no-verification-new-method/","URL spam, hackeada o generada por error","200","200","No","No","No","No","No declarada en HTML inicial; SEO client-side solo al renderizar","No declarada en HTML inicial; SEO client-side solo al renderizar","noindex, nofollow (NotFound.tsx al renderizar)","noindex, nofollow (NotFound.tsx al renderizar)","No observado","No observado","No","Pendiente de revisión/hosting","El informe exige validación externa o manual antes de cambiarla."
"https://bringasinsurance.com/?v=210878004358f95","Página válida que debe indexarse","200","200","No","No","Sí","Sí","https://bringasinsurance.com/","https://bringasinsurance.com/","No observado en HTML inicial; sin noindex en SEO.tsx","No observado en HTML inicial; sin noindex en SEO.tsx","No observado","No observado","No","Pendiente de revisión/hosting","El informe exige validación externa o manual antes de cambiarla."
"https://bringasinsurance.com/2025/07/30/🎯-exactly-how-to-get-free-amazon-gift-cards-easily-no-scam-just-rewards-f99nqi/","URL spam, hackeada o generada por error","200","200","No","No","No","No","No declarada en HTML inicial; SEO client-side solo al renderizar","No declarada en HTML inicial; SEO client-side solo al renderizar","noindex, nofollow (NotFound.tsx al renderizar)","noindex, nofollow (NotFound.tsx al renderizar)","No observado","No observado","No","Pendiente de revisión/hosting","El informe exige validación externa o manual antes de cambiarla."
"https://bringasinsurance.com/2025/07/30/dmh0q2s9w2/feed/","URL spam, hackeada o generada por error","200","200","No","No","No","No","No declarada en HTML inicial; SEO client-side solo al renderizar","No declarada en HTML inicial; SEO client-side solo al renderizar","noindex, nofollow (NotFound.tsx al renderizar)","noindex, nofollow (NotFound.tsx al renderizar)","No observado","No observado","No","Pendiente de revisión/hosting","El informe exige validación externa o manual antes de cambiarla."
"https://bringasinsurance.com/2025/07/30/dmh0q2s9w2/","URL spam, hackeada o generada por error","200","200","No","No","No","No","No declarada en HTML inicial; SEO client-side solo al renderizar","No declarada en HTML inicial; SEO client-side solo al renderizar","noindex, nofollow (NotFound.tsx al renderizar)","noindex, nofollow (NotFound.tsx al renderizar)","No observado","No observado","No","Pendiente de revisión/hosting","El informe exige validación externa o manual antes de cambiarla."
"https://bringasinsurance.com/2025/07/30/🎯-how-to-get-free-amazon-gift-cards-easily-no-scam-just-rewards-x7bxt7/","URL spam, hackeada o generada por error","200","200","No","No","No","No","No declarada en HTML inicial; SEO client-side solo al renderizar","No declarada en HTML inicial; SEO client-side solo al renderizar","noindex, nofollow (NotFound.tsx al renderizar)","noindex, nofollow (NotFound.tsx al renderizar)","No observado","No observado","No","Pendiente de revisión/hosting","El informe exige validación externa o manual antes de cambiarla."
"https://bringasinsurance.com/es/seguro-para-vehiculos-recreativos-en-seattle-washington/","Caso que requiere revisión manual","200","200","No","No","No","No","No declarada en HTML inicial; SEO client-side solo al renderizar","No declarada en HTML inicial; SEO client-side solo al renderizar","noindex, nofollow (NotFound.tsx al renderizar)","noindex, nofollow (NotFound.tsx al renderizar)","No observado","No observado","No","Pendiente de revisión/hosting","El informe exige validación externa o manual antes de cambiarla."
"https://bringasinsurance.com/seguros-para-propietarios-de-edificios-en-seattle-washington/","URL movida con reemplazo equivalente","200","200","No","No","No","No","https://bringasinsurance.com/building-owners","https://bringasinsurance.com/building-owners","noindex, nofollow (NotFound.tsx al renderizar)","noindex, nofollow (NotFound.tsx al renderizar)","No observado","No observado","No","Pendiente de revisión/hosting","El informe exige validación externa o manual antes de cambiarla."
"https://bringasinsurance.com/2025/07/30/🕹️-exactly-how-to-get-free-amazon-gift-cards-easily-no-scam-just-rewards-adoq6v/","URL spam, hackeada o generada por error","200","200","No","No","No","No","No declarada en HTML inicial; SEO client-side solo al renderizar","No declarada en HTML inicial; SEO client-side solo al renderizar","noindex, nofollow (NotFound.tsx al renderizar)","noindex, nofollow (NotFound.tsx al renderizar)","No observado","No observado","No","Pendiente de revisión/hosting","El informe exige validación externa o manual antes de cambiarla."
"https://bringasinsurance.com/2025/07/30/🕹️-how-to-get-free-amazon-gift-cards-easily-no-scam-just-rewards-bxtrf5/","URL spam, hackeada o generada por error","200","200","No","No","No","No","No declarada en HTML inicial; SEO client-side solo al renderizar","No declarada en HTML inicial; SEO client-side solo al renderizar","noindex, nofollow (NotFound.tsx al renderizar)","noindex, nofollow (NotFound.tsx al renderizar)","No observado","No observado","No","Pendiente de revisión/hosting","El informe exige validación externa o manual antes de cambiarla."
"https://bringasinsurance.com/2025/07/30/🎰-how-to-get-free-amazon-gift-cards-easily-no-scam-just-rewards-1yxgqm/","URL spam, hackeada o generada por error","200","200","No","No","No","No","No declarada en HTML inicial; SEO client-side solo al renderizar","No declarada en HTML inicial; SEO client-side solo al renderizar","noindex, nofollow (NotFound.tsx al renderizar)","noindex, nofollow (NotFound.tsx al renderizar)","No observado","No observado","No","Pendiente de revisión/hosting","El informe exige validación externa o manual antes de cambiarla."
"https://bringasinsurance.com/2025/07/30/🎰-how-to-get-free-amazon-gift-cards-easily-no-scam-just-rewards-70susi-2/","URL spam, hackeada o generada por error","200","200","No","No","No","No","No declarada en HTML inicial; SEO client-side solo al renderizar","No declarada en HTML inicial; SEO client-side solo al renderizar","noindex, nofollow (NotFound.tsx al renderizar)","noindex, nofollow (NotFound.tsx al renderizar)","No observado","No observado","No","Pendiente de revisión/hosting","El informe exige validación externa o manual antes de cambiarla."
"https://bringasinsurance.com/2025/07/30/ghbdhc-board-kings-cheats-free-gems-generator-2024-no-verification-new-method/","URL spam, hackeada o generada por error","200","200","No","No","No","No","No declarada en HTML inicial; SEO client-side solo al renderizar","No declarada en HTML inicial; SEO client-side solo al renderizar","noindex, nofollow (NotFound.tsx al renderizar)","noindex, nofollow (NotFound.tsx al renderizar)","No observado","No observado","No","Pendiente de revisión/hosting","El informe exige validación externa o manual antes de cambiarla."
"https://bringasinsurance.com/2025/08/07/bahiscasino-casino-turkiyede-para-yatyrma-ve-cekme-24/","URL spam, hackeada o generada por error","200","200","No","No","No","No","No declarada en HTML inicial; SEO client-side solo al renderizar","No declarada en HTML inicial; SEO client-side solo al renderizar","noindex, nofollow (NotFound.tsx al renderizar)","noindex, nofollow (NotFound.tsx al renderizar)","No observado","No observado","No","Pendiente de revisión/hosting","El informe exige validación externa o manual antes de cambiarla."
"https://bringasinsurance.com/2025/08/10/bq2n82ru/","URL spam, hackeada o generada por error","200","200","No","No","No","No","No declarada en HTML inicial; SEO client-side solo al renderizar","No declarada en HTML inicial; SEO client-side solo al renderizar","noindex, nofollow (NotFound.tsx al renderizar)","noindex, nofollow (NotFound.tsx al renderizar)","No observado","No observado","No","Pendiente de revisión/hosting","El informe exige validación externa o manual antes de cambiarla."
"https://bringasinsurance.com/?v=62012674905449f8","Página válida que debe indexarse","200","200","No","No","Sí","Sí","https://bringasinsurance.com/","https://bringasinsurance.com/","No observado en HTML inicial; sin noindex en SEO.tsx","No observado en HTML inicial; sin noindex en SEO.tsx","No observado","No observado","No","Pendiente de revisión/hosting","El informe exige validación externa o manual antes de cambiarla."
"https://bringasinsurance.com/2025/08/11/spin-for-big-wins-at-slots-basaribet/","URL spam, hackeada o generada por error","200","200","No","No","No","No","No declarada en HTML inicial; SEO client-side solo al renderizar","No declarada en HTML inicial; SEO client-side solo al renderizar","noindex, nofollow (NotFound.tsx al renderizar)","noindex, nofollow (NotFound.tsx al renderizar)","No observado","No observado","No","Pendiente de revisión/hosting","El informe exige validación externa o manual antes de cambiarla."
"https://bringasinsurance.com/2025/07/30/2ukyelksn/","URL spam, hackeada o generada por error","200","200","No","No","No","No","No declarada en HTML inicial; SEO client-side solo al renderizar","No declarada en HTML inicial; SEO client-side solo al renderizar","noindex, nofollow (NotFound.tsx al renderizar)","noindex, nofollow (NotFound.tsx al renderizar)","No observado","No observado","No","Pendiente de revisión/hosting","El informe exige validación externa o manual antes de cambiarla."
"https://bringasinsurance.com/2025/07/30/hdbg8swq/","URL spam, hackeada o generada por error","200","200","No","No","No","No","No declarada en HTML inicial; SEO client-side solo al renderizar","No declarada en HTML inicial; SEO client-side solo al renderizar","noindex, nofollow (NotFound.tsx al renderizar)","noindex, nofollow (NotFound.tsx al renderizar)","No observado","No observado","No","Pendiente de revisión/hosting","El informe exige validación externa o manual antes de cambiarla."
"https://bringasinsurance.com/?v=8101783803d15b8a","Página válida que debe indexarse","200","200","No","No","Sí","Sí","https://bringasinsurance.com/","https://bringasinsurance.com/","No observado en HTML inicial; sin noindex en SEO.tsx","No observado en HTML inicial; sin noindex en SEO.tsx","No observado","No observado","No","Pendiente de revisión/hosting","El informe exige validación externa o manual antes de cambiarla."
"https://bringasinsurance.com/2025/08/10/vcga9mghh/","URL spam, hackeada o generada por error","200","200","No","No","No","No","No declarada en HTML inicial; SEO client-side solo al renderizar","No declarada en HTML inicial; SEO client-side solo al renderizar","noindex, nofollow (NotFound.tsx al renderizar)","noindex, nofollow (NotFound.tsx al renderizar)","No observado","No observado","No","Pendiente de revisión/hosting","El informe exige validación externa o manual antes de cambiarla."
"https://bringasinsurance.com/2025/07/30/mega-mhiisz-8-ball-pool-free-coins-the-ultimate-guide-t-thy4xho/","URL spam, hackeada o generada por error","200","200","No","No","No","No","No declarada en HTML inicial; SEO client-side solo al renderizar","No declarada en HTML inicial; SEO client-side solo al renderizar","noindex, nofollow (NotFound.tsx al renderizar)","noindex, nofollow (NotFound.tsx al renderizar)","No observado","No observado","No","Pendiente de revisión/hosting","El informe exige validación externa o manual antes de cambiarla."
"https://bringasinsurance.com/2025/07/30/hot-complete-solution-for-card-activation-n3qn5us/","URL spam, hackeada o generada por error","200","200","No","No","No","No","No declarada en HTML inicial; SEO client-side solo al renderizar","No declarada en HTML inicial; SEO client-side solo al renderizar","noindex, nofollow (NotFound.tsx al renderizar)","noindex, nofollow (NotFound.tsx al renderizar)","No observado","No observado","No","Pendiente de revisión/hosting","El informe exige validación externa o manual antes de cambiarla."
"https://bringasinsurance.com/2025/07/30/048jeo400f/","URL spam, hackeada o generada por error","200","200","No","No","No","No","No declarada en HTML inicial; SEO client-side solo al renderizar","No declarada en HTML inicial; SEO client-side solo al renderizar","noindex, nofollow (NotFound.tsx al renderizar)","noindex, nofollow (NotFound.tsx al renderizar)","No observado","No observado","No","Pendiente de revisión/hosting","El informe exige validación externa o manual antes de cambiarla."
"https://bringasinsurance.com/?v=0471432047d1c01a","Página válida que debe indexarse","200","200","No","No","Sí","Sí","https://bringasinsurance.com/","https://bringasinsurance.com/","No observado en HTML inicial; sin noindex en SEO.tsx","No observado en HTML inicial; sin noindex en SEO.tsx","No observado","No observado","No","Pendiente de revisión/hosting","El informe exige validación externa o manual antes de cambiarla."
"https://bringasinsurance.com/2025/08/04/experience-the-thrill-of-barz-casino-play-popular-casino-games-online-in-english-for-the-uk/","URL spam, hackeada o generada por error","200","200","No","No","No","No","No declarada en HTML inicial; SEO client-side solo al renderizar","No declarada en HTML inicial; SEO client-side solo al renderizar","noindex, nofollow (NotFound.tsx al renderizar)","noindex, nofollow (NotFound.tsx al renderizar)","No observado","No observado","No","Pendiente de revisión/hosting","El informe exige validación externa o manual antes de cambiarla."
"https://bringasinsurance.com/2025/07/30/🎰-taonga-island-quest-scoop-up-free-riches-jewels-in-2025-glory5uc16n-c0ro2y/","URL spam, hackeada o generada por error","200","200","No","No","No","No","No declarada en HTML inicial; SEO client-side solo al renderizar","No declarada en HTML inicial; SEO client-side solo al renderizar","noindex, nofollow (NotFound.tsx al renderizar)","noindex, nofollow (NotFound.tsx al renderizar)","No observado","No observado","No","Pendiente de revisión/hosting","El informe exige validación externa o manual antes de cambiarla."
"https://bringasinsurance.com/?v=53211192204f3eed","Página válida que debe indexarse","200","200","No","No","Sí","Sí","https://bringasinsurance.com/","https://bringasinsurance.com/","No observado en HTML inicial; sin noindex en SEO.tsx","No observado en HTML inicial; sin noindex en SEO.tsx","No observado","No observado","No","Pendiente de revisión/hosting","El informe exige validación externa o manual antes de cambiarla."
"https://bringasinsurance.com/2025/08/10/k8x4hs04/","URL spam, hackeada o generada por error","200","200","No","No","No","No","No declarada en HTML inicial; SEO client-side solo al renderizar","No declarada en HTML inicial; SEO client-side solo al renderizar","noindex, nofollow (NotFound.tsx al renderizar)","noindex, nofollow (NotFound.tsx al renderizar)","No observado","No observado","No","Pendiente de revisión/hosting","El informe exige validación externa o manual antes de cambiarla."
"https://bringasinsurance.com/?v=2761375572d0f369","Página válida que debe indexarse","200","200","No","No","Sí","Sí","https://bringasinsurance.com/","https://bringasinsurance.com/","No observado en HTML inicial; sin noindex en SEO.tsx","No observado en HTML inicial; sin noindex en SEO.tsx","No observado","No observado","No","Pendiente de revisión/hosting","El informe exige validación externa o manual antes de cambiarla."
"https://bringasinsurance.com/2025/07/30/xwxd0fo8/","URL spam, hackeada o generada por error","200","200","No","No","No","No","No declarada en HTML inicial; SEO client-side solo al renderizar","No declarada en HTML inicial; SEO client-side solo al renderizar","noindex, nofollow (NotFound.tsx al renderizar)","noindex, nofollow (NotFound.tsx al renderizar)","No observado","No observado","No","Pendiente de revisión/hosting","El informe exige validación externa o manual antes de cambiarla."
"https://bringasinsurance.com/2025/07/30/rjl5f7be0k/","URL spam, hackeada o generada por error","200","200","No","No","No","No","No declarada en HTML inicial; SEO client-side solo al renderizar","No declarada en HTML inicial; SEO client-side solo al renderizar","noindex, nofollow (NotFound.tsx al renderizar)","noindex, nofollow (NotFound.tsx al renderizar)","No observado","No observado","No","Pendiente de revisión/hosting","El informe exige validación externa o manual antes de cambiarla."
"https://bringasinsurance.com/2025/07/30/grab-free-double-down-casino-hack-working-tmle78d/","URL spam, hackeada o generada por error","200","200","No","No","No","No","No declarada en HTML inicial; SEO client-side solo al renderizar","No declarada en HTML inicial; SEO client-side solo al renderizar","noindex, nofollow (NotFound.tsx al renderizar)","noindex, nofollow (NotFound.tsx al renderizar)","No observado","No observado","No","Pendiente de revisión/hosting","El informe exige validación externa o manual antes de cambiarla."
"https://bringasinsurance.com/2025/07/30/vdzu1k7vzd/","URL spam, hackeada o generada por error","200","200","No","No","No","No","No declarada en HTML inicial; SEO client-side solo al renderizar","No declarada en HTML inicial; SEO client-side solo al renderizar","noindex, nofollow (NotFound.tsx al renderizar)","noindex, nofollow (NotFound.tsx al renderizar)","No observado","No observado","No","Pendiente de revisión/hosting","El informe exige validación externa o manual antes de cambiarla."
"https://bringasinsurance.com/2025/07/30/grab-how-to-play-double-down-casino-on-pc-tutorial-a1xgmli/","URL spam, hackeada o generada por error","200","200","No","No","No","No","No declarada en HTML inicial; SEO client-side solo al renderizar","No declarada en HTML inicial; SEO client-side solo al renderizar","noindex, nofollow (NotFound.tsx al renderizar)","noindex, nofollow (NotFound.tsx al renderizar)","No observado","No observado","No","Pendiente de revisión/hosting","El informe exige validación externa o manual antes de cambiarla."
"https://bringasinsurance.com/2025/07/30/9l9vpg6v/","URL spam, hackeada o generada por error","200","200","No","No","No","No","No declarada en HTML inicial; SEO client-side solo al renderizar","No declarada en HTML inicial; SEO client-side solo al renderizar","noindex, nofollow (NotFound.tsx al renderizar)","noindex, nofollow (NotFound.tsx al renderizar)","No observado","No observado","No","Pendiente de revisión/hosting","El informe exige validación externa o manual antes de cambiarla."
"https://bringasinsurance.com/contacto/","URL movida con reemplazo equivalente","200","200","No","No","No","No","https://bringasinsurance.com/contact","https://bringasinsurance.com/contact","noindex, nofollow (NotFound.tsx al renderizar)","noindex, nofollow (NotFound.tsx al renderizar)","No observado","No observado","No","Pendiente de revisión/hosting","El informe exige validación externa o manual antes de cambiarla."
"https://bringasinsurance.com/?v=96265598020db4c","Página válida que debe indexarse","200","200","No","No","Sí","Sí","https://bringasinsurance.com/","https://bringasinsurance.com/","No observado en HTML inicial; sin noindex en SEO.tsx","No observado en HTML inicial; sin noindex en SEO.tsx","No observado","No observado","No","Pendiente de revisión/hosting","El informe exige validación externa o manual antes de cambiarla."
"https://bringasinsurance.com/2025/07/30/prime-vjkekb-new-match-masters-free-gifts-1000-coins-and-zs9n6or/","URL spam, hackeada o generada por error","200","200","No","No","No","No","No declarada en HTML inicial; SEO client-side solo al renderizar","No declarada en HTML inicial; SEO client-side solo al renderizar","noindex, nofollow (NotFound.tsx al renderizar)","noindex, nofollow (NotFound.tsx al renderizar)","No observado","No observado","No","Pendiente de revisión/hosting","El informe exige validación externa o manual antes de cambiarla."
"https://bringasinsurance.com/2025/07/30/v3nxiwls/","URL spam, hackeada o generada por error","200","200","No","No","No","No","No declarada en HTML inicial; SEO client-side solo al renderizar","No declarada en HTML inicial; SEO client-side solo al renderizar","noindex, nofollow (NotFound.tsx al renderizar)","noindex, nofollow (NotFound.tsx al renderizar)","No observado","No observado","No","Pendiente de revisión/hosting","El informe exige validación externa o manual antes de cambiarla."
"https://bringasinsurance.com/v3nxiwls","Problema cuyo origen está fuera del repositorio","200","200","No","No","No","No","No declarada en HTML inicial; SEO client-side solo al renderizar","No declarada en HTML inicial; SEO client-side solo al renderizar","noindex, nofollow (NotFound.tsx al renderizar)","noindex, nofollow (NotFound.tsx al renderizar)","No observado","No observado","No","Pendiente de revisión/hosting","El informe exige validación externa o manual antes de cambiarla."
"https://bringasinsurance.com/category/lightning-link-casino-free-coins/feed/","URL spam, hackeada o generada por error","200","200","No","No","No","No","No declarada en HTML inicial; SEO client-side solo al renderizar","No declarada en HTML inicial; SEO client-side solo al renderizar","noindex, nofollow (NotFound.tsx al renderizar)","noindex, nofollow (NotFound.tsx al renderizar)","No observado","No observado","No","Pendiente de revisión/hosting","El informe exige validación externa o manual antes de cambiarla."
"https://bringasinsurance.com/?v=046590382b0c27e","Página válida que debe indexarse","200","200","No","No","Sí","Sí","https://bringasinsurance.com/","https://bringasinsurance.com/","No observado en HTML inicial; sin noindex en SEO.tsx","No observado en HTML inicial; sin noindex en SEO.tsx","No observado","No observado","No","Pendiente de revisión/hosting","El informe exige validación externa o manual antes de cambiarla."
"https://bringasinsurance.com/2025/07/30/exclusive-top-ways-to-get-chips-in-2025-shd0m8e/","URL spam, hackeada o generada por error","200","200","No","No","No","No","No declarada en HTML inicial; SEO client-side solo al renderizar","No declarada en HTML inicial; SEO client-side solo al renderizar","noindex, nofollow (NotFound.tsx al renderizar)","noindex, nofollow (NotFound.tsx al renderizar)","No observado","No observado","No","Pendiente de revisión/hosting","El informe exige validación externa o manual antes de cambiarla."
"https://bringasinsurance.com/?v=98962570484c764","Página válida que debe indexarse","200","200","No","No","Sí","Sí","https://bringasinsurance.com/","https://bringasinsurance.com/","No observado en HTML inicial; sin noindex en SEO.tsx","No observado en HTML inicial; sin noindex en SEO.tsx","No observado","No observado","No","Pendiente de revisión/hosting","El informe exige validación externa o manual antes de cambiarla."
"https://bringasinsurance.com/?v=648746808e5cd8e","Página válida que debe indexarse","200","200","No","No","Sí","Sí","https://bringasinsurance.com/","https://bringasinsurance.com/","No observado en HTML inicial; sin noindex en SEO.tsx","No observado en HTML inicial; sin noindex en SEO.tsx","No observado","No observado","No","Pendiente de revisión/hosting","El informe exige validación externa o manual antes de cambiarla."
"https://bringasinsurance.com/2025/07/30/crush-it-with-free-brawl-stars-crystals/","URL spam, hackeada o generada por error","200","200","No","No","No","No","No declarada en HTML inicial; SEO client-side solo al renderizar","No declarada en HTML inicial; SEO client-side solo al renderizar","noindex, nofollow (NotFound.tsx al renderizar)","noindex, nofollow (NotFound.tsx al renderizar)","No observado","No observado","No","Pendiente de revisión/hosting","El informe exige validación externa o manual antes de cambiarla."
"https://bringasinsurance.com/2025/07/30/jfszderkj/","URL spam, hackeada o generada por error","200","200","No","No","No","No","No declarada en HTML inicial; SEO client-side solo al renderizar","No declarada en HTML inicial; SEO client-side solo al renderizar","noindex, nofollow (NotFound.tsx al renderizar)","noindex, nofollow (NotFound.tsx al renderizar)","No observado","No observado","No","Pendiente de revisión/hosting","El informe exige validación externa o manual antes de cambiarla."
"https://bringasinsurance.com/2025/08/07/doubledown-free-unlimited-chips-no-verification-nh6c88n/","URL spam, hackeada o generada por error","200","200","No","No","No","No","No declarada en HTML inicial; SEO client-side solo al renderizar","No declarada en HTML inicial; SEO client-side solo al renderizar","noindex, nofollow (NotFound.tsx al renderizar)","noindex, nofollow (NotFound.tsx al renderizar)","No observado","No observado","No","Pendiente de revisión/hosting","El informe exige validación externa o manual antes de cambiarla."
"https://bringasinsurance.com/2025/08/08/🎲-🚀-how-to-get-free-coins-in-lightning-link-casino-2025-easy-no-scam-💎-abjayi/","URL spam, hackeada o generada por error","200","200","No","No","No","No","No declarada en HTML inicial; SEO client-side solo al renderizar","No declarada en HTML inicial; SEO client-side solo al renderizar","noindex, nofollow (NotFound.tsx al renderizar)","noindex, nofollow (NotFound.tsx al renderizar)","No observado","No observado","No","Pendiente de revisión/hosting","El informe exige validación externa o manual antes de cambiarla."
"https://bringasinsurance.com/2025/07/30/top-ways-to-collect-free-brawl-stars-gems/","URL spam, hackeada o generada por error","200","200","No","No","No","No","No declarada en HTML inicial; SEO client-side solo al renderizar","No declarada en HTML inicial; SEO client-side solo al renderizar","noindex, nofollow (NotFound.tsx al renderizar)","noindex, nofollow (NotFound.tsx al renderizar)","No observado","No observado","No","Pendiente de revisión/hosting","El informe exige validación externa o manual antes de cambiarla."
"https://bringasinsurance.com/2025/08/13/experience-the-thrill-of-gigadats-casino-play-online-in-english-from-canada/","URL spam, hackeada o generada por error","200","200","No","No","No","No","No declarada en HTML inicial; SEO client-side solo al renderizar","No declarada en HTML inicial; SEO client-side solo al renderizar","noindex, nofollow (NotFound.tsx al renderizar)","noindex, nofollow (NotFound.tsx al renderizar)","No observado","No observado","No","Pendiente de revisión/hosting","El informe exige validación externa o manual antes de cambiarla."
"https://bringasinsurance.com/98206213192.htm","URL spam, hackeada o generada por error","404","404","No","No","No","No","No declarada en HTML inicial; SEO client-side solo al renderizar","No declarada en HTML inicial; SEO client-side solo al renderizar","noindex, nofollow (NotFound.tsx al renderizar)","noindex, nofollow (NotFound.tsx al renderizar)","No observado","No observado","No","Preservado: 404 ya observado","La URL ya devuelve 404; no se añadió una regla no verificada."
"https://bringasinsurance.com/2025/08/05/experience-englishspeaking-online-casinos-in-canada-play-at-gigadats-toprated-gambling-platform/","URL spam, hackeada o generada por error","200","200","No","No","No","No","No declarada en HTML inicial; SEO client-side solo al renderizar","No declarada en HTML inicial; SEO client-side solo al renderizar","noindex, nofollow (NotFound.tsx al renderizar)","noindex, nofollow (NotFound.tsx al renderizar)","No observado","No observado","No","Pendiente de revisión/hosting","El informe exige validación externa o manual antes de cambiarla."
"https://bringasinsurance.com/w22zmd5m","Problema cuyo origen está fuera del repositorio","200","200","No","No","No","No","No declarada en HTML inicial; SEO client-side solo al renderizar","No declarada en HTML inicial; SEO client-side solo al renderizar","noindex, nofollow (NotFound.tsx al renderizar)","noindex, nofollow (NotFound.tsx al renderizar)","No observado","No observado","No","Pendiente de revisión/hosting","El informe exige validación externa o manual antes de cambiarla."
"https://bringasinsurance.com/1uk3h46o","Problema cuyo origen está fuera del repositorio","200","200","No","No","No","No","No declarada en HTML inicial; SEO client-side solo al renderizar","No declarada en HTML inicial; SEO client-side solo al renderizar","noindex, nofollow (NotFound.tsx al renderizar)","noindex, nofollow (NotFound.tsx al renderizar)","No observado","No observado","No","Pendiente de revisión/hosting","El informe exige validación externa o manual antes de cambiarla."
"https://bringasinsurance.com/g1ajkimh","Problema cuyo origen está fuera del repositorio","200","200","No","No","No","No","No declarada en HTML inicial; SEO client-side solo al renderizar","No declarada en HTML inicial; SEO client-side solo al renderizar","noindex, nofollow (NotFound.tsx al renderizar)","noindex, nofollow (NotFound.tsx al renderizar)","No observado","No observado","No","Pendiente de revisión/hosting","El informe exige validación externa o manual antes de cambiarla."
"https://bringasinsurance.com/n98xa9pm","Problema cuyo origen está fuera del repositorio","200","200","No","No","No","No","No declarada en HTML inicial; SEO client-side solo al renderizar","No declarada en HTML inicial; SEO client-side solo al renderizar","noindex, nofollow (NotFound.tsx al renderizar)","noindex, nofollow (NotFound.tsx al renderizar)","No observado","No observado","No","Pendiente de revisión/hosting","El informe exige validación externa o manual antes de cambiarla."
"https://bringasinsurance.com/vviptrending-krtors-unlock-unlimited-resources-with-the-best-co-fypw1t3","URL spam, hackeada o generada por error","200","200","No","No","No","No","No declarada en HTML inicial; SEO client-side solo al renderizar","No declarada en HTML inicial; SEO client-side solo al renderizar","noindex, nofollow (NotFound.tsx al renderizar)","noindex, nofollow (NotFound.tsx al renderizar)","No observado","No observado","No","Pendiente de revisión/hosting","El informe exige validación externa o manual antes de cambiarla."
"https://bringasinsurance.com/1fvhbitd","Problema cuyo origen está fuera del repositorio","200","200","No","No","No","No","No declarada en HTML inicial; SEO client-side solo al renderizar","No declarada en HTML inicial; SEO client-side solo al renderizar","noindex, nofollow (NotFound.tsx al renderizar)","noindex, nofollow (NotFound.tsx al renderizar)","No observado","No observado","No","Pendiente de revisión/hosting","El informe exige validación externa o manual antes de cambiarla."
"https://bringasinsurance.com/2025/07/30/1fvhbitd/","URL spam, hackeada o generada por error","200","200","No","No","No","No","No declarada en HTML inicial; SEO client-side solo al renderizar","No declarada en HTML inicial; SEO client-side solo al renderizar","noindex, nofollow (NotFound.tsx al renderizar)","noindex, nofollow (NotFound.tsx al renderizar)","No observado","No observado","No","Pendiente de revisión/hosting","El informe exige validación externa o manual antes de cambiarla."
"https://bringasinsurance.com/vvipbest-fhsezn-unlock-unlimited-resources-with-the-best-co-qbn01ge","URL spam, hackeada o generada por error","200","200","No","No","No","No","No declarada en HTML inicial; SEO client-side solo al renderizar","No declarada en HTML inicial; SEO client-side solo al renderizar","noindex, nofollow (NotFound.tsx al renderizar)","noindex, nofollow (NotFound.tsx al renderizar)","No observado","No observado","No","Pendiente de revisión/hosting","El informe exige validación externa o manual antes de cambiarla."
"https://bringasinsurance.com/g8i3c7nv","Problema cuyo origen está fuera del repositorio","200","200","No","No","No","No","No declarada en HTML inicial; SEO client-side solo al renderizar","No declarada en HTML inicial; SEO client-side solo al renderizar","noindex, nofollow (NotFound.tsx al renderizar)","noindex, nofollow (NotFound.tsx al renderizar)","No observado","No observado","No","Pendiente de revisión/hosting","El informe exige validación externa o manual antes de cambiarla."
"https://bringasinsurance.com/2025/07/30/best-tricks-for-free-gems-in-brawl-stars/","URL spam, hackeada o generada por error","200","200","No","No","No","No","No declarada en HTML inicial; SEO client-side solo al renderizar","No declarada en HTML inicial; SEO client-side solo al renderizar","noindex, nofollow (NotFound.tsx al renderizar)","noindex, nofollow (NotFound.tsx al renderizar)","No observado","No observado","No","Pendiente de revisión/hosting","El informe exige validación externa o manual antes de cambiarla."
"https://bringasinsurance.com/es/","Problema cuyo origen está fuera del repositorio","200","200","No","No","No","No","No declarada en HTML inicial; SEO client-side solo al renderizar","No declarada en HTML inicial; SEO client-side solo al renderizar","noindex, nofollow (NotFound.tsx al renderizar)","noindex, nofollow (NotFound.tsx al renderizar)","No observado","No observado","No","Pendiente de revisión/hosting","El informe exige validación externa o manual antes de cambiarla."
"https://bringasinsurance.com/seguro-para-casas-prefabricadas-en-seattle-washington/","Problema cuyo origen está fuera del repositorio","200","200","No","No","No","No","No declarada en HTML inicial; SEO client-side solo al renderizar","No declarada en HTML inicial; SEO client-side solo al renderizar","noindex, nofollow (NotFound.tsx al renderizar)","noindex, nofollow (NotFound.tsx al renderizar)","No observado","No observado","No","Pendiente de revisión/hosting","El informe exige validación externa o manual antes de cambiarla."
"https://bringasinsurance.com/2025/08/12/wazamba-casino-withdrawals-και-χρόνος-αναλήψεων-dbf379d0/","URL spam, hackeada o generada por error","200","200","No","No","No","No","No declarada en HTML inicial; SEO client-side solo al renderizar","No declarada en HTML inicial; SEO client-side solo al renderizar","noindex, nofollow (NotFound.tsx al renderizar)","noindex, nofollow (NotFound.tsx al renderizar)","No observado","No observado","No","Pendiente de revisión/hosting","El informe exige validación externa o manual antes de cambiarla."
"https://bringasinsurance.com/2025/07/30/szhigm-board-kings-cheats-free-gems-generator-2024-no-verification-new-method/feed/","URL spam, hackeada o generada por error","200","200","No","No","No","No","No declarada en HTML inicial; SEO client-side solo al renderizar","No declarada en HTML inicial; SEO client-side solo al renderizar","noindex, nofollow (NotFound.tsx al renderizar)","noindex, nofollow (NotFound.tsx al renderizar)","No observado","No observado","No","Pendiente de revisión/hosting","El informe exige validación externa o manual antes de cambiarla."
"https://bringasinsurance.com/2025/08/08/inicia-sesion-en-1win-casino-juega-al-casino-en-linea-en-espanol-para-argentina/feed/","URL spam, hackeada o generada por error","200","200","No","No","No","No","No declarada en HTML inicial; SEO client-side solo al renderizar","No declarada en HTML inicial; SEO client-side solo al renderizar","noindex, nofollow (NotFound.tsx al renderizar)","noindex, nofollow (NotFound.tsx al renderizar)","No observado","No observado","No","Pendiente de revisión/hosting","El informe exige validación externa o manual antes de cambiarla."
"https://bringasinsurance.com/2025/07/30/best-win-bonus-coins-in-events-how-to-lvzlbcs/feed/","URL spam, hackeada o generada por error","200","200","No","No","No","No","No declarada en HTML inicial; SEO client-side solo al renderizar","No declarada en HTML inicial; SEO client-side solo al renderizar","noindex, nofollow (NotFound.tsx al renderizar)","noindex, nofollow (NotFound.tsx al renderizar)","No observado","No observado","No","Pendiente de revisión/hosting","El informe exige validación externa o manual antes de cambiarla."
"https://bringasinsurance.com/category/lightning-link-casino-free-coins/","URL spam, hackeada o generada por error","200","200","No","No","No","No","No declarada en HTML inicial; SEO client-side solo al renderizar","No declarada en HTML inicial; SEO client-side solo al renderizar","noindex, nofollow (NotFound.tsx al renderizar)","noindex, nofollow (NotFound.tsx al renderizar)","No observado","No observado","No","Pendiente de revisión/hosting","El informe exige validación externa o manual antes de cambiarla."
"https://bringasinsurance.com/2025/07/30/v8pwr8l73/feed/","URL spam, hackeada o generada por error","200","200","No","No","No","No","No declarada en HTML inicial; SEO client-side solo al renderizar","No declarada en HTML inicial; SEO client-side solo al renderizar","noindex, nofollow (NotFound.tsx al renderizar)","noindex, nofollow (NotFound.tsx al renderizar)","No observado","No observado","No","Pendiente de revisión/hosting","El informe exige validación externa o manual antes de cambiarla."
"https://bringasinsurance.com/2025/07/30/9mbbbbqh/feed/","URL spam, hackeada o generada por error","200","200","No","No","No","No","No declarada en HTML inicial; SEO client-side solo al renderizar","No declarada en HTML inicial; SEO client-side solo al renderizar","noindex, nofollow (NotFound.tsx al renderizar)","noindex, nofollow (NotFound.tsx al renderizar)","No observado","No observado","No","Pendiente de revisión/hosting","El informe exige validación externa o manual antes de cambiarla."
"https://bringasinsurance.com/2025/08/10/🏆-🚀-how-to-get-free-coins-in-lightning-link-casino-2025-easy-no-scam-💎-qlqztw/feed/","URL spam, hackeada o generada por error","200","200","No","No","No","No","No declarada en HTML inicial; SEO client-side solo al renderizar","No declarada en HTML inicial; SEO client-side solo al renderizar","noindex, nofollow (NotFound.tsx al renderizar)","noindex, nofollow (NotFound.tsx al renderizar)","No observado","No observado","No","Pendiente de revisión/hosting","El informe exige validación externa o manual antes de cambiarla."
"https://bringasinsurance.com/2025/08/08/🏆-🚀-how-to-get-free-coins-in-lightning-link-casino-2025-easy-no-scam-💎-aauhre/feed/","URL spam, hackeada o generada por error","200","200","No","No","No","No","No declarada en HTML inicial; SEO client-side solo al renderizar","No declarada en HTML inicial; SEO client-side solo al renderizar","noindex, nofollow (NotFound.tsx al renderizar)","noindex, nofollow (NotFound.tsx al renderizar)","No observado","No observado","No","Pendiente de revisión/hosting","El informe exige validación externa o manual antes de cambiarla."
"https://bringasinsurance.com/2025/07/30/epic-claim-double-down-casino-chips-no-verification-fz3ipjx/feed/","URL spam, hackeada o generada por error","200","200","No","No","No","No","No declarada en HTML inicial; SEO client-side solo al renderizar","No declarada en HTML inicial; SEO client-side solo al renderizar","noindex, nofollow (NotFound.tsx al renderizar)","noindex, nofollow (NotFound.tsx al renderizar)","No observado","No observado","No","Pendiente de revisión/hosting","El informe exige validación externa o manual antes de cambiarla."
"https://bringasinsurance.com/2025/08/10/vcga9mghh/feed/","URL spam, hackeada o generada por error","200","200","No","No","No","No","No declarada en HTML inicial; SEO client-side solo al renderizar","No declarada en HTML inicial; SEO client-side solo al renderizar","noindex, nofollow (NotFound.tsx al renderizar)","noindex, nofollow (NotFound.tsx al renderizar)","No observado","No observado","No","Pendiente de revisión/hosting","El informe exige validación externa o manual antes de cambiarla."
"https://bringasinsurance.com/category/uncategorized/","URL spam, hackeada o generada por error","200","200","No","No","No","No","No declarada en HTML inicial; SEO client-side solo al renderizar","No declarada en HTML inicial; SEO client-side solo al renderizar","noindex, nofollow (NotFound.tsx al renderizar)","noindex, nofollow (NotFound.tsx al renderizar)","No observado","No observado","No","Pendiente de revisión/hosting","El informe exige validación externa o manual antes de cambiarla."
"https://bringasinsurance.com/2025/07/30/experience-avia-masters-slot-play-win-big-in-english-online-casino-for-new-zealand-players/feed/","URL spam, hackeada o generada por error","200","200","No","No","No","No","No declarada en HTML inicial; SEO client-side solo al renderizar","No declarada en HTML inicial; SEO client-side solo al renderizar","noindex, nofollow (NotFound.tsx al renderizar)","noindex, nofollow (NotFound.tsx al renderizar)","No observado","No observado","No","Pendiente de revisión/hosting","El informe exige validación externa o manual antes de cambiarla."
"https://bringasinsurance.com/2025/07/30/🎯-how-to-get-free-amazon-gift-cards-easily-no-scam-just-rewards-x7bxt7/feed/","URL spam, hackeada o generada por error","200","200","No","No","No","No","No declarada en HTML inicial; SEO client-side solo al renderizar","No declarada en HTML inicial; SEO client-side solo al renderizar","noindex, nofollow (NotFound.tsx al renderizar)","noindex, nofollow (NotFound.tsx al renderizar)","No observado","No observado","No","Pendiente de revisión/hosting","El informe exige validación externa o manual antes de cambiarla."
"https://bringasinsurance.com/2025/07/30/8-ways-to-get-free-dice-dream-rolls-links-2025-ultimate-method-j64vsb/feed/","URL spam, hackeada o generada por error","200","200","No","No","No","No","No declarada en HTML inicial; SEO client-side solo al renderizar","No declarada en HTML inicial; SEO client-side solo al renderizar","noindex, nofollow (NotFound.tsx al renderizar)","noindex, nofollow (NotFound.tsx al renderizar)","No observado","No observado","No","Pendiente de revisión/hosting","El informe exige validación externa o manual antes de cambiarla."
"https://bringasinsurance.com/2025/07/30/xwxd0fo8/feed/","URL spam, hackeada o generada por error","200","200","No","No","No","No","No declarada en HTML inicial; SEO client-side solo al renderizar","No declarada en HTML inicial; SEO client-side solo al renderizar","noindex, nofollow (NotFound.tsx al renderizar)","noindex, nofollow (NotFound.tsx al renderizar)","No observado","No observado","No","Pendiente de revisión/hosting","El informe exige validación externa o manual antes de cambiarla."
"https://bringasinsurance.com/2025/07/30/1uk3h46o/feed/","URL spam, hackeada o generada por error","200","200","No","No","No","No","No declarada en HTML inicial; SEO client-side solo al renderizar","No declarada en HTML inicial; SEO client-side solo al renderizar","noindex, nofollow (NotFound.tsx al renderizar)","noindex, nofollow (NotFound.tsx al renderizar)","No observado","No observado","No","Pendiente de revisión/hosting","El informe exige validación externa o manual antes de cambiarla."
"https://bringasinsurance.com/2025/07/30/new-steps-to-get-free-cash-frenzy-coins-legally-3eh9f8k/feed/","URL spam, hackeada o generada por error","200","200","No","No","No","No","No declarada en HTML inicial; SEO client-side solo al renderizar","No declarada en HTML inicial; SEO client-side solo al renderizar","noindex, nofollow (NotFound.tsx al renderizar)","noindex, nofollow (NotFound.tsx al renderizar)","No observado","No observado","No","Pendiente de revisión/hosting","El informe exige validación externa o manual antes de cambiarla."
"https://bringasinsurance.com/2025/07/30/jfszderkj/feed/","URL spam, hackeada o generada por error","200","200","No","No","No","No","No declarada en HTML inicial; SEO client-side solo al renderizar","No declarada en HTML inicial; SEO client-side solo al renderizar","noindex, nofollow (NotFound.tsx al renderizar)","noindex, nofollow (NotFound.tsx al renderizar)","No observado","No observado","No","Pendiente de revisión/hosting","El informe exige validación externa o manual antes de cambiarla."
"https://bringasinsurance.com/2025/07/30/crush-it-with-free-brawl-stars-crystals/feed/","URL spam, hackeada o generada por error","200","200","No","No","No","No","No declarada en HTML inicial; SEO client-side solo al renderizar","No declarada en HTML inicial; SEO client-side solo al renderizar","noindex, nofollow (NotFound.tsx al renderizar)","noindex, nofollow (NotFound.tsx al renderizar)","No observado","No observado","No","Pendiente de revisión/hosting","El informe exige validación externa o manual antes de cambiarla."
"https://bringasinsurance.com/2025/07/30/epic-how-to-play-cash-frenzy-on-pc-guide-kzqiq4t/feed/","URL spam, hackeada o generada por error","200","200","No","No","No","No","No declarada en HTML inicial; SEO client-side solo al renderizar","No declarada en HTML inicial; SEO client-side solo al renderizar","noindex, nofollow (NotFound.tsx al renderizar)","noindex, nofollow (NotFound.tsx al renderizar)","No observado","No observado","No","Pendiente de revisión/hosting","El informe exige validación externa o manual antes de cambiarla."
"https://bringasinsurance.com/category/uncategorized/page/27/","URL spam, hackeada o generada por error","200","200","No","No","No","No","No declarada en HTML inicial; SEO client-side solo al renderizar","No declarada en HTML inicial; SEO client-side solo al renderizar","noindex, nofollow (NotFound.tsx al renderizar)","noindex, nofollow (NotFound.tsx al renderizar)","No observado","No observado","No","Pendiente de revisión/hosting","El informe exige validación externa o manual antes de cambiarla."
"https://bringasinsurance.com/category/uncategorized/page/19/","URL spam, hackeada o generada por error","200","200","No","No","No","No","No declarada en HTML inicial; SEO client-side solo al renderizar","No declarada en HTML inicial; SEO client-side solo al renderizar","noindex, nofollow (NotFound.tsx al renderizar)","noindex, nofollow (NotFound.tsx al renderizar)","No observado","No observado","No","Pendiente de revisión/hosting","El informe exige validación externa o manual antes de cambiarla."
"https://bringasinsurance.com/category/uncategorized/page/3/","URL spam, hackeada o generada por error","200","200","No","No","No","No","No declarada en HTML inicial; SEO client-side solo al renderizar","No declarada en HTML inicial; SEO client-side solo al renderizar","noindex, nofollow (NotFound.tsx al renderizar)","noindex, nofollow (NotFound.tsx al renderizar)","No observado","No observado","No","Pendiente de revisión/hosting","El informe exige validación externa o manual antes de cambiarla."
"https://bringasinsurance.com/?tid=EPD86ss00Q0J9dndxqr3gD_wZWINOybdBeO","Página válida que debe indexarse","200","200","No","No","Sí","Sí","https://bringasinsurance.com/","https://bringasinsurance.com/","No observado en HTML inicial; sin noindex en SEO.tsx","No observado en HTML inicial; sin noindex en SEO.tsx","No observado","No observado","No","Pendiente de revisión/hosting","El informe exige validación externa o manual antes de cambiarla."
"https://bringasinsurance.com/?tid=EPD86ss00Q0J9dndxqr3gD_VtPvvM6aDqBr","Página válida que debe indexarse","200","200","No","No","Sí","Sí","https://bringasinsurance.com/","https://bringasinsurance.com/","No observado en HTML inicial; sin noindex en SEO.tsx","No observado en HTML inicial; sin noindex en SEO.tsx","No observado","No observado","No","Pendiente de revisión/hosting","El informe exige validación externa o manual antes de cambiarla."
"https://bringasinsurance.com/?v=0096738646fe59e","Página válida que debe indexarse","200","200","No","No","Sí","Sí","https://bringasinsurance.com/","https://bringasinsurance.com/","No observado en HTML inicial; sin noindex en SEO.tsx","No observado en HTML inicial; sin noindex en SEO.tsx","No observado","No observado","No","Pendiente de revisión/hosting","El informe exige validación externa o manual antes de cambiarla."
"https://bringasinsurance.com/?v=012170266474fb99","Página válida que debe indexarse","200","200","No","No","Sí","Sí","https://bringasinsurance.com/","https://bringasinsurance.com/","No observado en HTML inicial; sin noindex en SEO.tsx","No observado en HTML inicial; sin noindex en SEO.tsx","No observado","No observado","No","Pendiente de revisión/hosting","El informe exige validación externa o manual antes de cambiarla."
"https://bringasinsurance.com/?v=811925920df7724","Página válida que debe indexarse","200","200","No","No","Sí","Sí","https://bringasinsurance.com/","https://bringasinsurance.com/","No observado en HTML inicial; sin noindex en SEO.tsx","No observado en HTML inicial; sin noindex en SEO.tsx","No observado","No observado","No","Pendiente de revisión/hosting","El informe exige validación externa o manual antes de cambiarla."
"https://bringasinsurance.com/?v=10618775608d8855","Página válida que debe indexarse","200","200","No","No","Sí","Sí","https://bringasinsurance.com/","https://bringasinsurance.com/","No observado en HTML inicial; sin noindex en SEO.tsx","No observado en HTML inicial; sin noindex en SEO.tsx","No observado","No observado","No","Pendiente de revisión/hosting","El informe exige validación externa o manual antes de cambiarla."
"https://bringasinsurance.com/?v=223725304a3bcfe","Página válida que debe indexarse","200","200","No","No","Sí","Sí","https://bringasinsurance.com/","https://bringasinsurance.com/","No observado en HTML inicial; sin noindex en SEO.tsx","No observado en HTML inicial; sin noindex en SEO.tsx","No observado","No observado","No","Pendiente de revisión/hosting","El informe exige validación externa o manual antes de cambiarla."
"https://bringasinsurance.com/?v=8751851840484028","Página válida que debe indexarse","200","200","No","No","Sí","Sí","https://bringasinsurance.com/","https://bringasinsurance.com/","No observado en HTML inicial; sin noindex en SEO.tsx","No observado en HTML inicial; sin noindex en SEO.tsx","No observado","No observado","No","Pendiente de revisión/hosting","El informe exige validación externa o manual antes de cambiarla."
"https://bringasinsurance.com/?v=340658432d0e460","Página válida que debe indexarse","200","200","No","No","Sí","Sí","https://bringasinsurance.com/","https://bringasinsurance.com/","No observado en HTML inicial; sin noindex en SEO.tsx","No observado en HTML inicial; sin noindex en SEO.tsx","No observado","No observado","No","Pendiente de revisión/hosting","El informe exige validación externa o manual antes de cambiarla."
"https://bringasinsurance.com/?v=1733008d5444b","Página válida que debe indexarse","200","200","No","No","Sí","Sí","https://bringasinsurance.com/","https://bringasinsurance.com/","No observado en HTML inicial; sin noindex en SEO.tsx","No observado en HTML inicial; sin noindex en SEO.tsx","No observado","No observado","No","Pendiente de revisión/hosting","El informe exige validación externa o manual antes de cambiarla."
"https://bringasinsurance.com/?v=6001527768e74779","Página válida que debe indexarse","200","200","No","No","Sí","Sí","https://bringasinsurance.com/","https://bringasinsurance.com/","No observado en HTML inicial; sin noindex en SEO.tsx","No observado en HTML inicial; sin noindex en SEO.tsx","No observado","No observado","No","Pendiente de revisión/hosting","El informe exige validación externa o manual antes de cambiarla."
"https://bringasinsurance.com/?v=7081240922c63830","Página válida que debe indexarse","200","200","No","No","Sí","Sí","https://bringasinsurance.com/","https://bringasinsurance.com/","No observado en HTML inicial; sin noindex en SEO.tsx","No observado en HTML inicial; sin noindex en SEO.tsx","No observado","No observado","No","Pendiente de revisión/hosting","El informe exige validación externa o manual antes de cambiarla."
"https://bringasinsurance.com/?v=4611799110cfd8fe","Página válida que debe indexarse","200","200","No","No","Sí","Sí","https://bringasinsurance.com/","https://bringasinsurance.com/","No observado en HTML inicial; sin noindex en SEO.tsx","No observado en HTML inicial; sin noindex en SEO.tsx","No observado","No observado","No","Pendiente de revisión/hosting","El informe exige validación externa o manual antes de cambiarla."
"https://bringasinsurance.com/?v=2071417974da35c2","Página válida que debe indexarse","200","200","No","No","Sí","Sí","https://bringasinsurance.com/","https://bringasinsurance.com/","No observado en HTML inicial; sin noindex en SEO.tsx","No observado en HTML inicial; sin noindex en SEO.tsx","No observado","No observado","No","Pendiente de revisión/hosting","El informe exige validación externa o manual antes de cambiarla."
"https://bringasinsurance.com/?v=0171614788c2ebf2","Página válida que debe indexarse","200","200","No","No","Sí","Sí","https://bringasinsurance.com/","https://bringasinsurance.com/","No observado en HTML inicial; sin noindex en SEO.tsx","No observado en HTML inicial; sin noindex en SEO.tsx","No observado","No observado","No","Pendiente de revisión/hosting","El informe exige validación externa o manual antes de cambiarla."
"https://bringasinsurance.com/?v=9091514253c607d3","Página válida que debe indexarse","200","200","No","No","Sí","Sí","https://bringasinsurance.com/","https://bringasinsurance.com/","No observado en HTML inicial; sin noindex en SEO.tsx","No observado en HTML inicial; sin noindex en SEO.tsx","No observado","No observado","No","Pendiente de revisión/hosting","El informe exige validación externa o manual antes de cambiarla."
"https://bringasinsurance.com/home-insurance/","Página válida que debe indexarse","200","200","No","No","Sí","Sí","https://bringasinsurance.com/home-insurance","https://bringasinsurance.com/home-insurance","No observado en HTML inicial; sin noindex en SEO.tsx","No observado en HTML inicial; sin noindex en SEO.tsx","No observado","No observado","No","Pendiente de revisión/hosting","El informe exige validación externa o manual antes de cambiarla."
"https://bringasinsurance.com/faq/","Caso que requiere revisión manual","200","200","No","No","No","No","No declarada en HTML inicial; SEO client-side solo al renderizar","No declarada en HTML inicial; SEO client-side solo al renderizar","noindex, nofollow (NotFound.tsx al renderizar)","noindex, nofollow (NotFound.tsx al renderizar)","No observado","No observado","No","Pendiente de revisión/hosting","El informe exige validación externa o manual antes de cambiarla."
"https://bringasinsurance.com/pagos/?lang=es","URL movida con reemplazo equivalente","200","200","No","No","No","No","https://bringasinsurance.com/pay-my-bill","https://bringasinsurance.com/pay-my-bill","noindex, nofollow (NotFound.tsx al renderizar)","noindex, nofollow (NotFound.tsx al renderizar)","No observado","No observado","No","Pendiente de revisión/hosting","El informe exige validación externa o manual antes de cambiarla."
"https://bringasinsurance.com/51492160825.htm","URL spam, hackeada o generada por error","404","404","No","No","No","No","No declarada en HTML inicial; SEO client-side solo al renderizar","No declarada en HTML inicial; SEO client-side solo al renderizar","noindex, nofollow (NotFound.tsx al renderizar)","noindex, nofollow (NotFound.tsx al renderizar)","No observado","No observado","No","Preservado: 404 ya observado","La URL ya devuelve 404; no se añadió una regla no verificada."
"https://bringasinsurance.com/14479200808.htm","URL spam, hackeada o generada por error","404","404","No","No","No","No","No declarada en HTML inicial; SEO client-side solo al renderizar","No declarada en HTML inicial; SEO client-side solo al renderizar","noindex, nofollow (NotFound.tsx al renderizar)","noindex, nofollow (NotFound.tsx al renderizar)","No observado","No observado","No","Preservado: 404 ya observado","La URL ya devuelve 404; no se añadió una regla no verificada."
"https://bringasinsurance.com/51628132177.htm","URL spam, hackeada o generada por error","404","404","No","No","No","No","No declarada en HTML inicial; SEO client-side solo al renderizar","No declarada en HTML inicial; SEO client-side solo al renderizar","noindex, nofollow (NotFound.tsx al renderizar)","noindex, nofollow (NotFound.tsx al renderizar)","No observado","No observado","No","Preservado: 404 ya observado","La URL ya devuelve 404; no se añadió una regla no verificada."
"https://bringasinsurance.com/144793355.htm","URL spam, hackeada o generada por error","404","404","No","No","No","No","No declarada en HTML inicial; SEO client-side solo al renderizar","No declarada en HTML inicial; SEO client-side solo al renderizar","noindex, nofollow (NotFound.tsx al renderizar)","noindex, nofollow (NotFound.tsx al renderizar)","No observado","No observado","No","Preservado: 404 ya observado","La URL ya devuelve 404; no se añadió una regla no verificada."
"https://bringasinsurance.com/508095815.htm","URL spam, hackeada o generada por error","404","404","No","No","No","No","No declarada en HTML inicial; SEO client-side solo al renderizar","No declarada en HTML inicial; SEO client-side solo al renderizar","noindex, nofollow (NotFound.tsx al renderizar)","noindex, nofollow (NotFound.tsx al renderizar)","No observado","No observado","No","Preservado: 404 ya observado","La URL ya devuelve 404; no se añadió una regla no verificada."
"https://bringasinsurance.com/516281828.htm","URL spam, hackeada o generada por error","404","404","No","No","No","No","No declarada en HTML inicial; SEO client-side solo al renderizar","No declarada en HTML inicial; SEO client-side solo al renderizar","noindex, nofollow (NotFound.tsx al renderizar)","noindex, nofollow (NotFound.tsx al renderizar)","No observado","No observado","No","Preservado: 404 ya observado","La URL ya devuelve 404; no se añadió una regla no verificada."
"https://bringasinsurance.com/751824644.htm","URL spam, hackeada o generada por error","404","404","No","No","No","No","No declarada en HTML inicial; SEO client-side solo al renderizar","No declarada en HTML inicial; SEO client-side solo al renderizar","noindex, nofollow (NotFound.tsx al renderizar)","noindex, nofollow (NotFound.tsx al renderizar)","No observado","No observado","No","Preservado: 404 ya observado","La URL ya devuelve 404; no se añadió una regla no verificada."
"https://bringasinsurance.com/shopdetail/0002cbf2ffe2.html","URL spam, hackeada o generada por error","404","404","No","No","No","No","No declarada en HTML inicial; SEO client-side solo al renderizar","No declarada en HTML inicial; SEO client-side solo al renderizar","noindex, nofollow (NotFound.tsx al renderizar)","noindex, nofollow (NotFound.tsx al renderizar)","No observado","No observado","No","Preservado: 404 ya observado","La URL ya devuelve 404; no se añadió una regla no verificada."
"https://bringasinsurance.com/83352185062.htm","URL spam, hackeada o generada por error","404","404","No","No","No","No","No declarada en HTML inicial; SEO client-side solo al renderizar","No declarada en HTML inicial; SEO client-side solo al renderizar","noindex, nofollow (NotFound.tsx al renderizar)","noindex, nofollow (NotFound.tsx al renderizar)","No observado","No observado","No","Preservado: 404 ya observado","La URL ya devuelve 404; no se añadió una regla no verificada."
"https://bringasinsurance.com/shopdetail/0002ccda2233.html","URL spam, hackeada o generada por error","404","404","No","No","No","No","No declarada en HTML inicial; SEO client-side solo al renderizar","No declarada en HTML inicial; SEO client-side solo al renderizar","noindex, nofollow (NotFound.tsx al renderizar)","noindex, nofollow (NotFound.tsx al renderizar)","No observado","No observado","No","Preservado: 404 ya observado","La URL ya devuelve 404; no se añadió una regla no verificada."
"https://bringasinsurance.com/privacy/","Caso que requiere revisión manual","200","200","No","No","No","No","No declarada en HTML inicial; SEO client-side solo al renderizar","No declarada en HTML inicial; SEO client-side solo al renderizar","noindex, nofollow (NotFound.tsx al renderizar)","noindex, nofollow (NotFound.tsx al renderizar)","No observado","No observado","No","Pendiente de revisión/hosting","El informe exige validación externa o manual antes de cambiarla."
"https://bringasinsurance.com/shopdetail/0002caf8b4a6.html","URL spam, hackeada o generada por error","404","404","No","No","No","No","No declarada en HTML inicial; SEO client-side solo al renderizar","No declarada en HTML inicial; SEO client-side solo al renderizar","noindex, nofollow (NotFound.tsx al renderizar)","noindex, nofollow (NotFound.tsx al renderizar)","No observado","No observado","No","Preservado: 404 ya observado","La URL ya devuelve 404; no se añadió una regla no verificada."
"https://bringasinsurance.com/shopdetail/0002cc0cc28b.html","URL spam, hackeada o generada por error","404","404","No","No","No","No","No declarada en HTML inicial; SEO client-side solo al renderizar","No declarada en HTML inicial; SEO client-side solo al renderizar","noindex, nofollow (NotFound.tsx al renderizar)","noindex, nofollow (NotFound.tsx al renderizar)","No observado","No observado","No","Preservado: 404 ya observado","La URL ya devuelve 404; no se añadió una regla no verificada."
"https://bringasinsurance.com/shopdetail/0002cc54cec2.html","URL spam, hackeada o generada por error","404","404","No","No","No","No","No declarada en HTML inicial; SEO client-side solo al renderizar","No declarada en HTML inicial; SEO client-side solo al renderizar","noindex, nofollow (NotFound.tsx al renderizar)","noindex, nofollow (NotFound.tsx al renderizar)","No observado","No observado","No","Preservado: 404 ya observado","La URL ya devuelve 404; no se añadió una regla no verificada."
"https://bringasinsurance.com/shop/cart/cart.aspx","URL spam, hackeada o generada por error","404","404","No","No","No","No","No declarada en HTML inicial; SEO client-side solo al renderizar","No declarada en HTML inicial; SEO client-side solo al renderizar","noindex, nofollow (NotFound.tsx al renderizar)","noindex, nofollow (NotFound.tsx al renderizar)","No observado","No observado","No","Preservado: 404 ya observado","La URL ya devuelve 404; no se añadió una regla no verificada."
"https://bringasinsurance.com/shopdetail/0002cb385ae9.html","URL spam, hackeada o generada por error","404","404","No","No","No","No","No declarada en HTML inicial; SEO client-side solo al renderizar","No declarada en HTML inicial; SEO client-side solo al renderizar","noindex, nofollow (NotFound.tsx al renderizar)","noindex, nofollow (NotFound.tsx al renderizar)","No observado","No observado","No","Preservado: 404 ya observado","La URL ya devuelve 404; no se añadió una regla no verificada."
"https://bringasinsurance.com/seguros-de-vida-en-seattle-washington/","URL movida con reemplazo equivalente","200","200","No","No","No","No","https://bringasinsurance.com/life-insurance","https://bringasinsurance.com/life-insurance","noindex, nofollow (NotFound.tsx al renderizar)","noindex, nofollow (NotFound.tsx al renderizar)","No observado","No observado","No","Pendiente de revisión/hosting","El informe exige validación externa o manual antes de cambiarla."
"https://bringasinsurance.com/agentes-de-seguros-en-seattle-washington/","URL movida con reemplazo equivalente","200","200","No","No","No","No","https://bringasinsurance.com/about","https://bringasinsurance.com/about","noindex, nofollow (NotFound.tsx al renderizar)","noindex, nofollow (NotFound.tsx al renderizar)","No observado","No observado","No","Pendiente de revisión/hosting","El informe exige validación externa o manual antes de cambiarla."
"https://bringasinsurance.com/2025/07/30/8-ways-to-get-free-dice-dream-rolls-links-2025-ultimate-method-6rifd1/","URL spam, hackeada o generada por error","200","200","No","No","No","No","No declarada en HTML inicial; SEO client-side solo al renderizar","No declarada en HTML inicial; SEO client-side solo al renderizar","noindex, nofollow (NotFound.tsx al renderizar)","noindex, nofollow (NotFound.tsx al renderizar)","No observado","No observado","No","Pendiente de revisión/hosting","El informe exige validación externa o manual antes de cambiarla."
"https://bringasinsurance.com/2025/07/30/win-best-strategies-to-get-coins-in-2025-qk1vqij/","URL spam, hackeada o generada por error","200","200","No","No","No","No","No declarada en HTML inicial; SEO client-side solo al renderizar","No declarada en HTML inicial; SEO client-side solo al renderizar","noindex, nofollow (NotFound.tsx al renderizar)","noindex, nofollow (NotFound.tsx al renderizar)","No observado","No observado","No","Pendiente de revisión/hosting","El informe exige validación externa o manual antes de cambiarla."
"https://bringasinsurance.com/restaurant-insurance-in-seattle-washington/","URL movida con reemplazo equivalente","200","200","No","No","No","No","https://bringasinsurance.com/restaurant-insurance","https://bringasinsurance.com/restaurant-insurance","noindex, nofollow (NotFound.tsx al renderizar)","noindex, nofollow (NotFound.tsx al renderizar)","No observado","No observado","No","Pendiente de revisión/hosting","El informe exige validación externa o manual antes de cambiarla."
"https://bringasinsurance.com/2025/08/10/prime-bkluvn-bingo-bash-cheats-boost-your-winnings-with-869tip0/","URL spam, hackeada o generada por error","200","200","No","No","No","No","No declarada en HTML inicial; SEO client-side solo al renderizar","No declarada en HTML inicial; SEO client-side solo al renderizar","noindex, nofollow (NotFound.tsx al renderizar)","noindex, nofollow (NotFound.tsx al renderizar)","No observado","No observado","No","Pendiente de revisión/hosting","El informe exige validación externa o manual antes de cambiarla."
"https://bringasinsurance.com/renters-insurance-in-seattle-washington/","URL movida con reemplazo equivalente","200","200","No","No","No","No","https://bringasinsurance.com/renters-insurance","https://bringasinsurance.com/renters-insurance","noindex, nofollow (NotFound.tsx al renderizar)","noindex, nofollow (NotFound.tsx al renderizar)","No observado","No observado","No","Pendiente de revisión/hosting","El informe exige validación externa o manual antes de cambiarla."
"https://bringasinsurance.com/2025/07/30/6lq72700/","URL spam, hackeada o generada por error","200","200","No","No","No","No","No declarada en HTML inicial; SEO client-side solo al renderizar","No declarada en HTML inicial; SEO client-side solo al renderizar","noindex, nofollow (NotFound.tsx al renderizar)","noindex, nofollow (NotFound.tsx al renderizar)","No observado","No observado","No","Pendiente de revisión/hosting","El informe exige validación externa o manual antes de cambiarla."
"https://bringasinsurance.com/general-insurance-in-seattle-washington/","URL movida con reemplazo equivalente","200","200","No","No","No","No","https://bringasinsurance.com/general-liability","https://bringasinsurance.com/general-liability","noindex, nofollow (NotFound.tsx al renderizar)","noindex, nofollow (NotFound.tsx al renderizar)","No observado","No observado","No","Pendiente de revisión/hosting","El informe exige validación externa o manual antes de cambiarla."
"https://bringasinsurance.com/2025/08/07/vvipmega-joqzvn-unlock-unlimited-resources-with-the-best-co-ffhfhl7/","URL spam, hackeada o generada por error","200","200","No","No","No","No","No declarada en HTML inicial; SEO client-side solo al renderizar","No declarada en HTML inicial; SEO client-side solo al renderizar","noindex, nofollow (NotFound.tsx al renderizar)","noindex, nofollow (NotFound.tsx al renderizar)","No observado","No observado","No","Pendiente de revisión/hosting","El informe exige validación externa o manual antes de cambiarla."
"https://bringasinsurance.com/recreational-vehicle-insurance-in-seattle-washington/","URL movida con reemplazo equivalente","200","200","No","No","No","No","https://bringasinsurance.com/rv-insurance","https://bringasinsurance.com/rv-insurance","noindex, nofollow (NotFound.tsx al renderizar)","noindex, nofollow (NotFound.tsx al renderizar)","No observado","No observado","No","Pendiente de revisión/hosting","El informe exige validación externa o manual antes de cambiarla."
"https://bringasinsurance.com/reward-wxvrce-8-ball-pool-free-coins-the-ultimate-guide-t-9osqrwe","URL spam, hackeada o generada por error","200","200","No","No","No","No","No declarada en HTML inicial; SEO client-side solo al renderizar","No declarada en HTML inicial; SEO client-side solo al renderizar","noindex, nofollow (NotFound.tsx al renderizar)","noindex, nofollow (NotFound.tsx al renderizar)","No observado","No observado","No","Pendiente de revisión/hosting","El informe exige validación externa o manual antes de cambiarla."
"https://bringasinsurance.com/2025/08/11/picture-your-mise-minimum-winamax-on-top-read-this-and-make-it-so/","URL spam, hackeada o generada por error","200","200","No","No","No","No","No declarada en HTML inicial; SEO client-side solo al renderizar","No declarada en HTML inicial; SEO client-side solo al renderizar","noindex, nofollow (NotFound.tsx al renderizar)","noindex, nofollow (NotFound.tsx al renderizar)","No observado","No observado","No","Pendiente de revisión/hosting","El informe exige validación externa o manual antes de cambiarla."
"https://bringasinsurance.com/2025/08/10/🏆-🚀-how-to-get-free-coins-in-lightning-link-casino-2025-easy-no-scam-💎-mhuqfo/","URL spam, hackeada o generada por error","200","200","No","No","No","No","No declarada en HTML inicial; SEO client-side solo al renderizar","No declarada en HTML inicial; SEO client-side solo al renderizar","noindex, nofollow (NotFound.tsx al renderizar)","noindex, nofollow (NotFound.tsx al renderizar)","No observado","No observado","No","Pendiente de revisión/hosting","El informe exige validación externa o manual antes de cambiarla."
"https://bringasinsurance.com/mega-esioqi-bingo-bash-cheats-boost-your-winnings-with-xfqn2cf","URL spam, hackeada o generada por error","200","200","No","No","No","No","No declarada en HTML inicial; SEO client-side solo al renderizar","No declarada en HTML inicial; SEO client-side solo al renderizar","noindex, nofollow (NotFound.tsx al renderizar)","noindex, nofollow (NotFound.tsx al renderizar)","No observado","No observado","No","Pendiente de revisión/hosting","El informe exige validación externa o manual antes de cambiarla."
"https://bringasinsurance.com/category/casinowazamba/","URL spam, hackeada o generada por error","200","200","No","No","No","No","No declarada en HTML inicial; SEO client-side solo al renderizar","No declarada en HTML inicial; SEO client-side solo al renderizar","noindex, nofollow (NotFound.tsx al renderizar)","noindex, nofollow (NotFound.tsx al renderizar)","No observado","No observado","No","Pendiente de revisión/hosting","El informe exige validación externa o manual antes de cambiarla."
"https://bringasinsurance.com/2025/08/10/🎯-🚀-how-to-get-free-coins-in-lightning-link-casino-2025-easy-no-scam-💎-naiaeo/","URL spam, hackeada o generada por error","200","200","No","No","No","No","No declarada en HTML inicial; SEO client-side solo al renderizar","No declarada en HTML inicial; SEO client-side solo al renderizar","noindex, nofollow (NotFound.tsx al renderizar)","noindex, nofollow (NotFound.tsx al renderizar)","No observado","No observado","No","Pendiente de revisión/hosting","El informe exige validación externa o manual antes de cambiarla."
"https://bringasinsurance.com/2025/08/04/experience-the-thrill-of-slots-charm-uk-play-toprated-casino-games-online-in-english-for-the-united-kingdom/feed/","URL spam, hackeada o generada por error","200","200","No","No","No","No","No declarada en HTML inicial; SEO client-side solo al renderizar","No declarada en HTML inicial; SEO client-side solo al renderizar","noindex, nofollow (NotFound.tsx al renderizar)","noindex, nofollow (NotFound.tsx al renderizar)","No observado","No observado","No","Pendiente de revisión/hosting","El informe exige validación externa o manual antes de cambiarla."
"https://bringasinsurance.com/2025/07/30/🎯-taonga-island-quest-snag-fast-free-loot-diamonds-this-2025-szn2q78d4-yd2jdk/feed/","URL spam, hackeada o generada por error","200","200","No","No","No","No","No declarada en HTML inicial; SEO client-side solo al renderizar","No declarada en HTML inicial; SEO client-side solo al renderizar","noindex, nofollow (NotFound.tsx al renderizar)","noindex, nofollow (NotFound.tsx al renderizar)","No observado","No observado","No","Pendiente de revisión/hosting","El informe exige validación externa o manual antes de cambiarla."
"https://bringasinsurance.com/2025/08/08/mega-esioqi-bingo-bash-cheats-boost-your-winnings-with-xfqn2cf/feed/","URL spam, hackeada o generada por error","200","200","No","No","No","No","No declarada en HTML inicial; SEO client-side solo al renderizar","No declarada en HTML inicial; SEO client-side solo al renderizar","noindex, nofollow (NotFound.tsx al renderizar)","noindex, nofollow (NotFound.tsx al renderizar)","No observado","No observado","No","Pendiente de revisión/hosting","El informe exige validación externa o manual antes de cambiarla."
"https://bringasinsurance.com/2025/08/08/top-how-many-robux-from-50-roblox-card-9v26vof/feed/","URL spam, hackeada o generada por error","200","200","No","No","No","No","No declarada en HTML inicial; SEO client-side solo al renderizar","No declarada en HTML inicial; SEO client-side solo al renderizar","noindex, nofollow (NotFound.tsx al renderizar)","noindex, nofollow (NotFound.tsx al renderizar)","No observado","No observado","No","Pendiente de revisión/hosting","El informe exige validación externa o manual antes de cambiarla."
"https://bringasinsurance.com/2025/07/30/🕹️-how-to-get-free-amazon-gift-cards-easily-no-scam-just-rewards-bxtrf5-2/feed/","URL spam, hackeada o generada por error","200","200","No","No","No","No","No declarada en HTML inicial; SEO client-side solo al renderizar","No declarada en HTML inicial; SEO client-side solo al renderizar","noindex, nofollow (NotFound.tsx al renderizar)","noindex, nofollow (NotFound.tsx al renderizar)","No observado","No observado","No","Pendiente de revisión/hosting","El informe exige validación externa o manual antes de cambiarla."
"https://bringasinsurance.com/2025/08/10/odn1s8rsz/feed/","URL spam, hackeada o generada por error","200","200","No","No","No","No","No declarada en HTML inicial; SEO client-side solo al renderizar","No declarada en HTML inicial; SEO client-side solo al renderizar","noindex, nofollow (NotFound.tsx al renderizar)","noindex, nofollow (NotFound.tsx al renderizar)","No observado","No observado","No","Pendiente de revisión/hosting","El informe exige validación externa o manual antes de cambiarla."
"https://bringasinsurance.com/2025/07/30/8-ways-to-get-free-dice-dream-rolls-links-2025-ultimate-method-el6xcu/feed/","URL spam, hackeada o generada por error","200","200","No","No","No","No","No declarada en HTML inicial; SEO client-side solo al renderizar","No declarada en HTML inicial; SEO client-side solo al renderizar","noindex, nofollow (NotFound.tsx al renderizar)","noindex, nofollow (NotFound.tsx al renderizar)","No observado","No observado","No","Pendiente de revisión/hosting","El informe exige validación externa o manual antes de cambiarla."
"https://bringasinsurance.com/vvipprime-znlkwi-unlock-unlimited-resources-with-the-best-co-xq0j6zu","URL spam, hackeada o generada por error","200","200","No","No","No","No","No declarada en HTML inicial; SEO client-side solo al renderizar","No declarada en HTML inicial; SEO client-side solo al renderizar","noindex, nofollow (NotFound.tsx al renderizar)","noindex, nofollow (NotFound.tsx al renderizar)","No observado","No observado","No","Pendiente de revisión/hosting","El informe exige validación externa o manual antes de cambiarla."
"https://bringasinsurance.com/new-bytjza-bingo-bash-cheats-boost-your-winnings-with-obur438","URL spam, hackeada o generada por error","200","200","No","No","No","No","No declarada en HTML inicial; SEO client-side solo al renderizar","No declarada en HTML inicial; SEO client-side solo al renderizar","noindex, nofollow (NotFound.tsx al renderizar)","noindex, nofollow (NotFound.tsx al renderizar)","No observado","No observado","No","Pendiente de revisión/hosting","El informe exige validación externa o manual antes de cambiarla."
"https://bringasinsurance.com/payments/","URL movida con reemplazo equivalente","200","200","No","No","No","No","https://bringasinsurance.com/pay-my-bill","https://bringasinsurance.com/pay-my-bill","noindex, nofollow (NotFound.tsx al renderizar)","noindex, nofollow (NotFound.tsx al renderizar)","No observado","No observado","No","Pendiente de revisión/hosting","El informe exige validación externa o manual antes de cambiarla."
"https://bringasinsurance.com/2025/08/10/wvhza2ckmr/feed/","URL spam, hackeada o generada por error","200","200","No","No","No","No","No declarada en HTML inicial; SEO client-side solo al renderizar","No declarada en HTML inicial; SEO client-side solo al renderizar","noindex, nofollow (NotFound.tsx al renderizar)","noindex, nofollow (NotFound.tsx al renderizar)","No observado","No observado","No","Pendiente de revisión/hosting","El informe exige validación externa o manual antes de cambiarla."
